<?xml version='1.0' encoding='utf-8'?>
<COLLADA xmlns="http://www.collada.org/2005/11/COLLADASchema" version="1.4.1">
  <asset>
    <created>2026-10-04T14:17:29.765039</created>
    <modified>2026-10-04T14:17:29.765045</modified>
    <up_axis>Z_UP</up_axis>
  </asset>
  <library_effects>
    <effect id="19464ba97561494eb982853f0128ecbd" name="19464ba97561494eb982853f0128ecbd">
      <profile_COMMON>
        <newparam sid="bottle-surface"><surface type="2D"><init_from>bottle-image</init_from></surface></newparam><newparam sid="bottle-sampler"><sampler2D><source>bottle-surface</source></sampler2D></newparam><technique sid="common">
          <phong>
            <emission>
              <color>0.0 0.0 0.0 1.0</color>
            </emission>
            <ambient>
              <color>0.5 0.5 0.5 1.0</color>
            </ambient>
            <diffuse><texture texture="bottle-sampler" texcoord="UVSET0" /></diffuse><specular>
              <color>0.0 0.0 0.0 1.0</color>
            </specular>
            <shininess>
              <float>0.0</float>
            </shininess>
            <reflective>
              <color>0.0 0.0 0.0 1.0</color>
            </reflective>
            <reflectivity>
              <float>0.0</float>
            </reflectivity>
            <transparent>
              <color>0.0 0.0 0.0 1.0</color>
            </transparent>
            <transparency>
              <float>1.0</float>
            </transparency>
          </phong>
        </technique>
        <extra>
          <technique profile="GOOGLEEARTH">
            <double_sided>0</double_sided>
          </technique>
        </extra>
      </profile_COMMON>
    </effect>
  </library_effects>
  <library_geometries>
    <geometry id="74464bf73e6b4664b8ebc58c6226531c" name="167d5b5871864ff1a9874e1a177096e1">
      <mesh>
        <source id="verts-array">
          <float_array count="7647" id="verts-array-array">0.04171615 0.006607171 0.002914397 0.04171615 0.006607145 0.1444328 0.04016896 0.01305167 0.002914397 0.04016897 0.01305164 0.1444328 0.03763268 0.01917479 0.002914397 0.03763269 0.01917476 0.1444329 0.03416976 0.02482576 0.002914397 0.03416977 0.02482573 0.1444328 0.02986547 0.02986544 0.002914397 0.02986548 0.02986542 0.1444328 0.02482579 0.03416974 0.002914397 0.0248258 0.03416971 0.1444329 0.01917482 0.03763266 0.002914397 0.01917483 0.03763264 0.1444329 0.0130517 0.04016894 0.002914397 0.01305171 0.04016891 0.1444328 0.006607204 0.04171613 0.002914397 0.006607212 0.0417161 0.1444329 1.74964e-08 0.04223612 0.002914397 2.566179e-08 0.0422361 0.1444329 0.03405876 0.02474508 0.1477155 0.03751043 0.01911247 0.1477155 0.04003847 0.01300924 0.1477155 0.04158062 0.006585681 0.1477155 0.04223612 -3.183088e-08 0.1444329 0.04223611 -6.041923e-09 0.002914397 0.04171612 -0.006607215 0.1444329 0.04171612 -0.006607189 0.002914397 0.04016894 -0.01305171 0.1444329 0.04016893 -0.01305168 0.002914397 0.03763266 -0.01917482 0.1444329 0.03763265 -0.0191748 0.002914397 0.03416975 -0.0248258 0.1444329 0.03416974 -0.02482577 0.002914397 0.02986545 -0.02986548 0.1444329 0.02986545 -0.02986545 0.002914397 0.02482578 -0.03416977 0.1444328 0.02482577 -0.03416974 0.002914397 0.01917481 -0.03763268 0.1444329 0.0191748 -0.03763266 0.002914397 0.01305169 -0.04016896 0.1444329 0.01305168 -0.04016894 0.002914397 0.006607196 -0.04171615 0.1444329 0.006607188 -0.04171613 0.002914397 1.181572e-08 -0.04223614 0.1444329 3.650329e-09 -0.04223612 0.002914397 -0.006607174 -0.04171615 0.1444328 -0.006607182 -0.04171613 0.002914397 -0.01305167 -0.04016896 0.1444328 -0.01305167 -0.04016894 0.002914397 -0.01917478 -0.03763268 0.1444328 -0.01917479 -0.03763266 0.002914397 -0.02482576 -0.03416976 0.1444329 -0.02482576 -0.03416974 0.002914397 -0.02986544 -0.02986547 0.1444329 -0.02986544 -0.02986544 0.002914397 -0.03416973 -0.02482579 0.1444329 -0.03416974 -0.02482577 0.002914397 -0.03763264 -0.01917482 0.1444329 -0.03763265 -0.0191748 0.002914397 -0.04016892 -0.0130517 0.1444329 -0.04016893 -0.01305168 0.002914397 -0.04171611 -0.00660721 0.1444328 -0.04171612 -0.006607184 0.002914397 -0.0422361 -2.490784e-08 0.1444329 -0.04223611 8.811138e-10 0.002914397 -0.04171611 0.006607161 0.1444329 -0.04171612 0.006607186 0.002914397 -0.04016892 0.01305166 0.1444328 -0.04016893 0.01305168 0.002914397 -0.03763264 0.01917477 0.1444328 -0.03763265 0.0191748 0.002914397 -0.03416972 0.02482575 0.1444328 -0.03416973 0.02482577 0.002914397 -0.02986543 0.02986543 0.1444328 -0.02986544 0.02986545 0.002914397 -0.02482575 0.03416972 0.1444329 -0.02482576 0.03416974 0.002914397 -0.01917477 0.03763264 0.1444328 -0.01917478 0.03763266 0.002914397 -0.01305166 0.04016891 0.1444328 -0.01305166 0.04016894 0.002914397 -0.00660716 0.0417161 0.1444328 -0.006607168 0.04171613 0.002914397 2.566179e-08 0.0422361 0.1444329 1.74964e-08 0.04223612 0.002914397 -0.006585695 0.04158058 0.1477155 2.580911e-08 0.04209889 0.1477155 -0.006521446 0.04117492 0.1509753 2.625006e-08 0.04168818 0.1509754 -0.006414853 0.04050191 0.1541899 2.69816e-08 0.04100678 0.1541899 -0.006266656 0.03956622 0.157337 2.79987e-08 0.04005944 0.157337 -0.006077883 0.03837434 0.1603948 2.929425e-08 0.03885272 0.1603948 -0.005849854 0.03693461 0.163342 3.085924e-08 0.03739506 0.163342 -0.005584162 0.03525707 0.166158 3.268269e-08 0.03569664 0.1661581 -0.005282674 0.03335353 0.1688232 3.475184e-08 0.03376938 0.1688233 -0.004947509 0.03123736 0.1713187 3.705209e-08 0.03162686 0.1713188 -0.00977318 0.03007877 0.1713187 -0.01043526 0.03211646 0.1688232 -0.01103082 0.03394941 0.166158 -0.01155567 0.03556473 0.163342 -0.01200612 0.03695108 0.1603948 -0.01237902 0.03809876 0.157337 -0.01267177 0.03899975 0.1541899 -0.01288233 0.0396478 0.1509753 -0.01300925 0.04003842 0.1477155 -0.01435825 0.02817964 0.1713187 -0.01533094 0.03008866 0.1688232 -0.0162059 0.03180587 0.1661581 -0.01697697 0.03331919 0.163342 -0.01763875 0.034618 0.1603948 -0.01818659 0.0356932 0.157337 -0.01861667 0.0365373 0.1541899 -0.01892602 0.03714442 0.1509753 -0.01911248 0.03751038 0.1477155 -0.01858976 0.02558663 0.1713187 -0.01984911 0.02731998 0.1688232 -0.02098193 0.02887916 0.1661581 -0.02198024 0.03025322 0.163342 -0.02283704 0.0314325 0.1603948 -0.02354633 0.03240876 0.157337 -0.02410317 0.03317518 0.1541899 -0.02450368 0.03372644 0.1509754 -0.02474509 0.03405871 0.1477155 -0.02236342 0.02236354 0.1713187 -0.02387844 0.02387854 0.1688232 -0.02524124 0.02524132 0.166158 -0.02644223 0.02644228 0.163342 -0.02747297 0.02747301 0.1603948 -0.02832627 0.02832629 0.157337 -0.02899615 0.02899617 0.1541899 -0.02947798 0.02947798 0.1509753 -0.0297684 0.0297684 0.1477155 -0.0255865 0.01858974 0.1713186 -0.02731987 0.01984909 0.1688232 -0.02887908 0.02098191 0.166158 -0.03025316 0.02198023 0.163342 -0.03143246 0.02283703 0.1603948 -0.03240873 0.02354633 0.157337 -0.03317517 0.02410317 0.1541899 -0.03372643 0.02450368 0.1509753 -0.03405871 0.02474509 0.1477155 -0.02817964 0.01435828 0.1713187 -0.03008866 0.01533097 0.1688232 -0.03180587 0.01620592 0.1661581 -0.03331919 0.01697699 0.163342 -0.034618 0.01763875 0.1603948 -0.03569321 0.01818659 0.157337 -0.03653731 0.01861668 0.1541899 -0.03714443 0.01892602 0.1509753 -0.03751038 0.01911248 0.1477155 -0.03007882 0.009773215 0.1713187 -0.0321165 0.01043529 0.1688232 -0.03394944 0.01103085 0.166158 -0.03556476 0.01155569 0.163342 -0.0369511 0.01200613 0.1603948 -0.03809877 0.01237903 0.157337 -0.03899976 0.01267178 0.1541899 -0.03964781 0.01288234 0.1509753 -0.04003842 0.01300925 0.1477155 -0.03123741 0.00494749 0.1713187 -0.03335357 0.005282659 0.1688232 -0.03525711 0.005584151 0.1661581 -0.03693463 0.005849845 0.163342 -0.03837436 0.006077878 0.1603948 -0.03956623 0.006266652 0.157337 -0.04050192 0.006414851 0.1541899 -0.04117492 0.006521445 0.1509754 -0.04158058 0.006585695 0.1477155 -0.03162687 -8.231428e-09 0.1713188 -0.03376939 -1.159921e-08 0.1688233 -0.03569665 -1.462861e-08 0.1661581 -0.03739506 -1.729832e-08 0.163342 -0.03885273 -1.958959e-08 0.1603948 -0.04005945 -2.14864e-08 0.157337 -0.04100679 -2.297551e-08 0.1541899 -0.04168818 -2.404657e-08 0.1509754 -0.04209889 -2.469216e-08 0.1477155 -0.03123737 -0.004947538 0.1713187 -0.03335354 -0.005282706 0.1688232 -0.03525708 -0.005584199 0.166158 -0.03693461 -0.005849893 0.163342 -0.03837435 -0.006077926 0.1603948 -0.03956622 -0.006266701 0.157337 -0.04050192 -0.0064149 0.1541899 -0.04117492 -0.006521494 0.1509753 -0.04158058 -0.006585744 0.1477155 -0.03007886 -0.009773246 0.1713187 -0.03211653 -0.01043533 0.1688232 -0.03394947 -0.01103088 0.1661581 -0.03556478 -0.01155573 0.163342 -0.03695111 -0.01200618 0.1603948 -0.03809878 -0.01237907 0.157337 -0.03899977 -0.01267182 0.1541899 -0.03964781 -0.01288238 0.1509754 -0.04003842 -0.0130093 0.1477155 -0.02817978 -0.01435827 0.1713188 -0.03008878 -0.01533097 0.1688233 -0.03180597 -0.01620593 0.1661581 -0.03331926 -0.01697701 0.163342 -0.03461805 -0.01763879 0.1603948 -0.03569324 -0.01818663 0.157337 -0.03653732 -0.01861672 0.1541899 -0.03714444 -0.01892607 0.1509754 -0.03751039 -0.01911253 0.1477155 -0.02558673 -0.01858982 0.1713188 -0.02732006 -0.01984917 0.1688233 -0.02887923 -0.02098198 0.1661581 -0.03025327 -0.02198029 0.163342 -0.03143254 -0.02283709 0.1603948 -0.03240879 -0.02354638 0.157337 -0.0331752 -0.02410322 0.1541899 -0.03372645 -0.02450373 0.1509754 -0.03405872 -0.02474514 0.1477155 -0.02236359 -0.02236363 0.1713188 -0.02387858 -0.02387862 0.1688233 -0.02524135 -0.02524139 0.1661581 -0.02644231 -0.02644235 0.163342 -0.02747303 -0.02747307 0.1603948 -0.02832631 -0.02832635 0.157337 -0.02899618 -0.02899622 0.1541899 -0.02947799 -0.02947803 0.1509754 -0.02976841 -0.02976845 0.1477155 -0.01858978 -0.02558663 0.1713187 -0.01984913 -0.02731998 0.1688232 -0.02098194 -0.02887918 0.1661581 -0.02198025 -0.03025324 0.163342 -0.02283705 -0.03143253 0.1603948 -0.02354634 -0.03240879 0.157337 -0.02410318 -0.03317522 0.1541899 -0.02450369 -0.03372648 0.1509754 -0.0247451 -0.03405875 0.1477155 -0.01435824 -0.02817964 0.1713187 -0.01533094 -0.03008867 0.1688232 -0.0162059 -0.03180589 0.166158 -0.01697697 -0.03331922 0.163342 -0.01763875 -0.03461803 0.1603948 -0.01818659 -0.03569324 0.157337 -0.01861668 -0.03653734 0.1541899 -0.01892603 -0.03714447 0.1509753 -0.01911249 -0.03751042 0.1477155 -0.009773182 -0.03007887 0.1713187 -0.01043527 -0.03211655 0.1688232 -0.01103083 -0.0339495 0.166158 -0.01155568 -0.03556481 0.163342 -0.01200613 -0.03695114 0.1603948 -0.01237903 -0.03809881 0.157337 -0.01267178 -0.0389998 0.1541899 -0.01288235 -0.03964785 0.1509753 -0.01300926 -0.04003846 0.1477155 -0.004947476 -0.03123742 0.1713187 -0.00528265 -0.03335358 0.1688232 -0.005584146 -0.03525713 0.166158 -0.005849845 -0.03693466 0.163342 -0.006077882 -0.03837439 0.1603948 -0.006266659 -0.03956627 0.157337 -0.006414861 -0.04050196 0.1541899 -0.006521457 -0.04117497 0.1509753 -0.006585708 -0.04158063 0.1477155 5.96324e-09 -0.03162691 0.1713188 7.145141e-09 -0.03376943 0.1688233 8.20829e-09 -0.03569668 0.1661581 9.145205e-09 -0.0373951 0.163342 9.949313e-09 -0.03885277 0.1603948 1.061499e-08 -0.04005949 0.157337 1.113758e-08 -0.04100683 0.1541899 1.151346e-08 -0.04168821 0.1509754 1.174002e-08 -0.04209893 0.1477155 0.004947548 -0.03123753 0.1713188 0.005282712 -0.03335368 0.1688233 0.0055842 -0.0352572 0.1661581 0.005849891 -0.03693471 0.163342 0.00607792 -0.03837443 0.1603948 0.006266692 -0.03956629 0.157337 0.00641489 -0.04050198 0.1541899 0.006521482 -0.04117497 0.1509754 0.006585731 -0.04158063 0.1477155 0.009773217 -0.03007899 0.1713188 0.0104353 -0.03211665 0.1688233 0.01103086 -0.03394957 0.1661581 0.01155571 -0.03556486 0.163342 0.01200616 -0.03695119 0.1603948 0.01237906 -0.03809885 0.157337 0.01267181 -0.03899982 0.1541899 0.01288237 -0.03964786 0.1509754 0.01300929 -0.04003846 0.1477155 0.01435825 -0.02817974 0.1713187 0.01533094 -0.03008875 0.1688232 0.01620591 -0.03180595 0.1661581 0.01697699 -0.03331926 0.163342 0.01763876 -0.03461806 0.1603948 0.01818661 -0.03569326 0.157337 0.0186167 -0.03653735 0.1541899 0.01892605 -0.03714448 0.1509754 0.01911251 -0.03751043 0.1477155 0.01858979 -0.02558659 0.1713187 0.01984914 -0.02731995 0.1688232 0.02098195 -0.02887915 0.166158 0.02198027 -0.03025323 0.163342 0.02283707 -0.03143252 0.1603948 0.02354636 -0.03240879 0.157337 0.0241032 -0.03317522 0.1541899 0.02450371 -0.03372648 0.1509753 0.02474512 -0.03405876 0.1477155 0.0223636 -0.02236356 0.1713187 0.02387859 -0.02387856 0.1688232 0.02524136 -0.02524134 0.1661581 0.02644233 -0.02644232 0.163342 0.02747305 -0.02747305 0.1603948 0.02832633 -0.02832634 0.157337 0.0289962 -0.02899622 0.1541899 0.02947801 -0.02947803 0.1509754 0.02976843 -0.02976845 0.1477155 0.02558666 -0.01858984 0.1713187 0.02732 -0.01984918 0.1688232 0.02887919 -0.02098199 0.1661581 0.03025324 -0.0219803 0.163342 0.03143253 -0.0228371 0.1603948 0.03240879 -0.02354639 0.157337 0.03317521 -0.02410322 0.1541899 0.03372646 -0.02450373 0.1509754 0.03405874 -0.02474514 0.1477155 0.02817972 -0.01435826 0.1713187 0.03008873 -0.01533096 0.1688232 0.03180593 -0.01620593 0.1661581 0.03331924 -0.01697701 0.163342 0.03461804 -0.01763878 0.1603948 0.03569324 -0.01818663 0.157337 0.03653733 -0.01861672 0.1541899 0.03714445 -0.01892607 0.1509754 0.0375104 -0.01911253 0.1477155 0.03007888 -0.009773252 0.1713187 0.03211655 -0.01043533 0.1688232 0.0339495 -0.01103089 0.1661581 0.0355648 -0.01155573 0.163342 0.03695114 -0.01200618 0.1603948 0.0380988 -0.01237908 0.157337 0.03899978 -0.01267183 0.1541899 0.03964783 -0.01288239 0.1509754 0.04003844 -0.01300931 0.1477155 0.03123751 -0.004947581 0.1713188 0.03335365 -0.005282742 0.1688233 0.03525718 -0.005584228 0.1661581 0.03693468 -0.005849916 0.163342 0.0383744 -0.006077944 0.1603948 0.03956627 -0.006266714 0.157337 0.04050195 -0.00641491 0.1541899 0.04117495 -0.006521501 0.1509754 0.0415806 -0.00658575 0.1477155 0.03162705 -1.043267e-07 0.1713189 0.03376954 -8.968623e-08 0.1688233 0.03123724 0.00494762 0.1713186 0.03335344 0.005282758 0.1688231 0.03569677 -7.651679e-08 0.1661582 0.03525702 0.005584224 0.166158 0.03739516 -6.491101e-08 0.1633421 0.03693457 0.005849895 0.163342 0.03885281 -5.495036e-08 0.1603949 0.03837434 0.006077908 0.1603947 0.0400595 -4.670455e-08 0.1573371 0.03956623 0.006266666 0.157337 0.04100683 -4.023109e-08 0.15419 0.04050194 0.006414852 0.1541899 0.0416882 -3.557499e-08 0.1509754 0.04117496 0.006521437 0.1509753 0.04209891 -3.27685e-08 0.1477156 0.03211655 0.01043526 0.1688232 0.0339495 0.01103082 0.166158 0.03556481 0.01155566 0.163342 0.03695115 0.01200611 0.1603948 0.03809882 0.01237901 0.157337 0.03899981 0.01267176 0.1541899 0.03964785 0.01288232 0.1509753 0.03008871 0.01533098 0.1688232 0.02817968 0.0143583 0.1713187 0.03007887 0.009773174 0.1713187 0.03180592 0.01620593 0.1661581 0.03331924 0.01697699 0.163342 0.03461805 0.01763875 0.1603948 0.03569325 0.01818659 0.157337 0.03653735 0.01861667 0.1541899 0.03714448 0.01892601 0.1509754 0.02558659 0.01858974 0.1713187 0.02731995 0.01984909 0.1688232 0.02887916 0.02098191 0.166158 0.03025323 0.02198022 0.163342 0.03143252 0.02283702 0.1603948 0.03240879 0.02354632 0.157337 0.03317522 0.02410316 0.1541899 0.03372648 0.02450367 0.1509753 0.02236348 0.02236348 0.1713187 0.0238785 0.02387849 0.1688232 0.0252413 0.02524127 0.166158 0.02644228 0.02644225 0.163342 0.02747303 0.02747298 0.1603948 0.02832632 0.02832627 0.157337 0.02899621 0.02899615 0.1541899 0.02947803 0.02947797 0.1509753 0.02976845 0.02976839 0.1477155 0.01858982 0.02558658 0.1713187 0.01984917 0.02731993 0.1688232 0.02098198 0.02887913 0.1661581 0.02198029 0.03025319 0.163342 0.02283709 0.03143248 0.1603948 0.02354639 0.03240874 0.157337 0.02410322 0.03317517 0.1541899 0.02450373 0.03372643 0.1509754 0.02474515 0.0340587 0.1477155 0.01435829 0.02817973 0.1713187 0.01533098 0.03008873 0.1688232 0.01620595 0.03180592 0.1661581 0.01697702 0.03331923 0.163342 0.01763879 0.03461802 0.1603948 0.01818664 0.03569322 0.157337 0.01861673 0.03653731 0.1541899 0.01892607 0.03714443 0.1509754 0.01911253 0.03751037 0.1477155 0.009773234 0.03007877 0.1713187 0.01043532 0.03211646 0.1688232 0.01103088 0.03394941 0.166158 0.01155573 0.03556473 0.163342 0.01200617 0.03695108 0.1603948 0.01237907 0.03809876 0.157337 0.01267182 0.03899975 0.1541899 0.01288239 0.0396478 0.1509753 0.01300931 0.04003842 0.1477155 0.004947536 0.0312374 0.1713187 0.005282705 0.03335356 0.1688232 0.005584199 0.0352571 0.1661581 0.005849894 0.03693462 0.163342 0.006077928 0.03837436 0.1603948 0.006266703 0.03956623 0.157337 0.006414902 0.04050191 0.1541899 0.006521496 0.04117492 0.1509754 0.006585747 0.04158058 0.1477155 3.705209e-08 0.03162686 0.1713188 3.475184e-08 0.03376938 0.1688233 3.268269e-08 0.03569664 0.1661581 3.085924e-08 0.03739506 0.163342 2.929425e-08 0.03885272 0.1603948 2.79987e-08 0.04005944 0.157337 2.69816e-08 0.04100678 0.1541899 2.625006e-08 0.04168818 0.1509754 2.580911e-08 0.04209889 0.1477155 0.003619448 0.02285226 0.1804111 0.007149742 0.02200446 0.1804111 0.01050408 0.02061549 0.1804111 0.01359974 0.01871828 0.1804111 0.01636027 0.01636032 0.1804111 0.01871822 0.01359961 0.1804111 0.02061531 0.01050413 0.1804111 0.02200464 0.007149702 0.1804111 0.0228517 0.003619618 0.1804112 0.02313788 -1.623364e-07 0.1804111 0.02285252 -0.003619543 0.1804111 0.02200473 -0.007149803 0.1804111 0.0206154 -0.01050402 0.1804111 0.01871844 -0.0135998 0.1804111 0.0163606 -0.01636051 0.1804111 0.01359966 -0.01871821 0.1804111 0.010504 -0.02061542 0.1804111 0.007149785 -0.02200499 0.1804111 0.0036195 -0.02285256 0.1804111 1.280094e-09 -0.02313741 0.1804111 -0.003619363 -0.02285219 0.1804111 -0.007149697 -0.02200464 0.1804111 -0.01050397 -0.02061517 0.1804111 -0.0135997 -0.01871834 0.1804111 -0.01636031 -0.01636034 0.1804116 -0.01871826 -0.01359954 0.1804116 -0.02061563 -0.01050409 0.1804111 -0.02200471 -0.007149795 0.1804111 -0.02285215 -0.003619446 0.1804111 -0.02313737 5.113014e-09 0.1804111 -0.02285227 0.003619408 0.1804111 -0.02200459 0.007149769 0.1804111 -0.02061526 0.01050408 0.1804111 -0.01871805 0.01359957 0.1804111 -0.01636021 0.01636045 0.1804111 -0.0135997 0.01871841 0.1804111 -0.01050402 0.02061525 0.1804111 -0.007149686 0.02200446 0.1804111 -0.003619435 0.02285214 0.1804111 4.61666e-08 0.02313737 0.1804111 -0.00343895 0.02171259 0.1820066 4.740529e-08 0.02198362 0.1820066 -0.00332594 0.02099906 0.1838372 4.818089e-08 0.0212612 0.1838372 -0.003287475 0.0207562 0.1857888 4.844488e-08 0.02101532 0.1857888 4.844488e-08 0.02101532 0.2108226 -0.003287475 0.0207562 0.2108226 -0.006493932 0.01998625 0.1857888 -0.006493932 0.01998625 0.2108226 -0.009540632 0.01872448 0.1857888 -0.009540632 0.01872448 0.2108226 -0.01235238 0.01700163 0.1857888 -0.01235238 0.01700163 0.2108226 -0.01485967 0.01485993 0.1857888 -0.01485967 0.01485993 0.2108226 -0.01700125 0.01235225 0.1857888 -0.01700125 0.01235225 0.2108226 -0.01872448 0.009540697 0.1857888 -0.01872448 0.009540697 0.2108226 -0.01998638 0.006494021 0.1857888 -0.01998638 0.006494021 0.2108226 -0.02075634 0.003287443 0.1857888 -0.02075634 0.003287443 0.2108226 -0.02101532 8.448613e-09 0.1857888 -0.02101532 8.448613e-09 0.2108226 -0.02075621 -0.003287483 0.1857888 -0.02075621 -0.003287483 0.2108226 -0.01998651 -0.006494044 0.1857888 -0.01998651 -0.006494044 0.2108226 -0.01872487 -0.00954068 0.1857888 -0.01872487 -0.00954068 0.2108226 -0.01700151 -0.01235224 0.1857893 -0.01700151 -0.01235224 0.2108231 -0.01485981 -0.01485984 0.1857893 -0.01485981 -0.01485984 0.2108231 -0.01235239 -0.01700155 0.1857888 -0.01235239 -0.01700155 0.2108226 -0.009540575 -0.0187244 0.1857888 -0.009540575 -0.0187244 0.2108226 -0.00649394 -0.01998643 0.1857888 -0.00649394 -0.01998643 0.2108226 -0.003287394 -0.02075625 0.1857888 -0.003287394 -0.02075625 0.2108226 1.0949e-10 -0.02101536 0.1857888 1.0949e-10 -0.02101536 0.2108226 0.003287539 -0.02075664 0.1857888 0.003287539 -0.02075664 0.2108226 0.006494028 -0.01998681 0.1857888 0.006494028 -0.01998681 0.2108226 0.0095406 -0.01872466 0.1857888 0.0095406 -0.01872466 0.2108226 0.01235235 -0.01700142 0.1857888 0.01235235 -0.01700142 0.2108226 0.01486009 -0.01485998 0.1857888 0.01486009 -0.01485998 0.2108226 0.01700166 -0.01235249 0.1857888 0.01700166 -0.01235249 0.2108226 0.01872463 -0.009540616 0.1857888 0.01872463 -0.009540616 0.2108226 0.01998653 -0.006494052 0.1857888 0.01998653 -0.006494052 0.2108226 0.02075661 -0.003287587 0.1857888 0.02075661 -0.003287587 0.2108226 0.02101586 -1.76837e-07 0.1857888 0.02101586 -1.76837e-07 0.2108226 0.02075574 0.003287685 0.1857888 0.02075574 0.003287685 0.2108226 0.01998643 0.006493948 0.1857888 0.01998643 0.006493948 0.2108226 0.01872453 0.009540745 0.1857888 0.01872453 0.009540745 0.2108226 0.01700142 0.0123523 0.1857888 0.01700142 0.0123523 0.2108226 0.01485973 0.0148598 0.1857888 0.01485973 0.0148598 0.2108226 0.01235243 0.0170015 0.1857888 0.01235243 0.0170015 0.2108226 0.00954068 0.01872473 0.1857888 0.00954068 0.01872473 0.2108226 0.006493988 0.01998625 0.1857888 0.006493988 0.01998625 0.2108226 0.003287483 0.02075633 0.1857888 0.003287483 0.02075633 0.2108226 4.844488e-08 0.02101532 0.1857888 4.844488e-08 0.02101532 0.2108226 0.01894362 0.009652373 0.1838372 0.01720035 0.01249683 0.1838372 0.0195873 0.009980341 0.1820066 0.02090735 0.006793171 0.1820066 0.02171213 0.003439147 0.1820066 0.02022028 0.006569932 0.1838372 0.0209986 0.003326147 0.1838372 0.01778481 0.01292146 0.1820066 0.01554443 0.01554449 0.1820066 0.0150336 0.01503366 0.1838372 0.01292158 0.01778487 0.1820066 0.01249696 0.01720042 0.1838372 0.009980284 0.01958749 0.1820066 0.009652312 0.01894382 0.1838372 0.006793211 0.02090716 0.1820066 0.006569972 0.0202201 0.1838372 0.00343896 0.02171271 0.1820066 0.003325948 0.02099919 0.1838372 4.740529e-08 0.02198362 0.1820066 4.61666e-08 0.02313737 0.1804111 4.818089e-08 0.0212612 0.1838372 -0.006793156 0.02090717 0.1820066 -0.006569916 0.0202201 0.1838372 -0.009980232 0.01958724 0.1820066 -0.009652262 0.01894356 0.1838372 -0.01292154 0.01778501 0.1820066 -0.01249691 0.01720056 0.1838372 -0.01554438 0.01554462 0.1820066 -0.01503355 0.0150338 0.1838372 -0.01778463 0.01292141 0.1820066 -0.01720018 0.01249678 0.1838372 -0.01958725 0.009980295 0.1820066 -0.01894357 0.009652326 0.1838372 -0.0209073 0.006793241 0.1820066 -0.02022024 0.006570004 0.1838372 -0.02171272 0.00343892 0.1820066 -0.0209992 0.003325909 0.1838372 -0.02198362 6.926565e-09 0.1820066 -0.02126121 8.062111e-09 0.1838372 -0.0217126 -0.003438959 0.1820066 -0.02099907 -0.003325948 0.1838372 -0.02090742 -0.006793266 0.1820066 -0.02022036 -0.006570027 0.1838372 -0.01958763 -0.009980287 0.1820066 -0.01894396 -0.009652312 0.1838372 -0.01778487 -0.01292139 0.1820071 -0.01720044 -0.01249676 0.1838377 -0.01554449 -0.01554453 0.1820071 -0.01503368 -0.01503371 0.1838377 -0.01292155 -0.01778493 0.1820066 -0.01249692 -0.01720048 0.1838372 -0.009980178 -0.01958717 0.1820066 -0.009652206 -0.01894348 0.1838372 -0.006793165 -0.02090735 0.1820066 -0.006569923 -0.02022028 0.1838372 -0.003438874 -0.02171264 0.1820066 -0.00332586 -0.02099912 0.1838372 6.436415e-10 -0.02198366 0.1820066 2.451301e-10 -0.02126125 0.1838372 0.003439014 -0.02171302 0.1820066 0.003326004 -0.0209995 0.1838372 0.006793252 -0.02090772 0.1820066 0.006570012 -0.02022066 0.1838372 0.009980204 -0.01958743 0.1820066 0.009652231 -0.01894375 0.1838372 0.0129215 -0.0177848 0.1820066 0.01249688 -0.01720035 0.1838372 0.01554478 -0.01554468 0.1820066 0.01503395 -0.01503385 0.1838372 0.01778504 -0.01292165 0.1820066 0.01720059 -0.01249702 0.1838372 0.0195874 -0.00998022 0.1820066 0.01894372 -0.009652247 0.1838372 0.02090744 -0.006793274 0.1820066 0.02022039 -0.006570035 0.1838372 0.02171298 -0.00343906 0.1820066 0.02099947 -0.003326052 0.1838372 0.02198414 -1.702204e-07 0.1820066 0.02126174 -1.751568e-07 0.1838372 0.01199474 0.001899794 0.219466 8.055898e-09 -6.041923e-09 0.22 0.01154988 0.003752774 0.219466 0.01082062 0.005513368 0.219466 0.009824916 0.007138205 0.219466 0.008587296 0.008587275 0.219466 0.007138225 0.009824898 0.219466 0.005513387 0.0108206 0.219466 0.003752793 0.01154986 0.219466 0.001899792 0.01199473 0.219466 1.351172e-08 0.01214425 0.219466 -0.001899767 0.01199473 0.219466 -0.003752767 0.01154986 0.219466 -0.005513361 0.0108206 0.219466 -0.007138201 0.009824899 0.219466 -0.008587272 0.008587277 0.219466 -0.009824894 0.007138208 0.219466 -0.0108206 0.00551337 0.219466 0.01511818 0.004912184 0.2190465 0.01416362 0.00721671 0.2190465 0.01786602 0.005805009 0.2183859 0.01855416 0.002938688 0.2183859 0.01570049 0.002486718 0.2190465 0.01878543 2.876488e-09 0.2183859 0.01589618 9.123937e-09 0.2190465 0.01214425 1.590632e-08 0.219466 -0.01154986 0.003752775 0.219466 -0.01199472 0.001899781 0.219466 -0.01214424 -2.017913e-09 0.219466 -0.01199472 -0.001899785 0.219466 -0.01154986 -0.00375278 0.219466 -0.0108206 -0.005513374 0.219466 -0.009824895 -0.007138211 0.219466 -0.008587272 -0.00858728 0.219466 -0.0071382 -0.009824905 0.219466 -0.005513364 -0.01082061 0.219466 -0.003752773 -0.01154987 0.219466 -0.001899774 -0.01199473 0.219466 5.463699e-09 -0.01214425 0.219466 0.001899785 -0.01199473 0.219466 0.003752786 -0.01154987 0.219466 0.005513379 -0.01082061 0.219466 -0.01511816 0.004912188 0.2190465 -0.01570047 0.002486712 0.2190465 -0.017866 0.005805014 0.2183859 -0.01673793 0.008528405 0.2183859 -0.01416359 0.007216714 0.2190465 -0.01519772 0.0110418 0.2183859 -0.01286027 0.009343543 0.2190465 -0.01328329 0.0132833 0.2183859 -0.01124029 0.0112403 0.2190465 -0.01104179 0.01519773 0.2183859 -0.009343533 0.01286028 0.2190465 -0.008528394 0.01673794 0.2183859 -0.007216705 0.0141636 0.2190465 -0.005805004 0.017866 0.2183859 -0.004912179 0.01511817 0.2190465 -0.002938676 0.01855415 0.2183859 -0.002486699 0.01570047 0.2190465 1.325226e-08 0.01878543 0.2183859 1.350321e-08 0.01589618 0.2190465 0.002938702 0.01855415 0.2183859 0.002486724 0.01570047 0.2190465 0.005805031 0.017866 0.2183859 0.004912205 0.01511817 0.2190465 0.00852842 0.01673794 0.2183859 0.007216731 0.0141636 0.2190465 0.01104181 0.01519773 0.2183859 0.009343558 0.01286028 0.2190465 0.01328332 0.0132833 0.2183859 0.01124032 0.01124029 0.2190465 0.01519775 0.01104179 0.2183859 0.0128603 0.009343537 0.2190465 0.01673795 0.008528399 0.2183859 0.02037614 0.006620596 0.2173753 0.02116096 0.00335156 0.2173753 0.02142473 -1.854226e-09 0.2173753 0.02316238 -4.90173e-09 0.2163092 0.02287723 0.003623386 0.2163092 0.02408259 -5.863678e-09 0.2152903 0.02378611 0.003767337 0.2152903 0.02202875 0.007157561 0.2163092 0.02290392 0.007441921 0.2152903 0.01908959 0.009726614 0.2173753 0.02063785 0.01051549 0.2163092 0.02145776 0.01093326 0.2152903 0.01733298 0.01259313 0.2173753 0.01873878 0.0136145 0.2163092 0.01948325 0.01415539 0.2152903 0.01514959 0.01514956 0.2173753 0.01637829 0.01637827 0.2163092 0.01702898 0.01702896 0.2152903 0.01259315 0.01733296 0.2173753 0.01361452 0.01873875 0.2163092 0.01415541 0.01948322 0.2152903 0.009726638 0.01908957 0.2173753 0.01051552 0.02063783 0.2163092 0.01093329 0.02145774 0.2152903 0.006620619 0.02037612 0.2173753 0.007157585 0.02202873 0.2163092 0.007441946 0.02290391 0.2152903 0.003351579 0.02116095 0.2173753 0.003623409 0.02287721 0.2163092 0.003767362 0.02378609 0.2152903 1.32559e-08 0.02142473 0.2173753 1.32968e-08 0.02316238 0.2163092 1.344149e-08 0.02408259 0.2152903 -0.003351553 0.02116095 0.2173753 -0.003623382 0.02287721 0.2163092 -0.003767335 0.02378609 0.2152903 -0.006620593 0.02037613 0.2173753 -0.007157557 0.02202873 0.2163092 -0.007441918 0.02290391 0.2152903 -0.00972661 0.01908957 0.2173753 -0.01051549 0.02063783 0.2163092 -0.01093326 0.02145775 0.2152903 -0.01259313 0.01733297 0.2173753 -0.0136145 0.01873876 0.2163092 -0.01415538 0.01948323 0.2152903 -0.01514956 0.01514957 0.2173753 -0.01637827 0.01637828 0.2163092 -0.01702895 0.01702897 0.2152903 -0.01733296 0.01259314 0.2173753 -0.01873875 0.01361451 0.2163092 -0.01948322 0.01415539 0.2152903 -0.01908956 0.009726621 0.2173753 -0.02063782 0.0105155 0.2163092 -0.02145774 0.01093327 0.2152903 -0.02037612 0.006620603 0.2173753 -0.02202873 0.007157568 0.2163092 -0.0229039 0.007441929 0.2152903 -0.01855414 0.002938688 0.2183859 -0.02116094 0.003351565 0.2173753 -0.02287721 0.003623393 0.2163092 -0.02378609 0.003767346 0.2152903 -0.01589617 -2.031282e-09 0.2190465 -0.01878542 -2.042588e-09 0.2183859 -0.02142472 -2.051953e-09 0.2173753 -0.02316237 -2.058052e-09 0.2163092 -0.02408258 -2.060639e-09 0.2152903 -0.01570047 -0.002486716 0.2190465 -0.01855414 -0.002938692 0.2183859 -0.02116094 -0.003351568 0.2173753 -0.02287721 -0.003623397 0.2163092 -0.02378609 -0.00376735 0.2152903 -0.01511816 -0.004912192 0.2190465 -0.017866 -0.005805018 0.2183859 -0.02037612 -0.006620607 0.2173753 -0.02202873 -0.007157572 0.2163092 -0.0229039 -0.007441932 0.2152903 -0.0141636 -0.007216717 0.2190465 -0.01673793 -0.008528407 0.2183859 -0.01908956 -0.009726623 0.2173753 -0.02063782 -0.0105155 0.2163092 -0.02145774 -0.01093327 0.2152903 -0.01286028 -0.009343544 0.2190465 -0.01519772 -0.0110418 0.2183859 -0.01733296 -0.01259314 0.2173753 -0.01873875 -0.01361451 0.2163092 -0.01948322 -0.01415539 0.2152903 -0.01124029 -0.0112403 0.2190465 -0.0132833 -0.0132833 0.2183859 -0.01514956 -0.01514957 0.2173753 -0.01637827 -0.01637828 0.2163092 -0.01702896 -0.01702897 0.2152903 -0.009343534 -0.01286029 0.2190465 -0.01104179 -0.01519773 0.2183859 -0.01259313 -0.01733297 0.2173753 -0.0136145 -0.01873876 0.2163092 -0.01415539 -0.01948323 0.2152903 -0.007216709 -0.01416361 0.2190465 -0.008528399 -0.01673794 0.2183859 -0.009726616 -0.01908957 0.2173753 -0.0105155 -0.02063783 0.2163092 -0.01093326 -0.02145775 0.2152903 -0.004912185 -0.01511817 0.2190465 -0.005805011 -0.01786601 0.2183859 -0.006620599 -0.02037613 0.2173753 -0.007157564 -0.02202874 0.2163092 -0.007441925 -0.02290391 0.2152903 -0.002486706 -0.01570048 0.2190465 -0.002938683 -0.01855415 0.2183859 -0.00335156 -0.02116095 0.2173753 -0.00362339 -0.02287722 0.2163092 -0.003767342 -0.0237861 0.2152903 5.48193e-09 -0.01589619 0.2190465 5.460593e-09 -0.01878543 0.2183859 5.474811e-09 -0.02142473 0.2173753 5.508979e-09 -0.02316238 0.2163092 5.51711e-09 -0.0240826 0.2152903 0.002486717 -0.01570048 0.2190465 0.002938694 -0.01855415 0.2183859 0.003351571 -0.02116095 0.2173753 0.0036234 -0.02287722 0.2163092 0.003767353 -0.0237861 0.2152903 0.004912197 -0.01511817 0.2190465 0.005805023 -0.01786601 0.2183859 0.00662061 -0.02037613 0.2173753 0.007157575 -0.02202874 0.2163092 0.007441935 -0.02290391 0.2152903 0.007216722 -0.01416361 0.2190465 0.008528412 -0.01673794 0.2183859 0.009726627 -0.01908957 0.2173753 0.01051551 -0.02063784 0.2163092 0.01093327 -0.02145775 0.2152903 0.007138211 -0.009824909 0.219466 0.008587279 -0.008587286 0.219466 0.009824903 -0.007138214 0.219466 0.0108206 -0.00551338 0.219466 0.01154986 -0.003752783 0.219466 0.01199473 -0.001899784 0.219466 0.009343544 -0.01286029 0.2190465 0.0110418 -0.01519774 0.2183859 0.01259314 -0.01733297 0.2173753 0.01361451 -0.01873877 0.2163092 0.0141554 -0.01948323 0.2152903 0.0112403 -0.01124031 0.2190465 0.0132833 -0.01328331 0.2183859 0.01514957 -0.01514957 0.2173753 0.01637828 -0.01637828 0.2163092 0.01702897 -0.01702897 0.2152903 0.01286029 -0.009343547 0.2190465 0.01519773 -0.0110418 0.2183859 0.01733297 -0.01259314 0.2173753 0.01873876 -0.01361451 0.2163092 0.01948323 -0.0141554 0.2152903 0.0141636 -0.007216723 0.2190465 0.01673794 -0.008528412 0.2183859 0.01908957 -0.009726627 0.2173753 0.02063783 -0.01051551 0.2163092 0.02145775 -0.01093327 0.2152903 0.01511817 -0.004912195 0.2190465 0.017866 -0.005805021 0.2183859 0.02037613 -0.006620608 0.2173753 0.02202873 -0.007157574 0.2163092 0.02290391 -0.007441935 0.2152903 0.01570048 -0.002486716 0.2190465 0.01855415 -0.002938693 0.2183859 0.02116095 -0.003351571 0.2173753 0.02287721 -0.003623399 0.2163092 0.0237861 -0.003767352 0.2152903 0.02391933 -0.003788454 0.2150306 0.02303219 -0.007483618 0.2150306 0.02157794 -0.01099451 0.2150306 0.01959236 -0.01423468 0.2150306 0.02421748 -6.030598e-09 0.2150306 0.02391934 0.003788439 0.2150306 0.02303221 0.007483605 0.2150306 0.02157795 0.0109945 0.2150306 0.01959237 0.01423467 0.2150306 0.01712437 0.01712434 0.2150306 0.0142347 0.01959235 0.2150306 0.01099452 0.02157793 0.2150306 0.00748363 0.02303219 0.2150306 0.003788463 0.02391932 0.2150306 1.34576e-08 0.02421748 0.2150306 -0.003788437 0.02391932 0.2150306 -0.007483602 0.02303219 0.2150306 -0.0109945 0.02157793 0.2150306 -0.01423467 0.01959235 0.2150306 -0.01712434 0.01712435 0.2150306 -0.01959235 0.01423468 0.2150306 -0.02157793 0.01099451 0.2150306 -0.02303219 0.007483613 0.2150306 -0.02391932 0.003788447 0.2150306 -0.02421747 -2.061044e-09 0.2150306 -0.02391932 -0.003788451 0.2150306 -0.02303219 -0.007483616 0.2150306 -0.02157793 -0.01099451 0.2150306 -0.01959235 -0.01423468 0.2150306 -0.01712434 -0.01712435 0.2150306 -0.01423467 -0.01959236 0.2150306 -0.0109945 -0.02157794 0.2150306 -0.007483608 -0.0230322 0.2150306 -0.003788443 -0.02391933 0.2150306 5.518493e-09 -0.02421749 0.2150306 0.003788454 -0.02391933 0.2150306 0.007483619 -0.0230322 0.2150306 0.01099451 -0.02157794 0.2150306 0.01423468 -0.01959236 0.2150306 0.01712435 -0.01712435 0.2150306 0.02398679 0.003799121 0.1870342 0.02398679 0.003799121 0.2146487 0.02309715 0.007504706 0.1870342 0.02309715 0.007504706 0.2146487 0.0216388 0.0110255 0.1870342 0.0216388 0.0110255 0.2146487 0.01964762 0.01427481 0.1870342 0.01964762 0.01427481 0.2146487 0.01717265 0.01717263 0.1870342 0.01717265 0.01717263 0.2146487 0.01427483 0.0196476 0.1870342 0.01427483 0.0196476 0.2146487 0.01102553 0.02163878 0.1870342 0.01102553 0.02163878 0.2146487 0.007504731 0.02309714 0.1870342 0.007504731 0.02309714 0.2146487 0.003799146 0.02398677 0.1870342 0.003799146 0.02398677 0.2146487 1.348419e-08 0.02428577 0.1870342 1.348419e-08 0.02428577 0.2146487 0.02159261 0.01100197 0.1868413 0.01960569 0.01424435 0.1868413 0.02146645 0.01093768 0.1867002 0.02291319 0.007444933 0.1867002 0.02272923 0.007385159 0.1866485 0.02360469 0.003738603 0.1866485 0.02101199 0.006827197 0.1866485 0.02182131 0.003456147 0.1866485 0.01968529 0.01003014 0.1866485 0.0212941 0.01084987 0.1866485 0.01787387 0.01298611 0.1866485 0.01933464 0.01404742 0.1866485 0.01562234 0.01562232 0.1866485 0.0168991 0.01689907 0.1866485 0.01298613 0.01787385 0.1866485 0.01404744 0.01933462 0.1866485 0.01003017 0.01968527 0.1866485 0.01084989 0.02129408 0.1866485 0.006827222 0.02101197 0.1866485 0.007385185 0.02272921 0.1866485 0.003456168 0.02182129 0.1866485 0.003738627 0.02360467 0.1866485 1.348545e-08 0.0220933 0.1866485 1.348507e-08 0.02389891 0.1866485 0.01949113 0.01416111 0.1867002 0.017136 0.01713598 0.1868413 0.01703587 0.01703585 0.1867002 0.01416114 0.01949111 0.1867002 0.01424437 0.01960566 0.1868413 0.01093771 0.02146643 0.1867002 0.01100199 0.02159259 0.1868413 0.007444958 0.02291317 0.1867002 0.007488715 0.02304785 0.1868413 0.003768887 0.02379572 0.1867002 0.003791038 0.02393558 0.1868413 1.348463e-08 0.02409234 0.1867002 1.34843e-08 0.02423394 0.1868413 1.348419e-08 0.02428577 0.1870342 1.348419e-08 0.02428577 0.2146487 -0.003799119 0.02398677 0.1870342 -0.003799119 0.02398677 0.2146487 -0.007504703 0.02309714 0.1870342 -0.007504703 0.02309714 0.2146487 -0.0110255 0.02163878 0.1870342 -0.0110255 0.02163878 0.2146487 -0.01427481 0.0196476 0.1870342 -0.01427481 0.0196476 0.2146487 -0.01717262 0.01717263 0.1870342 -0.01717262 0.01717263 0.2146487 -0.01964759 0.01427482 0.1870342 -0.01964759 0.01427482 0.2146487 -0.02163877 0.01102551 0.1870342 -0.02163877 0.01102551 0.2146487 -0.02309713 0.007504714 0.1870342 -0.02309713 0.007504714 0.2146487 -0.02398676 0.00379913 0.1870342 -0.02398676 0.00379913 0.2146487 -0.02428576 -2.061177e-09 0.1870342 -0.02428576 -2.061177e-09 0.2146487 -0.02398676 -0.003799134 0.1870342 -0.02398676 -0.003799134 0.2146487 -0.02309713 -0.007504717 0.1870342 -0.02309713 -0.007504717 0.2146487 -0.02163877 -0.01102551 0.1870342 -0.02163877 -0.01102551 0.2146487 -0.01964759 -0.01427482 0.1870342 -0.01964759 -0.01427482 0.2146487 -0.01717263 -0.01717263 0.1870342 -0.01717263 -0.01717263 0.2146487 -0.01427481 -0.0196476 0.1870342 -0.01427481 -0.0196476 0.2146487 -0.0110255 -0.02163878 0.1870342 -0.0110255 -0.02163878 0.2146487 -0.00750471 -0.02309714 0.1870342 -0.00750471 -0.02309714 0.2146487 -0.003799126 -0.02398677 0.1870342 -0.003799126 -0.02398677 0.2146487 5.522696e-09 -0.02428577 0.1870342 5.522696e-09 -0.02428577 0.2146487 0.003799136 -0.02398677 0.1870342 0.003799136 -0.02398677 0.2146487 0.00750472 -0.02309714 0.1870342 0.00750472 -0.02309714 0.2146487 0.01102551 -0.02163878 0.1870342 0.01102551 -0.02163878 0.2146487 0.01427482 -0.0196476 0.1870342 0.01427482 -0.0196476 0.2146487 0.01717263 -0.01717264 0.1870342 0.01717263 -0.01717264 0.2146487 0.0196476 -0.01427482 0.1870342 0.0196476 -0.01427482 0.2146487 0.02163878 -0.01102551 0.1870342 0.02163878 -0.01102551 0.2146487 0.02309714 -0.007504719 0.1870342 0.02309714 -0.007504719 0.2146487 0.02398677 -0.003799136 0.1870342 0.02398677 -0.003799136 0.2146487 0.02428577 -6.041923e-09 0.1870342 0.02428577 -6.041923e-09 0.2146487 0.01424436 -0.01960567 0.1868413 0.01713599 -0.01713599 0.1868413 0.01416113 -0.01949112 0.1867002 0.0109377 -0.02146644 0.1867002 0.01084988 -0.02129409 0.1866485 0.007385174 -0.02272922 0.1866485 0.01003015 -0.01968528 0.1866485 0.006827211 -0.02101198 0.1866485 0.003738618 -0.02360468 0.1866485 0.003456159 -0.0218213 0.1866485 5.520816e-09 -0.02389891 0.1866485 5.49305e-09 -0.0220933 0.1866485 -0.003738608 -0.02360468 0.1866485 -0.003456148 -0.0218213 0.1866485 -0.007385163 -0.02272922 0.1866485 -0.0068272 -0.02101198 0.1866485 -0.01084987 -0.02129409 0.1866485 -0.01003014 -0.01968528 0.1866485 -0.01404742 -0.01933463 0.1866485 -0.01298611 -0.01787386 0.1866485 -0.01689907 -0.01689908 0.1866485 -0.01562232 -0.01562232 0.1866485 -0.01933462 -0.01404743 0.1866485 -0.01787385 -0.01298612 0.1866485 -0.02129408 -0.01084988 0.1866485 -0.01968527 -0.01003015 0.1866485 -0.02272921 -0.00738517 0.1866485 -0.02101197 -0.006827207 0.1866485 -0.02360467 -0.003738615 0.1866485 -0.02182129 -0.003456156 0.1866485 -0.0238989 -2.059798e-09 0.1866485 -0.02209329 -2.054782e-09 0.1866485 -0.02360467 0.003738612 0.1866485 -0.02182129 0.003456153 0.1866485 -0.02272921 0.007385168 0.1866485 -0.02101197 0.006827204 0.1866485 -0.02129407 0.01084988 0.1866485 -0.01968527 0.01003015 0.1866485 -0.01933462 0.01404743 0.1866485 -0.01787385 0.01298612 0.1866485 -0.01689907 0.01689908 0.1866485 -0.01562231 0.01562232 0.1866485 -0.01404742 0.01933462 0.1866485 -0.01298611 0.01787386 0.1866485 -0.01084987 0.02129408 0.1866485 -0.01003014 0.01968527 0.1866485 -0.007385156 0.02272921 0.1866485 -0.006827193 0.02101198 0.1866485 -0.0037386 0.02360467 0.1866485 -0.003456141 0.02182129 0.1866485 1.348507e-08 0.02389891 0.1866485 1.348545e-08 0.0220933 0.1866485 -0.00376886 0.02379572 0.1867002 1.348463e-08 0.02409234 0.1867002 -0.003791011 0.02393558 0.1868413 1.34843e-08 0.02423394 0.1868413 -0.00744493 0.02291317 0.1867002 -0.007488687 0.02304785 0.1868413 -0.01093768 0.02146643 0.1867002 -0.01100197 0.0215926 0.1868413 -0.01416111 0.01949111 0.1867002 -0.01424434 0.01960567 0.1868413 -0.01703585 0.01703586 0.1867002 -0.01713597 0.01713598 0.1868413 -0.0194911 0.01416112 0.1867002 -0.01960566 0.01424435 0.1868413 -0.02146642 0.01093769 0.1867002 -0.02159259 0.01100198 0.1868413 -0.02291317 0.007444941 0.1867002 -0.02304784 0.007488698 0.1868413 -0.02379572 0.003768871 0.1867002 -0.02393557 0.003791022 0.1868413 -0.02409233 -2.060488e-09 0.1867002 -0.02423393 -2.060992e-09 0.1868413 -0.02379572 -0.003768874 0.1867002 -0.02393557 -0.003791025 0.1868413 -0.02291317 -0.007444944 0.1867002 -0.02304784 -0.007488701 0.1868413 -0.02146642 -0.01093769 0.1867002 -0.02159259 -0.01100198 0.1868413 -0.0194911 -0.01416112 0.1867002 -0.01960566 -0.01424436 0.1868413 -0.01703585 -0.01703586 0.1867002 -0.01713598 -0.01713598 0.1868413 -0.01416112 -0.01949111 0.1867002 -0.01424435 -0.01960567 0.1868413 -0.01093769 -0.02146643 0.1867002 -0.01100197 -0.0215926 0.1868413 -0.007444937 -0.02291318 0.1867002 -0.007488693 -0.02304785 0.1868413 -0.003768866 -0.02379573 0.1867002 -0.003791018 -0.02393558 0.1868413 5.521755e-09 -0.02409234 0.1867002 5.522444e-09 -0.02423394 0.1868413 0.003768877 -0.02379573 0.1867002 0.003791028 -0.02393558 0.1868413 0.007444947 -0.02291318 0.1867002 0.007488704 -0.02304785 0.1868413 0.01100198 -0.0215926 0.1868413 0.01404743 -0.01933463 0.1866485 0.01298612 -0.01787386 0.1866485 0.01562232 -0.01562233 0.1866485 0.01689908 -0.01689908 0.1866485 0.01787386 -0.01298612 0.1866485 0.01933463 -0.01404743 0.1866485 0.01968528 -0.01003015 0.1866485 0.02129408 -0.01084988 0.1866485 0.02101198 -0.00682721 0.1866485 0.02272921 -0.007385174 0.1866485 0.0218213 -0.003456159 0.1866485 0.02360467 -0.003738618 0.1866485 0.0220933 -2.133213e-09 0.1866485 0.02389891 -5.342595e-09 0.1866485 0.01949112 -0.01416112 0.1867002 0.01703586 -0.01703586 0.1867002 0.01960567 -0.01424436 0.1868413 0.0215926 -0.01100198 0.1868413 0.02146643 -0.0109377 0.1867002 0.02291318 -0.007444946 0.1867002 0.02304785 -0.007488704 0.1868413 0.02379572 -0.003768877 0.1867002 0.02393558 -0.003791028 0.1868413 0.02409234 -5.692259e-09 0.1867002 0.02423394 -5.948231e-09 0.1868413 0.02379574 0.003768862 0.1867002 0.02304786 0.00748869 0.1868413 0.02393559 0.003791013 0.1868413 0.02064407 0.006707651 0.1870342 0.02064407 0.006707651 0.1926386 0.02143921 0.00339563 0.1870342 0.02143921 0.00339563 0.1926386 0.01934059 0.009854507 0.1926386 0.0193406 0.00985451 0.1870342 0.01756089 0.01275871 0.1926386 0.0175609 0.01275872 0.1870342 0.01534879 0.01534876 0.1926386 0.01534879 0.01534877 0.1870342 0.01275875 0.01756088 0.1926386 0.01275874 0.01756087 0.1870342 0.009854539 0.01934059 0.1926386 0.009854534 0.01934058 0.1870342 0.006707673 0.02064404 0.1926386 0.006707675 0.02064405 0.1870342 0.003395647 0.02143919 0.1926386 0.003395649 0.0214392 0.1870342 1.412846e-08 0.02170643 0.1926386 1.352567e-08 0.02170644 0.1870342 0.01760283 0.01278918 0.1868413 0.01938678 0.00987804 0.1868413 0.02069336 0.006723667 0.1868413 0.0214904 0.003403738 0.1868413 0.02082803 0.006767425 0.1867002 0.02163026 0.003425889 0.1867002 0.01951295 0.009942325 0.1867002 0.01771738 0.01287241 0.1867002 0.01548557 0.01548554 0.1867002 0.01538544 0.01538541 0.1868413 0.01278921 0.01760281 0.1868413 0.01287244 0.01771736 0.1867002 0.009878064 0.01938676 0.1868413 0.009942349 0.01951292 0.1867002 0.006723691 0.02069334 0.1868413 0.006767448 0.02082801 0.1867002 0.003403757 0.02149039 0.1868413 0.003425909 0.02163024 0.1867002 1.35051e-08 0.02175827 0.1868413 1.349038e-08 0.02189987 0.1867002 -0.003395623 0.0214392 0.1870342 -0.003395623 0.02143919 0.1926386 1.352567e-08 0.02170644 0.1870342 1.412846e-08 0.02170643 0.1926386 -0.006707654 0.02064407 0.1926386 -0.006707647 0.02064405 0.1870342 -0.009854515 0.0193406 0.1926386 -0.009854508 0.01934058 0.1870342 -0.01275872 0.01756088 0.1926386 -0.01275872 0.01756088 0.1870342 -0.01534876 0.01534877 0.1926386 -0.01534876 0.01534877 0.1870342 -0.01756086 0.01275872 0.1926386 -0.01756087 0.01275873 0.1870342 -0.01934057 0.009854516 0.1926386 -0.01934057 0.009854517 0.1870342 -0.02064405 0.006707658 0.1926386 -0.02064405 0.006707658 0.1870342 -0.02143919 0.003395633 0.1926386 -0.02143919 0.003395635 0.1870342 -0.02170643 -2.05331e-09 0.1926386 -0.02170643 -2.05331e-09 0.1870342 -0.02143919 -0.003395638 0.1926386 -0.02143919 -0.003395638 0.1870342 -0.02064404 -0.00670766 0.1926386 -0.02064405 -0.006707661 0.1870342 -0.01934057 -0.009854517 0.1926386 -0.01934057 -0.009854519 0.1870342 -0.01756086 -0.01275872 0.1926386 -0.01756087 -0.01275873 0.1870342 -0.01534876 -0.01534877 0.1926386 -0.01534877 -0.01534877 0.1870342 -0.01275871 -0.01756087 0.1926386 -0.01275872 -0.01756088 0.1870342 -0.009854507 -0.01934057 0.1926386 -0.009854512 -0.01934058 0.1870342 -0.006707653 -0.02064405 0.1926386 -0.006707653 -0.02064405 0.1870342 -0.00339563 -0.0214392 0.1926386 -0.00339563 -0.0214392 0.1870342 4.698665e-09 -0.02170644 0.1926386 5.440198e-09 -0.02170644 0.1870342 0.003395636 -0.02143918 0.1926386 0.00339564 -0.0214392 0.1870342 0.006707667 -0.02064405 0.1926386 0.006707664 -0.02064405 0.1870342 0.009854524 -0.01934059 0.1926386 0.009854523 -0.01934059 0.1870342 0.01275872 -0.01756087 0.1926386 0.01275873 -0.01756089 0.1870342 0.01534876 -0.01534877 0.1926386 0.01534877 -0.01534877 0.1870342 0.01756087 -0.01275872 0.1926386 0.01756088 -0.01275873 0.1870342 0.01934058 -0.009854521 0.1926386 0.01934058 -0.009854522 0.1870342 0.02064405 -0.006707665 0.1926386 0.02064405 -0.006707663 0.1870342 0.0214392 -0.00339564 0.1926386 0.0214392 -0.00339564 0.1870342 0.02170644 -1.301274e-09 0.1926386 0.02170644 -1.364521e-09 0.1870342 0.01538542 -0.01538542 0.1868413 0.01278919 -0.01760282 0.1868413 0.009878053 -0.01938677 0.1868413 0.006723681 -0.02069335 0.1868413 0.003403749 -0.02149039 0.1868413 5.465957e-09 -0.02175827 0.1868413 -0.003403738 -0.02149039 0.1868413 -0.006723669 -0.02069335 0.1868413 -0.009878042 -0.01938676 0.1868413 -0.01278918 -0.01760281 0.1868413 -0.01538541 -0.01538542 0.1868413 -0.01760281 -0.01278919 0.1868413 -0.01938675 -0.00987805 0.1868413 -0.02069334 -0.006723677 0.1868413 -0.02149038 -0.003403746 0.1868413 -0.02175826 -2.053507e-09 0.1868413 -0.02149038 0.003403743 0.1868413 -0.02069334 0.006723673 0.1868413 -0.01938675 0.009878047 0.1868413 -0.0176028 0.01278919 0.1868413 -0.01538541 0.01538542 0.1868413 -0.01278918 0.01760281 0.1868413 -0.009878037 0.01938676 0.1868413 -0.006723664 0.02069335 0.1868413 -0.003403731 0.02149039 0.1868413 1.35051e-08 0.02175827 0.1868413 -0.003425882 0.02163024 0.1867002 1.349038e-08 0.02189987 0.1867002 -0.00676742 0.02082802 0.1867002 -0.009942323 0.01951293 0.1867002 -0.01287241 0.01771737 0.1867002 -0.01548554 0.01548555 0.1867002 -0.01771736 0.01287242 0.1867002 -0.01951292 0.009942332 0.1867002 -0.02082801 0.006767431 0.1867002 -0.02163024 0.003425894 0.1867002 -0.02189986 -2.054046e-09 0.1867002 -0.02163024 -0.003425897 0.1867002 -0.02082801 -0.006767434 0.1867002 -0.01951292 -0.009942335 0.1867002 -0.01771736 -0.01287242 0.1867002 -0.01548554 -0.01548555 0.1867002 -0.01287241 -0.01771737 0.1867002 -0.009942327 -0.01951293 0.1867002 -0.006767426 -0.02082802 0.1867002 -0.003425889 -0.02163025 0.1867002 5.485302e-09 -0.02189987 0.1867002 0.0034259 -0.02163025 0.1867002 0.006767437 -0.02082802 0.1867002 0.009942338 -0.01951293 0.1867002 0.01287242 -0.01771737 0.1867002 0.01548555 -0.01548555 0.1867002 0.01771737 -0.01287242 0.1867002 0.01760281 -0.01278919 0.1868413 0.01938676 -0.009878052 0.1868413 0.01951293 -0.009942337 0.1867002 0.02069334 -0.006723679 0.1868413 0.02082802 -0.006767436 0.1867002 0.02149039 -0.003403749 0.1868413 0.02163025 -0.003425899 0.1867002 0.02175827 -1.469099e-09 0.1868413 0.02189987 -1.75046e-09 0.1867002 0.01712435 -0.01712435 0.2150306 0.01959236 -0.01423468 0.2150306 0.01423468 -0.01959236 0.2150306 0.01099451 -0.02157794 0.2150306 0.007483619 -0.0230322 0.2150306 0.003788454 -0.02391933 0.2150306 5.518493e-09 -0.02421749 0.2150306 -0.003788443 -0.02391933 0.2150306 -0.007483608 -0.0230322 0.2150306 -0.0109945 -0.02157794 0.2150306 -0.01423467 -0.01959236 0.2150306 -0.01712434 -0.01712435 0.2150306 -0.01959235 -0.01423468 0.2150306 -0.02157793 -0.01099451 0.2150306 -0.02303219 -0.007483616 0.2150306 -0.02391932 -0.003788451 0.2150306 -0.02421747 -2.061044e-09 0.2150306 -0.02391932 0.003788447 0.2150306 -0.02303219 0.007483613 0.2150306 -0.02157793 0.01099451 0.2150306 -0.01959235 0.01423468 0.2150306 -0.01712434 0.01712435 0.2150306 -0.01423467 0.01959235 0.2150306 -0.0109945 0.02157793 0.2150306 -0.007483602 0.02303219 0.2150306 -0.003788437 0.02391932 0.2150306 1.34576e-08 0.02421748 0.2150306 0.003788463 0.02391932 0.2150306 1.34576e-08 0.02421748 0.2150306 0.00748363 0.02303219 0.2150306 0.01099452 0.02157793 0.2150306 0.0142347 0.01959235 0.2150306 0.01712437 0.01712434 0.2150306 0.01959237 0.01423467 0.2150306 0.02157795 0.0109945 0.2150306 0.02303221 0.007483605 0.2150306 0.02391934 0.003788439 0.2150306 0.02421748 -6.030598e-09 0.2150306 0.02391933 -0.003788454 0.2150306 0.02303219 -0.007483618 0.2150306 0.02157794 -0.01099451 0.2150306 0.02703526 -0.03721084 0.01590595 0.02703526 -0.03721084 0.06772152 0.03252347 -0.03252347 0.01590595 0.03252347 -0.03252347 0.06772152 0.03721084 -0.02703526 0.01590595 0.03721084 -0.02703526 0.06772152 0.03967848 -0.02300842 0.01590595 0.04054544 -0.0215937 0.01783259 0.04075029 -0.0212594 0.06548748 0.03987397 -0.02268944 0.06772152 0.03721084 -0.02703526 0.08281024 0.04078485 -0.02120302 0.06941642 0.04098195 -0.02088135 0.08281024 0.04025155 -0.02050919 0.08362748 0.03654764 -0.02655342 0.08362748 0.03252347 -0.03252347 0.08281024 0.03194381 -0.03194381 0.08362748 0.02703526 -0.03721084 0.08281024 0.02655342 -0.03654764 0.08362748 0.02088135 -0.04098195 0.08281024 0.02050919 -0.04025156 0.08362748 0.01421328 -0.04374398 0.08281024 0.01395996 -0.04296432 0.08362748 0.007195227 -0.04542886 0.08281024 0.007066988 -0.04461919 0.08362748 3.258233e-09 -0.04599514 0.08281024 3.256567e-09 -0.04517537 0.08362748 -0.00719522 -0.04542886 0.08281024 -0.007066981 -0.04461919 0.08362748 -0.01421328 -0.04374398 0.08281024 -0.01395996 -0.04296432 0.08362748 -0.02088135 -0.04098195 0.08281024 -0.02050919 -0.04025156 0.08362748 -0.02703526 -0.03721084 0.08281024 -0.02655341 -0.03654764 0.08362748 -0.03252346 -0.03252347 0.08281024 -0.03194381 -0.03194381 0.08362748 -0.03721083 -0.02703526 0.08281024 -0.03654764 -0.02655342 0.08362748 -0.04098195 -0.02088135 0.08281024 -0.04025155 -0.02050919 0.08362748 -0.04374397 -0.01421328 0.08281024 -0.04296432 -0.01395996 0.08362748 -0.04542885 -0.007195224 0.08281024 -0.04461918 -0.007066984 0.08362748 -0.04599513 1.497263e-09 0.08281024 -0.04517536 1.498929e-09 0.08362748 -0.04542885 0.007195226 0.08281024 -0.04461918 0.007066987 0.08362748 -0.04374397 0.01421328 0.08281024 -0.04296432 0.01395996 0.08362748 -0.04098195 0.02088135 0.08281024 -0.04025155 0.0205092 0.08362748 -0.03721083 0.02703527 0.08281024 -0.03654763 0.02655342 0.08362748 -0.03252346 0.03252347 0.08281024 -0.0319438 0.03194382 0.08362748 -0.02703525 0.03721084 0.08281024 -0.02655341 0.03654764 0.08362748 -0.02088134 0.04098196 0.08281024 -0.02050918 0.04025156 0.08362748 -0.01421326 0.04374398 0.08281024 -0.01395994 0.04296433 0.08362748 -0.007195208 0.04542887 0.08281024 -0.007066969 0.04461919 0.08362748 1.833661e-08 0.04599514 0.08281024 1.833827e-08 0.04517537 0.08362748 -0.04058629 0.02152701 0.06936807 -0.03967616 0.02301222 0.06772152 -0.03721083 0.02703527 0.06772152 -0.04053717 0.02160717 0.01782127 -0.03967848 0.02300842 0.01590595 -0.03721083 0.02703527 0.01590595 -0.0405378 0.02160614 0.0658055 -0.03252346 0.03252347 0.06772152 -0.03252346 0.03252347 0.01590595 -0.02703525 0.03721084 0.06772152 -0.02703525 0.03721084 0.01590595 -0.03252346 0.03252347 0.003635048 -0.02703525 0.03721084 0.003635048 -0.02300732 0.03967915 0.01590595 -0.02150924 0.04059718 0.01426647 -0.02088134 0.04098196 0.003635048 -0.03721083 0.02703527 0.003635048 -0.04059658 0.02151024 0.01426652 -0.04098195 0.02088135 0.003635048 -0.01421326 0.04374398 0.003635048 -0.01975624 0.04134008 0.01590653 -0.01421326 0.04374398 0.01590826 -0.007195208 0.04542887 0.01590826 -0.01395994 0.04296433 0.0167255 -0.00706697 0.04461919 0.0167255 1.833661e-08 0.04599514 0.01590826 1.833605e-08 0.04517537 0.0167255 1.739833e-08 0.04263352 0.0167255 -0.006669335 0.04210864 0.0167255 -0.006541096 0.04129895 0.01590826 1.7402e-08 0.04181375 0.01590826 -0.01292115 0.03976725 0.01590826 -0.01317447 0.04054688 0.0167255 -0.007195208 0.04542887 0.003635048 1.833661e-08 0.04599514 0.003635048 1.833717e-08 0.04571758 0.00224397 -0.007151788 0.04515472 0.00224397 1.833878e-08 0.04492717 0.001064688 -0.007028139 0.04437403 0.001064688 1.834118e-08 0.04374422 0.0002767075 -0.006843086 0.04320567 0.0002767075 -0.01388324 0.04272827 0.001064688 -0.01351769 0.04160322 0.0002767075 -0.01412749 0.04348001 0.00224397 -0.02039649 0.0400304 0.001064688 -0.01985945 0.03897639 0.0002767075 -0.02075533 0.04073466 0.00224397 -0.02640751 0.03634684 0.001064688 -0.0257122 0.03538982 0.0002767075 -0.0268721 0.03698629 0.00224397 -0.03176829 0.0317683 0.001064688 -0.03093183 0.03093184 0.0002767075 -0.03232719 0.03232721 0.00224397 -0.03634683 0.02640753 0.001064688 -0.03538981 0.02571221 0.0002767075 -0.03698628 0.02687212 0.00224397 -0.04003039 0.02039651 0.001064688 -0.03897638 0.01985947 0.0002767075 -0.04073465 0.02075535 0.00224397 -0.04272826 0.01388326 0.001064688 -0.04160321 0.01351771 0.0002767075 -0.04374397 0.01421328 0.003635048 -0.04133983 0.01975647 0.01590653 -0.04374397 0.01421328 0.01590826 -0.04542885 0.007195226 0.003635048 -0.04542886 0.007195226 0.01590826 -0.04461918 0.007066988 0.0167255 -0.04517536 1.50115e-09 0.0167255 -0.04599513 1.497263e-09 0.01590826 -0.04461918 -0.007066984 0.0167255 -0.04542886 -0.007195224 0.01590826 -0.04296432 -0.01395996 0.0167255 -0.04374397 -0.01421328 0.01590826 -0.04296432 0.01395996 0.0167255 -0.04054687 0.01317449 0.0167255 -0.04210862 0.006669352 0.0167255 -0.04129895 0.006541113 0.01590826 -0.03976724 0.01292117 0.01590826 -0.04181374 8.118826e-10 0.01590826 -0.04263351 8.082179e-10 0.0167255 -0.04129895 -0.006541111 0.01590826 -0.04210862 -0.006669351 0.0167255 -0.03976724 -0.01292116 0.01590826 -0.04054687 -0.01317448 0.0167255 -0.04542885 -0.007195224 0.003635048 -0.04374397 -0.01421328 0.003635048 -0.04134007 -0.01975626 0.01590653 -0.04059717 -0.02150926 0.01426647 -0.04098195 -0.02088135 0.003635048 -0.03721083 -0.02703526 0.003635048 -0.03967915 -0.02300734 0.01590595 -0.03721083 -0.02703526 0.01590595 -0.03252346 -0.03252347 0.003635048 -0.03252346 -0.03252347 0.01590595 -0.03721083 -0.02703526 0.06772152 -0.03252346 -0.03252347 0.06772152 -0.02703526 -0.03721084 0.01590595 -0.02703526 -0.03721084 0.06772152 -0.02300842 -0.03967848 0.01590595 -0.02160717 -0.04053718 0.01782127 -0.02301221 -0.03967617 0.06772152 -0.02160613 -0.04053781 0.0658055 -0.021527 -0.04058631 0.06936807 -0.02703526 -0.03721084 0.003635048 -0.02151023 -0.04059658 0.01426652 -0.02088135 -0.04098195 0.003635048 -0.01421328 -0.04374398 0.003635048 -0.01975647 -0.04133985 0.01590653 -0.01421328 -0.04374398 0.01590826 -0.00719522 -0.04542886 0.003635048 -0.00719522 -0.04542886 0.01590826 -0.007066981 -0.04461919 0.0167255 3.258789e-09 -0.04517537 0.0167255 3.258233e-09 -0.04599514 0.01590826 0.007066988 -0.04461919 0.0167255 0.007195227 -0.04542886 0.01590826 0.01395996 -0.04296433 0.0167255 0.01421328 -0.04374398 0.01590826 -0.01395996 -0.04296433 0.0167255 -0.01317448 -0.04054688 0.0167255 -0.006669348 -0.04210864 0.0167255 -0.006541109 -0.04129895 0.01590826 -0.01292116 -0.03976725 0.01590826 3.694384e-09 -0.04181375 0.01590826 3.698049e-09 -0.04263352 0.0167255 0.006541115 -0.04129895 0.01590826 0.006669355 -0.04210864 0.0167255 0.01292116 -0.03976725 0.01590826 0.01317449 -0.04054688 0.0167255 0.007195227 -0.04542886 0.003635048 0.01421328 -0.04374398 0.003635048 0.01975626 -0.04134007 0.01590653 0.02150926 -0.04059717 0.01426647 0.02088135 -0.04098195 0.003635048 0.02703526 -0.03721084 0.003635048 0.02300734 -0.03967915 0.01590595 0.03252347 -0.03252347 0.003635048 0.03721084 -0.02703526 0.003635048 0.04059658 -0.02151024 0.01426652 0.04098195 -0.02088135 0.003635048 0.04374397 -0.01421328 0.003635048 0.04134134 -0.01975299 0.01590653 0.04374397 -0.01421328 0.01590826 0.04542885 -0.007195228 0.003635048 0.04542885 -0.007195228 0.01590826 0.04461917 -0.007066988 0.0167255 0.04517536 -4.262484e-09 0.0167255 0.04599513 -6.041923e-09 0.01590826 0.0446192 0.007066973 0.0167255 0.04542888 0.00719521 0.01590826 0.04296435 0.01395995 0.0167255 0.043744 0.01421327 0.01590826 0.04296432 -0.01395996 0.0167255 0.04054687 -0.01317449 0.0167255 0.04210862 -0.006669357 0.0167255 0.04129895 -0.006541116 0.01590826 0.03976724 -0.01292117 0.01590826 0.04181375 -6.041923e-09 0.01590826 0.04263351 -7.746084e-09 0.0167255 0.04129898 0.006541098 0.01590826 0.04210865 0.006669335 0.0167255 0.03976727 0.01292115 0.01590826 0.0405469 0.01317447 0.0167255 0.04374399 0.01421327 0.003635048 0.04542888 0.007195209 0.003635048 0.0413401 0.01975625 0.01590653 0.0405972 0.02150925 0.01426647 0.04098198 0.02088134 0.003635048 0.03721086 0.02703525 0.003635048 0.03967918 0.02300733 0.01590595 0.03721086 0.02703525 0.01590595 0.03252349 0.03252346 0.003635048 0.0325235 0.03252346 0.01590595 0.03721086 0.02703525 0.06772152 0.0325235 0.03252346 0.06772152 0.02703529 0.03721084 0.01590595 0.02703529 0.03721084 0.06772152 0.02300845 0.03967849 0.01590595 0.02160719 0.04053718 0.01782127 0.02301224 0.03967617 0.06772152 0.02160616 0.04053781 0.0658055 0.02703529 0.03721084 0.08281024 0.02152703 0.04058631 0.06936807 0.02088137 0.04098195 0.08281024 0.02050922 0.04025156 0.08362748 0.02655344 0.03654764 0.08362748 0.03252349 0.03252346 0.08281024 0.03194383 0.03194381 0.08362748 0.03721086 0.02703525 0.08281024 0.03654767 0.02655341 0.08362748 0.04098198 0.02088134 0.08281024 0.04025158 0.02050918 0.08362748 0.04374399 0.01421327 0.08281024 0.04296435 0.01395995 0.08362748 0.04542888 0.007195209 0.08281024 0.0446192 0.007066973 0.08362748 0.04599513 -6.041923e-09 0.08281024 0.04517536 -4.264704e-09 0.08362748 0.01395998 0.04296432 0.08362748 0.0142133 0.04374398 0.08281024 0.007067004 0.04461919 0.08362748 0.007195243 0.04542887 0.08281024 1.833827e-08 0.04517537 0.08362748 1.833661e-08 0.04599514 0.08281024 0.04542885 -0.007195228 0.08281024 0.04461917 -0.007066988 0.08362748 0.04374397 -0.01421328 0.08281024 0.04296432 -0.01395996 0.08362748 1.833661e-08 0.04599514 0.06771921 0.007195243 0.04542887 0.06771921 0.007067005 0.04461919 0.06690199 1.833827e-08 0.04517537 0.06690199 0.01395998 0.04296432 0.06690199 0.0142133 0.04374398 0.06771921 0.04542885 -0.007195228 0.06771921 0.04599513 -6.041923e-09 0.06771921 0.04461917 -0.007066988 0.06690199 0.04517536 -4.264704e-09 0.06690199 0.04542888 0.007195209 0.06771921 0.0446192 0.007066973 0.06690199 0.04374399 0.01421327 0.06771921 0.04296435 0.01395995 0.06690199 0.04296432 -0.01395996 0.06690199 0.04374397 -0.01421328 0.06771921 0.04133987 0.01975646 0.06772096 0.04058572 0.021528 0.06936802 0.0405469 0.01317447 0.06690199 0.04210865 0.006669335 0.06690199 0.04129898 0.006541098 0.06771921 0.04181375 -6.041923e-09 0.06771921 0.04263351 -7.748527e-09 0.06690199 0.04129895 -0.006541116 0.06771921 0.04210862 -0.006669356 0.06690199 0.03976724 -0.01292117 0.06771921 0.04054687 -0.01317449 0.06690199 0.03976727 0.01292115 0.06771921 0.03873484 -0.01751789 0.06690199 0.03775237 -0.01775924 0.06765785 0.03835321 -0.01843269 0.06663716 0.03740053 -0.01860603 0.06735838 0.03714436 -0.01922645 0.06655953 0.03807383 -0.01910237 0.06591365 0.03705075 -0.01945848 0.06547118 0.0379716 -0.0193475 0.06492529 0.03797262 -0.01934802 0.01868722 0.04023802 -0.0205023 0.01868765 0.04033945 -0.02025894 0.01770657 0.03807408 -0.01910475 0.01770636 0.04061653 -0.01959407 0.01698838 0.03835124 -0.01844009 0.01698832 0.04099501 -0.01868583 0.0167255 0.03872984 -0.01753215 0.0167255 0.04023696 -0.02050175 0.06492151 0.03705104 -0.01977581 0.01795697 0.03777939 -0.01794717 0.01599699 0.04064927 -0.02135151 0.01687063 0.04094088 -0.02067709 0.01616489 0.03741465 -0.01886764 0.01627086 0.04033934 -0.02025613 0.06591175 0.04084954 -0.02102904 0.06660571 0.04061908 -0.01958509 0.06663665 0.04111126 -0.02041497 0.06742258 0.04146614 -0.01957983 0.06772099 0.04100126 -0.01866843 0.06690199 0.04076821 -0.02123016 0.0682865 0.04029987 -0.02206588 0.06772147 0.04210865 0.006669335 0.08362748 0.04263351 -7.748527e-09 0.08362748 0.04129898 0.006541098 0.08281024 0.04181375 -6.041923e-09 0.08281024 0.03976727 0.01292115 0.08281024 0.0405469 0.01317447 0.08362748 0.03725635 0.01898303 0.08281024 0.03798677 0.0193552 0.08362748 0.03382806 0.0245775 0.08281024 0.03449125 0.02505935 0.08362748 0.02956681 0.02956678 0.08281024 0.03014648 0.03014645 0.08362748 0.02457753 0.03382803 0.08281024 0.02505938 0.03449123 0.08362748 0.01898307 0.03725632 0.08281024 0.01935524 0.03798674 0.08362748 0.01292118 0.03976725 0.08281024 0.0131745 0.04054688 0.08362748 0.006541131 0.04129895 0.08281024 0.006669369 0.04210864 0.08362748 1.7402e-08 0.04181375 0.08281024 1.739833e-08 0.04263352 0.08362748 1.833827e-08 0.04517537 0.08362748 0.007067004 0.04461919 0.08362748 0.01395998 0.04296432 0.08362748 0.02050922 0.04025156 0.08362748 0.02655344 0.03654764 0.08362748 0.03194383 0.03194381 0.08362748 0.03654767 0.02655341 0.08362748 0.04025158 0.02050918 0.08362748 0.04296435 0.01395995 0.08362748 0.0446192 0.007066973 0.08362748 0.04517536 -4.264704e-09 0.08362748 0.04210862 -0.006669356 0.08362748 0.04129895 -0.006541116 0.08281024 0.04054687 -0.01317449 0.08362748 0.03976724 -0.01292117 0.08281024 0.03798674 -0.01935522 0.08362748 0.03725632 -0.01898305 0.08281024 0.03449123 -0.02505935 0.08362748 0.03382804 -0.02457751 0.08281024 0.03014645 -0.03014645 0.08362748 0.02956679 -0.02956679 0.08281024 0.02505935 -0.03449124 0.08362748 0.02457751 -0.03382804 0.08281024 0.01935522 -0.03798675 0.08362748 0.01898305 -0.03725633 0.08281024 0.01317448 -0.04054688 0.08362748 0.01292116 -0.03976725 0.08281024 0.006669355 -0.04210864 0.08362748 0.006541115 -0.04129895 0.08281024 3.698049e-09 -0.04263352 0.08362748 3.694384e-09 -0.04181375 0.08281024 -0.006669348 -0.04210864 0.08362748 -0.006541109 -0.04129895 0.08281024 -0.01317448 -0.04054688 0.08362748 -0.01292116 -0.03976725 0.08281024 -0.01935521 -0.03798674 0.08362748 -0.01898304 -0.03725632 0.08281024 -0.02505935 -0.03449123 0.08362748 -0.0245775 -0.03382804 0.08281024 -0.03014645 -0.03014645 0.08362748 -0.02956678 -0.02956678 0.08281024 -0.03449123 -0.02505935 0.08362748 -0.03382803 -0.02457751 0.08281024 -0.03798673 -0.01935521 0.08362748 -0.03725632 -0.01898304 0.08281024 -0.04054687 -0.01317448 0.08362748 -0.03976724 -0.01292116 0.08281024 -0.04210862 -0.006669351 0.08362748 -0.04129895 -0.006541111 0.08281024 -0.04263351 8.082179e-10 0.08362748 -0.04181374 8.118826e-10 0.08281024 -0.04210862 0.006669352 0.08362748 -0.04129895 0.006541113 0.08281024 -0.04054687 0.01317448 0.08362748 -0.03976724 0.01292116 0.08281024 -0.03798673 0.01935522 0.08362748 -0.03725632 0.01898305 0.08281024 -0.03449122 0.02505936 0.08362748 -0.03382802 0.02457752 0.08281024 -0.03014644 0.03014646 0.08362748 -0.02956678 0.02956679 0.08281024 -0.02505934 0.03449124 0.08362748 -0.0245775 0.03382804 0.08281024 -0.0193552 0.03798674 0.08362748 -0.01898303 0.03725633 0.08281024 -0.01317447 0.04054688 0.08362748 -0.01292115 0.03976725 0.08281024 -0.006669335 0.04210864 0.08362748 -0.006541096 0.04129895 0.08281024 1.739833e-08 0.04263352 0.08362748 1.7402e-08 0.04181375 0.08281024 -0.04025155 0.0205092 0.08362748 -0.03654763 0.02655342 0.08362748 -0.0319438 0.03194382 0.08362748 -0.02655341 0.03654764 0.08362748 -0.02050918 0.04025156 0.08362748 -0.01395994 0.04296433 0.08362748 -0.007066969 0.04461919 0.08362748 1.833827e-08 0.04517537 0.08362748 -0.04296432 0.01395996 0.08362748 -0.04461918 0.007066987 0.08362748 -0.04517536 1.498929e-09 0.08362748 -0.04461918 -0.007066984 0.08362748 -0.04296432 -0.01395996 0.08362748 -0.04025155 -0.02050919 0.08362748 -0.03654764 -0.02655342 0.08362748 -0.03194381 -0.03194381 0.08362748 -0.02655341 -0.03654764 0.08362748 -0.02050919 -0.04025156 0.08362748 -0.01395996 -0.04296432 0.08362748 -0.007066981 -0.04461919 0.08362748 3.256567e-09 -0.04517537 0.08362748 0.007066988 -0.04461919 0.08362748 0.01395996 -0.04296432 0.08362748 0.02050919 -0.04025156 0.08362748 0.02655342 -0.03654764 0.08362748 0.03194381 -0.03194381 0.08362748 0.03654764 -0.02655342 0.08362748 0.04025155 -0.02050919 0.08362748 0.04296432 -0.01395996 0.08362748 0.04461917 -0.007066988 0.08362748 1.833661e-08 0.04599514 0.01590826 0.007195243 0.04542887 0.01590826 1.833605e-08 0.04517537 0.0167255 0.007067004 0.04461919 0.0167255 0.0142133 0.04374398 0.01590826 0.01395998 0.04296432 0.0167255 0.0131745 0.04054688 0.0167255 0.006669369 0.04210864 0.0167255 0.006541131 0.04129895 0.01590826 1.7402e-08 0.04181375 0.01590826 1.739833e-08 0.04263352 0.0167255 0.01292118 0.03976725 0.01590826 0.007195243 0.04542887 0.003635048 0.0142133 0.04374398 0.003635048 0.01975649 0.04133985 0.01590653 0.02151026 0.04059658 0.01426652 0.02088137 0.04098195 0.003635048 0.02703529 0.03721084 0.003635048 0.03232723 0.0323272 0.00224397 0.03698631 0.02687211 0.00224397 0.04073468 0.02075533 0.00224397 0.04348003 0.01412749 0.00224397 0.04515473 0.007151791 0.00224397 0.04437406 0.007028143 0.001064688 0.04272828 0.01388324 0.001064688 0.04320568 0.006843094 0.0002767075 0.04160324 0.01351769 0.0002767075 0.04003042 0.02039649 0.001064688 0.03897641 0.01985945 0.0002767075 0.03634686 0.02640751 0.001064688 0.03538985 0.0257122 0.0002767075 0.03176832 0.03176829 0.001064688 0.03093186 0.03093183 0.0002767075 0.02640754 0.03634683 0.001064688 0.02571223 0.03538982 0.0002767075 0.02687214 0.03698629 0.00224397 0.02039653 0.0400304 0.001064688 0.01985949 0.03897639 0.0002767075 0.02075537 0.04073466 0.00224397 0.01388328 0.04272827 0.001064688 0.01351773 0.04160322 0.0002767075 0.01412753 0.04348 0.00224397 0.007028175 0.04437403 0.001064688 0.006843123 0.04320567 0.0002767075 0.007151825 0.04515472 0.00224397 1.833878e-08 0.04492717 0.001064688 1.834118e-08 0.04374422 0.0002767075 1.833661e-08 0.04599514 0.003635048 1.833717e-08 0.04571758 0.00224397 0.01395996 -0.04296432 0.06690199 0.007066987 -0.04461919 0.06690199 0.01421328 -0.04374398 0.06771921 0.007195227 -0.04542886 0.06771921 3.256567e-09 -0.04517537 0.06690199 3.258233e-09 -0.04599514 0.06771921 -0.007066981 -0.04461919 0.06690199 -0.00719522 -0.04542886 0.06771921 -0.01395996 -0.04296432 0.06690199 -0.01421328 -0.04374398 0.06771921 0.01975646 -0.04133985 0.06772096 0.02152801 -0.04058569 0.06936802 3.698049e-09 -0.04263352 0.06690199 0.006669355 -0.04210864 0.06690199 3.694384e-09 -0.04181375 0.06771921 -0.006541109 -0.04129895 0.06771921 -0.006669348 -0.04210864 0.06690199 -0.01292116 -0.03976725 0.06771921 -0.01317448 -0.04054688 0.06690199 0.006541115 -0.04129895 0.06771921 0.01317448 -0.04054688 0.06690199 0.01292116 -0.03976725 0.06771921 -0.01752751 -0.03873083 0.06690199 -0.01794082 -0.03774569 0.06772544 -0.01843749 -0.0383512 0.06663855 -0.01880291 -0.03739835 0.06744367 -0.01943372 -0.0371439 0.06667201 -0.01910365 -0.0380733 0.06591884 -0.01966366 -0.03705076 0.06561774 -0.01934749 -0.0379716 0.06493569 -0.01960171 -0.03705105 0.0180601 -0.01934801 -0.03797262 0.01869073 -0.02050229 -0.04023802 0.01868765 -0.02025894 -0.04033946 0.01770657 -0.0191043 -0.03807427 0.01770812 -0.01959407 -0.04061653 0.01698838 -0.01843846 -0.03835193 0.01698879 -0.01868583 -0.04099501 0.0167255 -0.0175289 -0.0387312 0.0167255 -0.02050175 -0.04023696 0.06493988 -0.01787267 -0.03775324 0.015971 -0.02135922 -0.04064471 0.01686374 -0.02068179 -0.04093852 0.01616286 -0.01873799 -0.03740141 0.016258 -0.01936978 -0.03714484 0.01702157 -0.02157489 -0.04055696 0.01535948 -0.02199862 -0.04033749 0.01590595 -0.04296432 -0.01395996 0.06690199 -0.04461918 -0.007066984 0.06690199 -0.04374397 -0.01421328 0.06771921 -0.04542885 -0.007195224 0.06771921 -0.04517536 1.498929e-09 0.06690199 -0.04599513 1.497263e-09 0.06771921 -0.04461918 0.007066987 0.06690199 -0.04542885 0.007195226 0.06771921 -0.04296432 0.01395996 0.06690199 -0.04374397 0.01421328 0.06771921 -0.04133984 -0.01975646 0.06772096 -0.04058568 -0.02152801 0.06936802 -0.04263351 8.082179e-10 0.06690199 -0.04210862 -0.006669351 0.06690199 -0.04181374 8.118826e-10 0.06771921 -0.04129895 0.006541113 0.06771921 -0.04210862 0.006669352 0.06690199 -0.03976724 0.01292116 0.06771921 -0.04054687 0.01317448 0.06690199 -0.04129895 -0.006541111 0.06771921 -0.04054687 -0.01317448 0.06690199 -0.03976724 -0.01292116 0.06771921 -0.03873134 0.01752628 0.06690199 -0.03760228 0.0178031 0.06772317 -0.03835145 0.01843688 0.06663837 -0.03722062 0.01866294 0.06744454 -0.03694111 0.01929098 0.06668241 -0.03807336 0.01910349 0.06591816 -0.03683912 0.01951791 0.06564206 -0.03797159 0.0193475 0.06493434 -0.03686224 0.01932644 0.01810972 -0.03797261 0.01934802 0.01872594 -0.04023695 0.02050175 0.06493988 -0.04023801 0.0205023 0.01868765 -0.04033945 0.02025894 0.01770657 -0.03807357 0.01910597 0.01772572 -0.04061652 0.01959407 0.01698838 -0.03834933 0.01844466 0.01699351 -0.040995 0.01868583 0.0167255 -0.03872603 0.01754128 0.0167255 -0.0376326 0.01762334 0.01599117 -0.0406447 0.02135923 0.01686374 -0.04093851 0.02068179 0.01616286 -0.03724656 0.01847451 0.01628458 -0.03696534 0.01909623 0.01705831 -0.04055695 0.02157489 0.01535948 -0.04008961 0.02240312 0.01590595 -0.01395994 0.04296433 0.06690199 -0.007066969 0.04461919 0.06690199 -0.01421326 0.04374398 0.06771921 -0.007195208 0.04542887 0.06771921 1.833827e-08 0.04517537 0.06690199 1.833661e-08 0.04599514 0.06771921 -0.01975645 0.04133985 0.06772096 -0.02152799 0.0405857 0.06936802 -0.01317132 0.04055096 0.06690199 -0.006673466 0.04210643 0.06690199 8.055898e-09 0.04263328 0.06690199 -0.00653966 0.04129525 0.0677717 8.055898e-09 0.04181374 0.0677717 -0.01292044 0.03993212 0.0677717 -0.02301329 0.0396755 0.06772152 -0.02160612 0.04053782 0.01782199 -0.02160715 0.04053719 0.06580622 -0.02050228 0.04023802 0.06493888 -0.02025881 0.0403395 0.06592043 -0.02135921 0.04064472 0.06676376 -0.02068177 0.04093852 0.06746462 -0.01959361 0.04061672 0.06663899 -0.01868493 0.04099538 0.06690199 -0.02050173 0.04023696 0.0186876 -0.01934059 0.03795806 0.06489058 -0.01934718 0.03797102 0.01868745 -0.02025839 0.04033839 0.01770656 -0.01910403 0.03807279 0.01770648 -0.01959358 0.04061554 0.01698838 -0.01843945 0.03835029 0.01698835 -0.01868543 0.04099417 0.0167255 -0.01753152 0.03872915 0.0167255 -0.01933351 0.03679349 0.06559184 -0.01909886 0.03805934 0.06589628 -0.01910392 0.03690046 0.0666564 -0.01843874 0.03833661 0.06663252 -0.01849088 0.03719736 0.06743709 -0.01765552 0.03760616 0.0677279 -0.01753711 0.03871557 0.06690199 -0.01967031 0.03688857 0.01793077 -0.01791208 0.03764594 0.01591373 -0.02068113 0.04093897 0.01616296 -0.02135825 0.04064532 0.01686409 -0.022402 0.0400903 0.01590595 -0.0215738 0.04055762 0.01535946 0.02301331 -0.0396755 0.06772152 0.02160614 -0.04053781 0.01782199 0.02160717 -0.04053718 0.06580622 0.0205023 -0.04023802 0.06493888 0.02025882 -0.0403395 0.06592043 0.02135922 -0.04064471 0.06676376 0.02068179 -0.04093852 0.06746462 0.01959363 -0.04061671 0.06663899 0.01868494 -0.04099538 0.06690199 0.02050175 -0.04023696 0.0186876 0.0193475 -0.0379716 0.01868761 0.01934802 -0.03797263 0.06493529 0.01957658 -0.03695053 0.06561133 0.01975427 -0.03704669 0.01794685 0.01910418 -0.03807309 0.01770656 0.01951938 -0.03714347 0.01693903 0.01843944 -0.0383504 0.01698838 0.01887011 -0.03740389 0.01619965 0.01798027 -0.03775821 0.01592666 0.0175314 -0.03872922 0.0167255 0.01868545 -0.04099417 0.0167255 0.01959359 -0.04061554 0.01698838 0.02068115 -0.04093897 0.01616296 0.02025841 -0.04033839 0.01770656 0.02135827 -0.04064532 0.01686409 0.02240202 -0.0400903 0.01590595 0.02157382 -0.04055762 0.01535946 8.055898e-09 0.04263328 0.06690199 0.006673481 0.04210643 0.06690199 0.01317134 0.04055096 0.06690199 0.006539676 0.04129525 0.0677717 0.01292045 0.03976486 0.0677717 8.055898e-09 0.04181374 0.0677717 0.01748982 0.03873546 0.06690199 0.01868548 0.04099417 0.06690199 0.01841512 0.03834656 0.06663377 0.01959362 0.04061554 0.06663911 0.01909257 0.03806203 0.06590099 0.02025843 0.04033839 0.06592093 0.01934065 0.0379581 0.06489998 0.02050177 0.04023696 0.06493988 0.02050232 0.04023802 0.01868765 0.01934776 0.03797206 0.01868172 0.02025897 0.04033946 0.01770657 0.01910135 0.03807518 0.01770361 0.01959409 0.04061653 0.01698838 0.01842783 0.03835628 0.01698759 0.01868585 0.04099501 0.0167255 0.01750769 0.03874005 0.0167255 0.01931806 0.03697538 0.01819061 0.01931854 0.03701191 0.06540337 0.01761677 0.03771671 0.0160623 0.02135925 0.04064472 0.01686374 0.02068181 0.04093852 0.01616286 0.01847143 0.03734368 0.01636593 0.02157491 0.04055696 0.01535948 0.02199865 0.04033749 0.01590595 0.01909171 0.03707342 0.01714237 0.03680764 0.01195951 0 0.02529454 0.008218672 0.001155279 0.03822536 0.006054301 0 0.02626881 0.004160592 0.001155279 0.02369743 0.01207443 0.001155279 0.0344836 0.01757026 0 0.02151682 0.01563287 0.001155279 0.03131046 0.02274836 0 0.01880639 0.01880637 0.001155279 0.02736634 0.02736632 0 0.01563289 0.0215168 0.001155279 0.02274838 0.03131044 0 0.01207446 0.02369742 0.001155279 0.01757029 0.03448359 0 0.008218703 0.02529451 0.001155279 0.01195954 0.03680761 0 0.004160578 0.0262688 0.001155279 0.006054317 0.03822535 0 2.225733e-08 0.02659624 0.001155279 1.833661e-08 0.03870183 0 -0.004160546 0.02626879 0.001155279 -0.006054283 0.03822534 0 -0.008218669 0.02529452 0.001155279 -0.01195951 0.03680762 0 -0.01207442 0.02369742 0.001155279 -0.01757024 0.03448359 0 -0.01563286 0.0215168 0.001155279 -0.02274835 0.03131044 0 -0.01880636 0.01880637 0.001155279 -0.02736631 0.02736633 0 -0.02151679 0.01563287 0.001155279 -0.03131043 0.02274837 0 -0.02369741 0.01207444 0.001155279 -0.03448357 0.01757027 0 -0.02529451 0.008218688 0.001155279 -0.03680761 0.01195952 0 -0.02626878 0.00416057 0.001155279 -0.03822533 0.006054303 0 -0.02659623 1.466109e-09 0.001155279 -0.03870181 1.466109e-09 0 -0.02626878 -0.004160567 0.001155279 -0.03822533 -0.006054301 0 -0.02529451 -0.008218686 0.001155279 -0.03680761 -0.01195952 0 -0.02369741 -0.01207444 0.001155279 -0.03448358 -0.01757026 0 -0.02151679 -0.01563287 0.001155279 -0.03131043 -0.02274836 0 -0.01880637 -0.01880637 0.001155279 -0.02736632 -0.02736632 0 -0.01563286 -0.0215168 0.001155279 -0.02274836 -0.03131043 0 -0.01207443 -0.02369742 0.001155279 -0.01757026 -0.03448359 0 -0.008218684 -0.02529451 0.001155279 -0.01195952 -0.03680762 0 -0.00416056 -0.02626879 0.001155279 -0.006054296 -0.03822534 0 3.222441e-09 -0.02659624 0.001155279 3.258233e-09 -0.03870182 0 0.004160564 -0.02626879 0.001155279 0.006054302 -0.03822534 0 0.008218686 -0.02529451 0.001155279 0.01195952 -0.03680762 0 0.01207444 -0.02369741 0.001155279 0.01757026 -0.03448358 0 0.01563287 -0.0215168 0.001155279 0.02274836 -0.03131044 0 0.01880637 -0.01880637 0.001155279 0.02736632 -0.02736632 0 0.02151679 -0.01563288 0.001155279 0.03131043 -0.02274837 0 0.02369741 -0.01207444 0.001155279 0.03448358 -0.01757027 0 0.02529451 -0.008218692 0.001155279 0.03680762 -0.01195953 0 0.02626878 -0.004160573 0.001155279 0.03822533 -0.006054305 0 0.02659622 3.959819e-08 0.001155279 0.03870181 9.815291e-09 0 0.01241032 -0.01241032 0.001630577 0.01031613 -0.01419893 0.001630577 0.007967918 -0.01563791 0.001630577 0.005423505 -0.01669184 0.001630564 0.002745547 -0.01733476 0.001630564 3.033058e-09 -0.01755085 0.001630577 -0.002745542 -0.01733476 0.001630577 -0.005423505 -0.01669184 0.001630577 -0.007967908 -0.01563792 0.001630577 -0.01031612 -0.01419893 0.001630577 -0.01241031 -0.01241031 0.001630577 -0.01419893 -0.01031612 0.001630577 -0.01563791 -0.007967919 0.001630577 -0.01669183 -0.005423508 0.001630577 -0.01733475 -0.002745556 0.001630577 -0.01755083 1.553975e-09 0.001630577 -0.01733475 0.002745561 0.001630577 -0.01669184 0.005423508 0.001630577 -0.01563791 0.007967921 0.001630577 -0.01419893 0.01031613 0.001630577 -0.01241031 0.01241032 0.001630577 -0.01031612 0.01419893 0.001630577 -0.007967904 0.01563791 0.001630577 -0.005423493 0.01669185 0.001630577 -0.002745532 0.01733476 0.001630577 2.966944e-08 0.01755085 0.001630577 0.002745557 0.01733477 0.001630577 0.005423516 0.01669184 0.001630577 0.007967941 0.01563791 0.001630577 0.01031614 0.01419893 0.001630577 0.01241034 0.01241031 0.001630577 0.01419895 0.01031613 0.001630577 0.01563793 0.007967918 0.001630577 0.01669187 0.005423484 0.001630577 0.01733478 0.002745604 0.001630577 0.01755083 6.903282e-08 0.001630577 0.01733475 -0.00274557 0.001630577 0.01669184 -0.005423514 0.001630577 0.0156379 -0.007967923 0.001630577 0.01419892 -0.01031614 0.001630577 0.01009127 0.003278796 0.002187705 0.01047995 0.001659927 0.002187705 0.008584114 -0.006236745 0.002187705 0.007502795 -0.007502795 0.002187692 0.006236734 -0.008584119 0.002187692 0.004817096 -0.009454066 0.002187692 0.003278835 -0.01009124 0.002187692 0.001659841 -0.01047993 0.002187692 3.540008e-09 -0.01061056 0.002187705 -0.001659835 -0.01047992 0.002187705 -0.003278844 -0.01009123 0.002187705 -0.004817086 -0.00945408 0.002187705 -0.006236714 -0.008584123 0.002187705 -0.007502792 -0.00750279 0.002187705 -0.008584116 -0.006236722 0.002187705 -0.009454067 -0.004817098 0.002187705 -0.01009123 -0.00327884 0.002187692 -0.01047992 -0.001659853 0.002187692 -0.01061055 1.88007e-09 0.002187692 -0.01047992 0.001659862 0.002187705 -0.01009123 0.003278843 0.002187705 -0.009454069 0.004817098 0.002187705 -0.008584118 0.006236725 0.002187705 -0.007502787 0.007502797 0.002187692 -0.006236725 0.008584118 0.002187692 -0.004817082 0.009454074 0.002187705 -0.00327883 0.01009124 0.002187705 -0.001659829 0.01047993 0.002187705 3.861904e-08 0.01061056 0.002187718 0.001659845 0.01047994 0.002187705 0.003278844 0.01009124 0.002187692 0.004817122 0.009454073 0.002187692 0.006236742 0.00858412 0.002187692 0.007502821 0.00750279 0.002187705 0.008584135 0.006236735 0.002187705 0.009454085 0.0048171 0.002187705 0.00365058 0.001860085 0.002252051 0.003896648 0.001266 0.002252051 0.004046726 0.0006410334 0.002252051 0.003314669 0.00240825 0.002252051 0.002897143 0.002897105 0.002252039 0.002408243 0.00331466 0.002252039 0.0018601 0.003650574 0.002252039 0.001266078 0.00389661 0.002252039 0.0006409022 0.004046719 0.002252051 5.599063e-08 0.004097149 0.002252051 -0.0006409031 0.004046699 0.002252051 -0.001266077 0.003896613 0.002252051 -0.001860055 0.003650575 0.002252039 -0.002408236 0.003314655 0.002252039 -0.002897106 0.002897115 0.002252039 -0.003314658 0.002408231 0.002252051 -0.00365057 0.001860072 0.002252051 -0.003896604 0.001266086 0.002252051 -0.004046692 0.0006409421 0.002252039 -0.004097129 2.840416e-09 0.002252039 -0.004046693 -0.0006409259 0.002252039 -0.003896597 -0.001266084 0.002252039 -0.003650567 -0.001860077 0.002252039 -0.003314656 -0.002408226 0.002252051 -0.002897112 -0.002897108 0.002252051 -0.002408214 -0.003314664 0.002252051 -0.001860062 -0.003650582 0.002252051 -0.001266099 -0.003896599 0.002252051 -0.0006408984 -0.004046697 0.002252051 5.319198e-09 -0.004097145 0.002252051 0.0006409063 -0.004046699 0.002252039 0.001266075 -0.003896609 0.002252039 0.001860073 -0.003650566 0.002252039 0.002408246 -0.003314652 0.002252039 0.002897116 -0.00289711 0.002252039 0.003314645 -0.002408261 0.002252051 0.00365056 -0.001860074 0.002252051 0.00945406 -0.0048171 0.002187705 0.01009124 -0.003278842 0.002187705 0.01047991 -0.001659882 0.002187705 0.01061054 1.016029e-07 0.002187705 0.003896611 -0.001266075 0.002252051 0.004046683 -0.0006409902 0.002252051 0.004097114 1.473934e-07 0.002252051 -0.04599513 1.497263e-09 0.003635048 -0.0451547 0.007151807 0.00224397 -0.04348 0.01412751 0.00224397 -0.04437403 0.007028158 0.001064688 -0.04320565 0.006843107 0.0002767075 -0.04492715 1.499433e-09 0.001064688 -0.04374421 1.501838e-09 0.0002767075 -0.04571757 1.497827e-09 0.00224397 -0.04437403 -0.007028155 0.001064688 -0.04320565 -0.006843102 0.0002767075 -0.0451547 -0.007151804 0.00224397 -0.04272826 -0.01388325 0.001064688 -0.04160321 -0.01351771 0.0002767075 -0.04348 -0.01412751 0.00224397 -0.04003039 -0.0203965 0.001064688 -0.03897638 -0.01985946 0.0002767075 -0.04073465 -0.02075534 0.00224397 -0.03634683 -0.02640752 0.001064688 -0.03538982 -0.02571221 0.0002767075 -0.03698628 -0.02687211 0.00224397 -0.03176829 -0.0317683 0.001064688 -0.03093183 -0.03093183 0.0002767075 -0.0323272 -0.0323272 0.00224397 -0.02640751 -0.03634683 0.001064688 -0.0257122 -0.03538982 0.0002767075 -0.02687211 -0.03698629 0.00224397 -0.0203965 -0.0400304 0.001064688 -0.01985946 -0.03897639 0.0002767075 -0.02075534 -0.04073466 0.00224397 -0.01388325 -0.04272827 0.001064688 -0.0135177 -0.04160322 0.0002767075 -0.0141275 -0.04348 0.00224397 -0.007028152 -0.04437403 0.001064688 -0.006843101 -0.04320566 0.0002767075 -0.007151801 -0.04515471 0.00224397 3.256063e-09 -0.04492716 0.001064688 3.253661e-09 -0.04374422 0.0002767075 3.258233e-09 -0.04599514 0.003635048 3.257669e-09 -0.04571758 0.00224397 0.007028158 -0.04437403 0.001064688 0.006843107 -0.04320566 0.0002767075 0.007151807 -0.04515471 0.00224397 0.01388326 -0.04272827 0.001064688 0.01351771 -0.04160322 0.0002767075 0.01412751 -0.04348 0.00224397 0.0203965 -0.0400304 0.001064688 0.01985946 -0.03897639 0.0002767075 0.02075535 -0.04073466 0.00224397 0.02640752 -0.03634684 0.001064688 0.02571221 -0.03538982 0.0002767075 0.02687212 -0.03698629 0.00224397 0.0317683 -0.0317683 0.001064688 0.03093183 -0.03093184 0.0002767075 0.0323272 -0.0323272 0.00224397 0.03634684 -0.02640752 0.001064688 0.03538982 -0.02571221 0.0002767075 0.03698629 -0.02687212 0.00224397 0.04003039 -0.0203965 0.001064688 0.03897638 -0.01985947 0.0002767075 0.04073465 -0.02075534 0.00224397 0.04272826 -0.01388326 0.001064688 0.04160321 -0.01351771 0.0002767075 0.04348 -0.01412751 0.00224397 0.04437402 -0.00702816 0.001064688 0.04320565 -0.006843108 0.0002767075 0.0451547 -0.007151809 0.00224397 0.04492715 -3.726583e-09 0.001064688 0.04374421 -1.161995e-09 0.0002767075 0.04599513 -6.041923e-09 0.003635048 0.04571757 -5.440186e-09 0.00224397 0.04027616 0.0130865 0 0.04182749 0.006624811 0 0.03773312 0.01922597 0 0.03426096 0.02489202 0 0.02994518 0.02994515 0 0.02489205 0.03426093 0 0.019226 0.0377331 0 0.01308653 0.04027614 0 0.006624839 0.04182747 0 1.834402e-08 0.04234885 0 -0.006624801 0.04182747 0 -0.0130865 0.04027614 0 -0.01922596 0.03773311 0 -0.02489201 0.03426094 0 -0.02994514 0.02994516 0 -0.03426093 0.02489203 0 -0.03773309 0.01922598 0 -0.04027613 0.01308651 0 -0.04182745 0.006624823 0 -0.04234884 1.504672e-09 0 -0.04182745 -0.006624818 0 -0.04027613 -0.01308651 0 -0.0377331 -0.01922597 0 -0.03426093 -0.02489202 0 -0.02994515 -0.02994515 0 -0.02489202 -0.03426093 0 -0.01922597 -0.0377331 0 -0.01308651 -0.04027614 0 -0.006624816 -0.04182745 0 3.250824e-09 -0.04234885 0 0.006624821 -0.04182745 0 0.01308651 -0.04027614 0 0.01922598 -0.0377331 0 0.02489202 -0.03426094 0 0.02994515 -0.02994515 0 0.03426094 -0.02489203 0 0.0377331 -0.01922598 0 0.04027613 -0.01308651 0 0.04182745 -0.006624823 0 0.04234884 1.863144e-09 0 0.03093183 -0.03093184 0.0002767075 0.02571221 -0.03538982 0.0002767075 0.01985946 -0.03897639 0.0002767075 0.01351771 -0.04160322 0.0002767075 0.006843107 -0.04320566 0.0002767075 3.253661e-09 -0.04374422 0.0002767075 -0.006843101 -0.04320566 0.0002767075 -0.0135177 -0.04160322 0.0002767075 -0.01985946 -0.03897639 0.0002767075 -0.0257122 -0.03538982 0.0002767075 -0.03093183 -0.03093183 0.0002767075 -0.03538982 -0.02571221 0.0002767075 -0.03897638 -0.01985946 0.0002767075 -0.04160321 -0.01351771 0.0002767075 -0.04320565 -0.006843102 0.0002767075 -0.04374421 1.501838e-09 0.0002767075 -0.04320565 0.006843107 0.0002767075 -0.04160321 0.01351771 0.0002767075 -0.03897638 0.01985947 0.0002767075 -0.03538981 0.02571221 0.0002767075 -0.03093183 0.03093184 0.0002767075 -0.0257122 0.03538982 0.0002767075 -0.01985945 0.03897639 0.0002767075 -0.01351769 0.04160322 0.0002767075 -0.006843086 0.04320567 0.0002767075 1.834118e-08 0.04374422 0.0002767075 0.006843123 0.04320567 0.0002767075 0.01351773 0.04160322 0.0002767075 0.01985949 0.03897639 0.0002767075 0.02571223 0.03538982 0.0002767075 0.03093186 0.03093183 0.0002767075 0.03538985 0.0257122 0.0002767075 0.03897641 0.01985945 0.0002767075 0.04160324 0.01351769 0.0002767075 0.04320568 0.006843094 0.0002767075 0.04374421 -1.161995e-09 0.0002767075 0.04320565 -0.006843108 0.0002767075 0.04160321 -0.01351771 0.0002767075 0.03897638 -0.01985947 0.0002767075 0.03538982 -0.02571221 0.0002767075 -0.01975625 -0.04134008 0.06772096 -0.01868545 -0.04099417 0.06690199 -0.01959359 -0.04061554 0.06663911 -0.02068114 -0.04093897 0.06746453 -0.0202584 -0.04033839 0.06592093 -0.02135827 -0.04064532 0.06676339 -0.02240478 -0.04008873 0.06772152 -0.02157973 -0.040554 0.06827036 -0.0396755 -0.02301331 0.06772152 -0.0405378 -0.02160613 0.01782199 -0.04053718 -0.02160717 0.06580622 -0.04023801 -0.02050229 0.06493888 -0.04033949 -0.02025882 0.06592043 -0.04064471 -0.02135922 0.06676376 -0.04093851 -0.02068179 0.06746462 -0.0406167 -0.01959363 0.06663899 -0.04099538 -0.01868494 0.06690199 -0.04023695 -0.02050175 0.0186876 -0.03797159 -0.01934749 0.01868861 -0.03797261 -0.01934802 0.06493865 -0.03686443 -0.0195177 0.06559239 -0.03688979 -0.01965392 0.01794192 -0.03807314 -0.01910405 0.01770706 -0.03699107 -0.01942079 0.0169315 -0.03835057 -0.01843897 0.0169885 -0.03726669 -0.01877814 0.01619076 -0.03764273 -0.01789829 0.0159183 -0.03872959 -0.01753047 0.0167255 -0.04099416 -0.01868545 0.0167255 -0.04061553 -0.01959359 0.01698838 -0.04093896 -0.02068115 0.01616296 -0.04033838 -0.02025841 0.01770656 -0.04064531 -0.02135827 0.01686409 -0.04033817 -0.02199751 0.01590595 -0.04055761 -0.02157381 0.01535946 -0.04134007 0.01975626 0.06772096 -0.04099415 0.01868545 0.06690199 -0.04061553 0.01959359 0.06663911 -0.04093896 0.02068115 0.06746453 -0.04033837 0.02025841 0.06592093 -0.04064531 0.02135827 0.06676339 -0.04033748 0.02199888 0.06772152 -0.04055399 0.02157974 0.06827036 0.01975628 0.04134007 0.06772096 0.02068117 0.04093897 0.06746453 0.02135829 0.04064532 0.06676339 0.02240481 0.04008873 0.06772152 0.02157976 0.04055399 0.06827036 0.03967552 0.0230133 0.06772152 0.04053784 0.02160613 0.017822 0.04053721 0.02160716 0.06580622 0.04023804 0.02050229 0.06493888 0.04033952 0.02025881 0.06592043 0.04064474 0.02135921 0.06676376 0.04093854 0.02068178 0.06746462 0.04061673 0.01959362 0.06663899 0.0409954 0.01868493 0.06690199 0.04023698 0.02050174 0.0186876 0.03797163 0.01934748 0.01868722 0.03797265 0.01934801 0.0649408 0.03705108 0.01980648 0.06572051 0.03705078 0.01987089 0.0178648 0.0380731 0.01910422 0.01770635 0.03714657 0.01962702 0.01688152 0.03740822 0.01895833 0.01616199 0.03835034 0.01843961 0.01698832 0.03776538 0.01804464 0.01589965 0.03872909 0.01753175 0.0167255 0.04099419 0.01868544 0.0167255 0.04061556 0.01959358 0.01698838 0.04093899 0.02068114 0.01616296 0.0403384 0.0202584 0.01770656 0.04064534 0.02135826 0.01686409 0.04033821 0.0219975 0.01590595 0.04055764 0.0215738 0.01535946 -0.03873046 -0.01753065 0.06690199 -0.03762946 -0.01777319 0.06762122 -0.03835156 -0.01843934 0.06663895 -0.03807415 -0.01910454 0.06592032 -0.03724531 -0.01864619 0.06733788 -0.03696602 -0.01928305 0.06659708 0.01752754 -0.03873176 0.06690199 0.01784899 -0.03767614 0.06769746 0.01843779 -0.03835221 0.06663851 0.01910413 -0.03807435 0.06591864 0.01871087 -0.03731141 0.06741566 0.01934265 -0.03704605 0.06665265 0.03872966 0.01753263 0.06690199 0.03775492 0.01802031 0.0677327 0.03835117 0.01844032 0.06663924 0.03807408 0.0191048 0.06592139 0.03740306 0.01891223 0.06746477 0.0371454 0.01956612 0.06672814 0.01764835 0.03773191 0.06775358 0.018484 0.03737233 0.0674367 0.01909498 0.03710895 0.06657679 -0.0194397 0.03699163 0.01692369 -0.01879575 0.03726901 0.01618498 0.03714838 -0.01953615 0.01698735 0.02158081 -0.04055333 0.06827035 0.02240588 -0.04008806 0.06772152 -0.04055332 -0.02158081 0.06827035 -0.04033679 -0.02199998 0.06772152 -0.0215808 0.04055333 0.06827035 -0.02240587 0.04008806 0.06772152 0.04055335 0.0215808 0.06827035 0.04008808 0.02240588 0.06772152 0.04055696 -0.02157489 0.01535948 0.04033749 -0.02199862 0.0159059</float_array>
          <technique_common>
            <accessor count="2549" source="#verts-array-array" stride="3">
              <param type="float" name="X" />
              <param type="float" name="Y" />
              <param type="float" name="Z" />
            </accessor>
          </technique_common>
        </source>
        <source id="normals-array">
          <float_array count="7647" id="normals-array-array">0.9876887 0.156432 -2.606104e-08 0.9874737 0.1563983 0.02086478 0.9510566 0.3090167 1.439295e-08 0.9508496 0.3089493 0.02086489 0.8910066 0.4539904 4.514733e-08 0.8908126 0.4538917 0.02086434 0.8090172 0.587785 7.511702e-08 0.8088411 0.587657 0.02086486 0.7071069 0.7071067 9.785386e-08 0.7069531 0.7069526 0.02086476 0.5877854 0.8090169 1.147541e-07 0.5876576 0.8088407 0.02086481 0.4539907 0.8910064 1.226764e-07 0.453892 0.8908123 0.02086557 0.3090174 0.9510564 1.413255e-07 0.3089499 0.9508494 0.02086427 0.1564345 0.9876883 1.663719e-07 0.1564006 0.9874733 0.02086435 0.07845843 0.9969174 1.729749e-07 0.07844151 0.9967017 0.02079942 0.8062063 0.5857432 0.08328408 0.887911 0.4524133 0.08328365 0.9477527 0.3079425 0.08328429 0.9842572 0.1558892 0.08328448 0.9997823 -1.929738e-06 0.02086471 1 -2.092388e-06 -5.596867e-08 0.9874734 -0.1564003 0.02086402 0.9876884 -0.1564341 -7.325404e-08 0.9508496 -0.3089494 0.02086397 0.9510566 -0.3090168 -1.086286e-07 0.8908126 -0.4538916 0.02086445 0.8910066 -0.4539904 -1.337991e-07 0.808841 -0.5876571 0.0208643 0.8090172 -0.5877849 -1.435613e-07 0.7069529 -0.7069528 0.02086436 0.7071069 -0.7071067 -1.607474e-07 0.5876571 -0.808841 0.02086465 0.5877851 -0.8090171 -1.765911e-07 0.4538917 -0.8908125 0.02086429 0.4539904 -0.8910066 -1.837385e-07 0.30895 -0.9508494 0.0208645 0.3090175 -0.9510564 -1.758403e-07 0.1564004 -0.9874733 0.02086399 0.1564346 -0.9876883 -1.625139e-07 -1.364291e-07 -0.9997823 0.02086442 3.131096e-09 -1 -1.55734e-07 -0.1564002 -0.9874734 0.02086391 -0.1564346 -0.9876883 -1.555622e-07 -0.3089501 -0.9508494 0.02086445 -0.3090175 -0.9510564 -1.520047e-07 -0.4538922 -0.8908123 0.02086507 -0.4539908 -0.8910064 -1.240375e-07 -0.5876572 -0.8088409 0.02086464 -0.5877854 -0.8090169 -1.049924e-07 -0.7069526 -0.7069531 0.02086432 -0.7071066 -0.707107 -8.611254e-08 -0.808841 -0.5876572 0.02086407 -0.809017 -0.5877852 -5.341929e-08 -0.8908126 -0.4538916 0.02086399 -0.8910067 -0.4539902 -3.533125e-08 -0.9508495 -0.3089496 0.02086444 -0.9510565 -0.309017 -3.871739e-09 -0.9874733 -0.1564003 0.02086437 -0.9876883 -0.1564346 3.723614e-08 -0.9997823 -9.036678e-08 0.0208642 -1 5.454793e-09 6.654293e-08 -0.9874733 0.1564004 0.02086439 -0.9876883 0.1564346 8.382568e-08 -0.9508494 0.3089499 0.0208649 -0.9510565 0.309017 1.100164e-07 -0.8908126 0.4538916 0.02086473 -0.8910066 0.4539904 1.360198e-07 -0.8088408 0.5876573 0.02086489 -0.8090168 0.5877855 1.435614e-07 -0.7069527 0.706953 0.02086453 -0.7071065 0.707107 1.607474e-07 -0.587657 0.8088411 0.0208646 -0.5877849 0.8090172 1.673654e-07 -0.4538914 0.8908127 0.02086428 -0.4539903 0.8910066 1.739225e-07 -0.30895 0.9508494 0.02086426 -0.3090175 0.9510564 1.863616e-07 -0.1564005 0.9874733 0.0208644 -0.1564345 0.9876883 1.844764e-07 -0.07844184 0.9967017 0.02079969 -0.07845845 0.9969174 1.818683e-07 -0.1558914 0.9842569 0.08328395 -0.07818894 0.9934752 0.08302773 -0.1542654 0.9739866 0.1659886 -0.07737894 0.9831712 0.1654901 -0.1515684 0.9569532 0.247523 -0.07603479 0.9660777 0.2468047 -0.1478209 0.9332826 0.3273112 -0.07416739 0.9423153 0.3264062 -0.14305 0.9031488 0.404795 -0.07178882 0.9120498 0.4037469 -0.1372899 0.8667682 0.4794418 -0.06891548 0.8754897 0.4782975 -0.1305821 0.8243959 0.5507447 -0.06556803 0.832881 0.5495545 -0.1229717 0.7763227 0.6182242 -0.06176604 0.7845042 0.6170398 -0.116633 0.7362649 0.6665664 -0.05859624 0.7441682 0.6654173 -0.2303525 0.7089577 0.6665708 -0.2428849 0.7475315 0.6182262 -0.2579259 0.7938215 0.5507465 -0.2711841 0.8346219 0.4794428 -0.2825666 0.8696531 0.4047957 -0.2919944 0.898669 0.3273123 -0.2994006 0.9214614 0.247524 -0.3047304 0.9378631 0.1659887 -0.3079436 0.9477523 0.08328391 -0.3384116 0.6642004 0.6665699 -0.3568286 0.7003373 0.6182241 -0.3789279 0.7437041 0.550743 -0.3984052 0.7819269 0.4794409 -0.4151282 0.8147449 0.4047953 -0.428981 0.8419285 0.3273097 -0.4398621 0.8632811 0.2475218 -0.4476916 0.8786467 0.1659885 -0.4524128 0.8879113 0.0832839 -0.4381632 0.6030777 0.6665661 -0.4620031 0.635889 0.6182219 -0.4906111 0.6752659 0.550742 -0.5158265 0.7099726 0.4794391 -0.5374767 0.7397715 0.4047924 -0.555409 0.7644539 0.3273088 -0.5694947 0.7838422 0.2475219 -0.5796314 0.7977942 0.1659876 -0.5857432 0.8062064 0.0832832 -0.5271181 0.5270998 0.6665675 -0.5557938 0.5557802 0.6182245 -0.5902085 0.5901986 0.5507446 -0.6205418 0.6205349 0.4794417 -0.6465864 0.6465812 0.4047947 -0.6681588 0.6681553 0.3273107 -0.6851041 0.685102 0.2475229 -0.6972982 0.697297 0.1659881 -0.7046503 0.7046501 0.08328406 -0.6030729 0.4381629 0.6665706 -0.6358839 0.462003 0.6182272 -0.6752617 0.4906114 0.5507468 -0.7099704 0.5158265 0.4794424 -0.7397697 0.5374764 0.404796 -0.7644523 0.5554092 0.3273122 -0.7838411 0.5694954 0.247524 -0.7977937 0.5796317 0.1659891 -0.8062062 0.5857433 0.08328469 -0.6641904 0.3384309 0.66657 -0.7003301 0.3568415 0.6182249 -0.7436997 0.378937 0.5507427 -0.7819233 0.3984125 0.4794407 -0.8147419 0.4151341 0.4047954 -0.8419265 0.4289845 0.3273105 -0.8632803 0.4398639 0.2475216 -0.8786462 0.4476928 0.1659877 -0.887911 0.4524133 0.08328414 -0.7089583 0.2303572 0.6665686 -0.7475318 0.2428896 0.618224 -0.7938219 0.2579301 0.550744 -0.8346217 0.2711867 0.4794417 -0.8696528 0.2825683 0.4047952 -0.8986691 0.2919957 0.3273108 -0.9214616 0.2994014 0.2475225 -0.9378631 0.3047307 0.1659882 -0.9477523 0.3079437 0.08328412 -0.7362649 0.1166277 0.6665673 -0.7763248 0.1229692 0.618222 -0.8243974 0.1305806 0.5507428 -0.8667695 0.1372889 0.4794397 -0.9031497 0.143049 0.4047933 -0.9332832 0.1478205 0.3273095 -0.9569533 0.1515684 0.2475224 -0.9739868 0.1542653 0.1659879 -0.9842569 0.1558914 0.0832836 -0.7454478 -4.70179e-06 0.666564 -0.7860054 -5.080031e-06 0.6182197 -0.8346774 -4.214531e-06 0.5507392 -0.8775763 -3.225976e-06 0.479437 -0.9144089 -2.222127e-06 0.4047918 -0.9449179 -1.463836e-06 0.3273075 -0.9688828 -1.052303e-06 0.2475201 -0.986128 -6.89637e-07 0.1659869 -0.9965259 -3.257605e-07 0.08328303 -0.7362662 -0.116623 0.6665667 -0.7763242 -0.1229637 0.6182238 -0.8243976 -0.1305763 0.5507435 -0.8667693 -0.1372857 0.4794409 -0.9031492 -0.1430469 0.4047952 -0.933283 -0.1478188 0.327311 -0.9569536 -0.1515672 0.2475222 -0.9739868 -0.1542646 0.1659882 -0.984257 -0.155891 0.08328389 -0.7089649 -0.2303403 0.6665674 -0.7475375 -0.242877 0.618222 -0.793826 -0.2579199 0.5507427 -0.8346253 -0.2711792 0.4794397 -0.8696552 -0.2825632 0.4047936 -0.8986704 -0.2919926 0.3273099 -0.9214623 -0.2993993 0.2475224 -0.9378636 -0.3047294 0.1659878 -0.9477526 -0.307943 0.08328368 -0.6642058 -0.338413 0.6665638 -0.7003418 -0.3568293 0.6182185 -0.7437073 -0.3789286 0.5507382 -0.7819294 -0.3984061 0.4794362 -0.8147468 -0.4151291 0.4047906 -0.8419296 -0.4289812 0.3273068 -0.8632817 -0.4398621 0.2475198 -0.8786469 -0.4476921 0.1659864 -0.8879113 -0.4524129 0.08328303 -0.6030838 -0.4381611 0.6665619 -0.635895 -0.4620011 0.6182172 -0.6752708 -0.4906101 0.5507369 -0.7099759 -0.5158254 0.4794356 -0.7397739 -0.5374757 0.4047895 -0.7644556 -0.5554083 0.3273062 -0.7838433 -0.5694947 0.2475187 -0.7977946 -0.5796314 0.1659856 -0.8062065 -0.5857432 0.08328304 -0.5271039 -0.5271218 0.6665614 -0.555783 -0.5557986 0.6182178 -0.5902009 -0.5902127 0.5507376 -0.6205363 -0.620545 0.4794357 -0.6465821 -0.6465884 0.4047901 -0.6681559 -0.6681602 0.3273066 -0.6851024 -0.6851051 0.2475191 -0.6972972 -0.6972986 0.1659859 -0.7046497 -0.7046508 0.08328292 -0.4381458 -0.6030923 0.6665643 -0.4619886 -0.6358991 0.6182224 -0.4906003 -0.6752731 0.5507428 -0.5158188 -0.7099777 0.4794399 -0.5374707 -0.7397754 0.4047932 -0.555405 -0.7644563 0.3273099 -0.5694928 -0.7838436 0.2475221 -0.5796304 -0.797795 0.1659873 -0.5857428 -0.8062067 0.08328332 -0.3384198 -0.6641968 0.6665693 -0.3568346 -0.7003329 0.6182255 -0.378932 -0.7437 0.5507457 -0.3984088 -0.7819242 0.4794423 -0.4151314 -0.8147433 0.4047953 -0.4289826 -0.841927 0.3273117 -0.4398628 -0.8632803 0.2475233 -0.4476926 -0.8786463 0.1659883 -0.4524137 -0.8879108 0.08328421 -0.2303576 -0.7089569 0.6665699 -0.2428899 -0.7475309 0.6182249 -0.25793 -0.7938213 0.5507448 -0.2711863 -0.834622 0.4794415 -0.2825683 -0.8696529 0.4047949 -0.2919962 -0.8986688 0.3273111 -0.2994019 -0.9214612 0.2475232 -0.3047308 -0.937863 0.1659883 -0.3079441 -0.9477522 0.08328412 -0.1166269 -0.7362633 0.6665692 -0.1229693 -0.7763233 0.6182239 -0.1305803 -0.8243968 0.5507438 -0.1372885 -0.8667691 0.4794405 -0.1430494 -0.9031486 0.4047956 -0.147821 -0.9332824 0.3273116 -0.1515683 -0.9569534 0.2475221 -0.1542651 -0.9739867 0.1659886 -0.1558911 -0.9842569 0.08328405 -1.515414e-05 -0.7454469 0.666565 -1.011285e-05 -0.7860061 0.6182187 -7.122073e-06 -0.8346781 0.5507381 -5.373167e-06 -0.8775762 0.4794371 -3.76909e-06 -0.9144086 0.4047924 -1.628579e-06 -0.9449182 0.3273066 -1.014944e-06 -0.968883 0.2475192 -7.212555e-07 -0.986128 0.1659869 -3.069498e-07 -0.9965259 0.08328362 0.1166137 -0.7362715 0.6665624 0.1229583 -0.7763297 0.618218 0.130572 -0.8244021 0.5507378 0.137283 -0.8667724 0.4794361 0.1430454 -0.9031515 0.4047906 0.1478174 -0.9332844 0.3273076 0.1515662 -0.9569542 0.2475203 0.154264 -0.9739872 0.1659867 0.155891 -0.9842571 0.08328269 0.2303645 -0.7089614 0.6665627 0.2428959 -0.747534 0.6182188 0.2579346 -0.7938243 0.5507384 0.2711894 -0.8346239 0.4794364 0.28257 -0.8696539 0.4047917 0.2919975 -0.8986699 0.3273071 0.2994025 -0.9214619 0.2475199 0.3047309 -0.9378633 0.1659868 0.3079439 -0.9477524 0.08328285 0.3384386 -0.6641916 0.6665649 0.3568474 -0.7003294 0.6182221 0.3789413 -0.7436977 0.5507424 0.3984152 -0.7819225 0.4794399 0.415136 -0.814742 0.4047932 0.4289857 -0.8419262 0.3273094 0.4398641 -0.8632798 0.2475229 0.4476932 -0.8786461 0.1659875 0.4524136 -0.887911 0.08328306 0.4381573 -0.6030795 0.6665682 0.4619963 -0.6358918 0.6182241 0.4906065 -0.6752676 0.550744 0.5158229 -0.7099737 0.4794414 0.5374742 -0.7397724 0.4047942 0.5554072 -0.7644543 0.3273109 0.5694941 -0.7838424 0.2475229 0.5796313 -0.7977943 0.1659872 0.585743 -0.8062065 0.08328361 0.5271024 -0.5271171 0.6665663 0.5557848 -0.5557943 0.61822 0.5902022 -0.5902088 0.5507404 0.6205376 -0.620542 0.4794379 0.6465835 -0.6465863 0.4047913 0.6681565 -0.6681585 0.3273091 0.6851028 -0.6851039 0.2475212 0.6972974 -0.6972981 0.1659869 0.70465 -0.7046504 0.08328347 0.6030829 -0.4381583 0.6665646 0.6358949 -0.4619982 0.6182195 0.6752698 -0.4906076 0.5507403 0.7099752 -0.5158239 0.4794381 0.7397734 -0.5374747 0.4047917 0.764455 -0.5554076 0.3273088 0.7838429 -0.5694941 0.2475213 0.7977946 -0.579631 0.1659871 0.8062066 -0.5857429 0.08328328 0.6642007 -0.3384199 0.6665654 0.7003366 -0.3568343 0.6182216 0.7437022 -0.378932 0.5507427 0.7819259 -0.3984087 0.4794397 0.8147442 -0.4151314 0.4047935 0.8419278 -0.4289825 0.3273096 0.8632807 -0.4398628 0.2475221 0.8786465 -0.4476923 0.1659879 0.8879111 -0.4524132 0.08328379 0.7089582 -0.2303638 0.6665664 0.7475313 -0.2428959 0.618222 0.7938217 -0.2579343 0.5507422 0.8346222 -0.2711892 0.4794395 0.869653 -0.2825701 0.4047936 0.8986691 -0.2919972 0.3273096 0.9214615 -0.2994021 0.247522 0.9378631 -0.3047307 0.1659882 0.9477524 -0.3079435 0.08328366 0.7362654 -0.1166424 0.6665642 0.7763265 -0.1229806 0.6182176 0.8243996 -0.130589 0.5507375 0.8667708 -0.1372954 0.4794355 0.90315 -0.143054 0.4047909 0.9332837 -0.1478235 0.3273068 0.9569539 -0.1515699 0.2475194 0.973987 -0.1542658 0.1659863 0.9842571 -0.1558911 0.0832824 0.7454544 2.997614e-05 0.6665567 0.7860099 2.75274e-05 0.6182139 0.7362612 0.1166471 0.666568 0.7763176 0.1229764 0.6182295 0.8346808 2.019542e-05 0.5507341 0.8243924 0.1305851 0.5507492 0.8775788 1.400468e-05 0.4794324 0.8667657 0.1372919 0.4794458 0.914411 9.836626e-06 0.4047869 0.9031472 0.1430505 0.4047983 0.9449194 6.446355e-06 0.3273031 0.9332816 0.1478196 0.3273146 0.9688835 3.120817e-06 0.2475172 0.9569528 0.1515666 0.2475254 0.9861284 8.803165e-07 0.1659845 0.9739868 0.1542632 0.1659894 0.996526 -8.581079e-07 0.08328252 0.7475362 0.2428731 0.6182251 0.7938252 0.2579175 0.550745 0.8346246 0.271177 0.4794422 0.8696546 0.282561 0.4047964 0.8986703 0.2919912 0.3273115 0.9214625 0.2993985 0.2475227 0.9378637 0.3047287 0.1659881 0.7003329 0.3568393 0.618223 0.6641955 0.338426 0.6665674 0.708963 0.2303327 0.6665721 0.7437001 0.3789352 0.5507434 0.7819241 0.3984111 0.4794407 0.814743 0.4151332 0.4047941 0.8419269 0.4289839 0.3273102 0.8632803 0.4398634 0.2475224 0.8786463 0.4476927 0.1659876 0.6030715 0.4381682 0.6665684 0.6358847 0.4620049 0.618225 0.6752625 0.490613 0.5507445 0.70997 0.5158277 0.4794418 0.7397696 0.5374774 0.404795 0.7644525 0.5554094 0.3273114 0.7838415 0.5694954 0.2475227 0.7977938 0.5796319 0.1659876 0.5271109 0.5271036 0.6665702 0.5557897 0.5557835 0.6182252 0.5902056 0.5902006 0.5507455 0.6205401 0.6205362 0.4794421 0.6465851 0.6465822 0.4047952 0.6681578 0.6681557 0.327312 0.6851037 0.6851023 0.247523 0.6972983 0.6972969 0.1659883 0.7046506 0.7046497 0.08328426 0.4381727 0.6030687 0.666568 0.4620097 0.6358836 0.6182225 0.4906159 0.6752615 0.550743 0.5158301 0.7099696 0.4794399 0.537479 0.7397694 0.4047932 0.5554105 0.7644524 0.3273099 0.5694962 0.7838409 0.2475227 0.5796324 0.7977934 0.1659878 0.5857436 0.8062061 0.08328356 0.3384174 0.6642023 0.6665651 0.3568309 0.7003392 0.6182206 0.3789291 0.7437052 0.5507407 0.3984067 0.7819277 0.4794384 0.4151299 0.8147459 0.4047917 0.4289815 0.8419285 0.3273092 0.4398622 0.863281 0.2475219 0.4476921 0.8786468 0.1659864 0.4524135 0.887911 0.08328365 0.2303484 0.708961 0.6665688 0.2428847 0.7475323 0.6182253 0.2579265 0.7938216 0.5507461 0.2711841 0.8346221 0.4794425 0.282567 0.8696533 0.404795 0.2919952 0.8986688 0.3273122 0.2994008 0.9214614 0.2475238 0.3047304 0.9378631 0.1659884 0.3079439 0.9477523 0.083284 0.1166321 0.7362633 0.6665682 0.1229723 0.7763239 0.6182225 0.1305829 0.8243966 0.5507434 0.1372906 0.8667692 0.4794398 0.1430505 0.9031493 0.4047936 0.1478211 0.9332831 0.3273095 0.1515684 0.9569534 0.2475222 0.1542656 0.9739866 0.1659889 0.1558917 0.9842569 0.08328392 0.0585872 0.7441658 0.6654207 0.06175567 0.7845052 0.6170396 0.06555894 0.8328816 0.5495546 0.06890896 0.8754907 0.4782966 0.07178414 0.9120502 0.4037467 0.0741644 0.9423157 0.3264057 0.07603337 0.966078 0.2468042 0.07737805 0.9831712 0.1654902 0.07818814 0.9934752 0.0830276 0.1206376 0.761369 0.6369959 0.2381939 0.7331408 0.6369994 0.3499428 0.6868535 0.6370026 0.4531322 0.623623 0.6369973 0.5450925 0.5450754 0.6369984 0.6236288 0.4531196 0.6370006 0.6868422 0.3499671 0.6370015 0.7331512 0.2381593 0.6370003 0.7613604 0.1206793 0.6369984 0.7708606 7.471155e-05 0.6370039 0.7613705 -0.120664 0.6369892 0.7331321 -0.2382323 0.6369951 0.6868524 -0.3499524 0.6369985 0.6236511 -0.4530917 0.6369986 0.5450657 -0.5451026 0.6369981 0.4530959 -0.6236501 0.6369965 0.3499965 -0.6868288 0.6369998 0.2382306 -0.7331301 0.636998 0.1205909 -0.7613769 0.6369953 -3.91308e-05 -0.7708669 0.6369962 -0.1206253 -0.7613711 0.6369958 -0.2382166 -0.7331323 0.6370007 -0.3499536 -0.6868508 0.6369996 -0.4530624 -0.6236671 0.6370037 -0.5450682 -0.5451065 0.6369926 -0.6236515 -0.4531037 0.6369897 -0.6868614 -0.3499374 0.6369971 -0.7331513 -0.2381733 0.636995 -0.7613715 -0.1206142 0.6369973 -0.7708645 -1.102351e-05 0.6369992 -0.7613714 0.1206247 0.6369955 -0.7331346 0.2382155 0.6369984 -0.6868349 0.3499825 0.6370009 -0.6236369 0.4531108 0.6369989 -0.5451062 0.5450588 0.6370009 -0.4531039 0.6236405 0.6370003 -0.3499345 0.6868623 0.6369976 -0.2382062 0.7331365 0.6369998 -0.120639 0.7613649 0.6370006 -0.06062669 0.7694436 0.6358309 -0.1370461 0.8648689 0.4829286 -0.06884596 0.8735801 0.4817862 -0.1515613 0.9564406 0.2495004 -0.07610036 0.9655657 0.2487801 -0.156204 0.985725 0.0628217 -0.07841897 0.9949513 0.06262849 -0.07857357 0.9969083 0 -0.1565134 0.9876758 0 -0.3083994 0.9491803 0.06282225 -0.3090099 0.9510588 0 -0.4530442 0.8892718 0.0628222 -0.4539407 0.8910319 0 -0.5866287 0.8074157 0.06282205 -0.5877895 0.8090139 0 -0.7057469 0.7056732 0.06282162 -0.7071439 0.7070697 0 -0.807408 0.5866394 0.06282161 -0.809006 0.5878003 -1.664726e-17 -0.8892332 0.4531199 0.06282228 -0.8909932 0.4540167 -2.53659e-17 -0.9491756 0.308414 0.06282163 -0.9510541 0.3090244 -1.442592e-17 -0.9857285 0.1561818 0.06282138 -0.9876794 0.156491 -1.055296e-17 -0.9980247 -1.900095e-05 0.06282204 -1 -1.88322e-05 -3.33381e-19 -0.9857315 -0.1561631 0.0628216 -0.9876823 -0.1564726 9.990997e-18 -0.9491975 -0.3083463 0.06282181 -0.9510761 -0.3089566 2.14092e-17 -0.8892432 -0.4531001 0.06282467 -0.8909994 -0.4540045 1.481105e-17 -0.807389 -0.586666 0.06281725 -0.8089816 -0.587834 0 -0.70572 -0.7057005 0.06281785 -0.7071228 -0.7070908 0 -0.5866111 -0.8074283 0.06282507 -0.5877791 -0.8090215 0 -0.4530759 -0.8892557 0.06282173 -0.4539726 -0.8910156 0 -0.3084169 -0.9491746 0.06282247 -0.3090272 -0.9510532 0 -0.1561834 -0.9857282 0.06282204 -0.1564926 -0.9876791 0 -5.973734e-05 -0.9980247 0.06282202 -6.022924e-05 -1 0 0.1561265 -0.9857373 0.06282123 0.1564355 -0.9876882 0 0.3084383 -0.9491677 0.06282124 0.3090488 -0.9510462 0 0.4531433 -0.8892213 0.06282147 0.4540402 -0.8909812 0 0.5866105 -0.807429 0.06282141 0.5877715 -0.809027 0 0.705682 -0.7057382 0.06282215 0.7070786 -0.707135 2.06894e-17 0.8074317 -0.5866068 0.06282133 0.8090298 -0.5877677 4.072946e-17 0.8892572 -0.453073 0.06282147 0.8910172 -0.4539696 3.14579e-17 0.9491666 -0.3084415 0.06282155 0.9510452 -0.3090518 1.955597e-17 0.9857189 -0.1562425 0.06282106 0.9876697 -0.1565518 8.470935e-18 0.9980247 0.0001269855 0.06282198 1 0.0001265951 -3.000792e-19 0.985716 0.1562615 0.06281989 0.9876666 0.1565714 -7.133318e-18 0.9492037 0.3083273 0.06282213 0.9510824 0.3089374 -1.679897e-17 0.8892437 0.4530995 0.06282179 0.8910037 0.4539961 -3.145974e-17 0.807399 0.5866518 0.06282175 0.8089969 0.5878129 -2.004273e-17 0.7057243 0.7056959 0.06282203 0.7071209 0.7070927 0 0.5866685 0.8073869 0.06282162 0.5878297 0.8089847 0 0.4530577 0.8892649 0.06282218 0.4539544 0.8910249 0 0.308383 0.9491856 0.06282194 0.3089931 0.9510643 0 0.1562029 0.9857252 0.06282165 0.1565123 0.987676 0 0.07838197 0.9949542 0.06262884 0.0785368 0.9969112 0 0.8628249 0.4396388 0.2495013 0.7834125 0.5692221 0.2495016 0.780214 0.3975454 0.4829325 0.8328197 0.2705297 0.4829338 0.8648651 0.1370885 0.4829235 0.9210027 0.2991685 0.2495038 0.9564335 0.1516142 0.2494957 0.7084069 0.5147207 0.482931 0.6191963 0.6191727 0.4829298 0.6847578 0.6847304 0.2495015 0.5147351 0.708397 0.48293 0.5692385 0.7834007 0.2495013 0.3975094 0.7802321 0.4829329 0.4395977 0.8628457 0.2495017 0.2705768 0.832807 0.4829293 0.2992226 0.9209864 0.2494991 0.1370453 0.8648682 0.4829302 0.1515604 0.9564407 0.2495008 0.06881295 0.8735825 0.4817866 0.06060538 0.7694505 0.6358246 0.07606441 0.9655685 0.2487802 -0.2705866 0.8328033 0.4829302 -0.2992368 0.9209812 0.2495014 -0.3975015 0.7802377 0.4829303 -0.4395862 0.8628516 0.2495016 -0.5147023 0.7084188 0.4829331 -0.5692007 0.7834278 0.2495026 -0.6192137 0.6191545 0.4829308 -0.6847789 0.6847094 0.2495014 -0.7084143 0.5147119 0.4829294 -0.7834206 0.5692112 0.2495011 -0.7802061 0.3975608 0.4829325 -0.8628156 0.439657 0.2495016 -0.8327987 0.2706008 0.4829302 -0.9209766 0.2992517 0.2495007 -0.8648716 0.1370287 0.4829288 -0.956444 0.1515405 0.2495003 -0.875658 -1.694863e-05 0.4829318 -0.9683739 -1.850663e-05 0.2495034 -0.8648754 -0.1370125 0.4829266 -0.9564471 -0.1515222 0.2494994 -0.832818 -0.2705447 0.4829283 -0.9209977 -0.2991872 0.2495 -0.780225 -0.3975187 0.4829366 -0.8628294 -0.4396256 0.2495091 -0.7084209 -0.5147136 0.4829179 -0.7834129 -0.5692272 0.249489 -0.6191751 -0.6192019 0.4829194 -0.6847455 -0.684746 0.2494926 -0.5146633 -0.708445 0.4829362 -0.5691718 -0.7834475 0.2495065 -0.3975277 -0.7802244 0.4829302 -0.4396165 -0.8628363 0.2495012 -0.2706013 -0.8327975 0.482932 -0.2992539 -0.9209752 0.249503 -0.1370301 -0.8648719 0.4829278 -0.151542 -0.9564438 0.2495 -4.727484e-05 -0.8756584 0.4829311 -5.585326e-05 -0.9683744 0.2495015 0.1369841 -0.864879 0.4829282 0.1514876 -0.9564525 0.2494999 0.2706201 -0.8327934 0.4829284 0.2992746 -0.9209697 0.2494987 0.3975807 -0.780198 0.4829293 0.4396803 -0.8628044 0.249499 0.5146881 -0.7084328 0.4829277 0.5691831 -0.7834415 0.2494996 0.6191616 -0.6192059 0.4829316 0.6847174 -0.6847705 0.2495023 0.708434 -0.5146851 0.4829291 0.783444 -0.5691799 0.2494991 0.7802266 -0.3975251 0.4829289 0.8628385 -0.4396134 0.2494989 0.8327933 -0.2706227 0.4829272 0.9209683 -0.2992781 0.2494996 0.8648665 -0.1370783 0.4829239 0.9564359 -0.1515983 0.2494963 0.8756561 0.0001065877 0.4829352 0.9683739 0.0001230615 0.2495036 0.07826077 0.01239512 0.9968559 2.054536e-09 -1.838345e-08 1 0.07535815 0.02448531 0.9968559 0.07060002 0.03597249 0.9968559 0.06410348 0.04657386 0.9968559 0.0560285 0.05602847 0.9968559 0.04657389 0.06410347 0.9968559 0.03597252 0.07059998 0.9968559 0.02448535 0.07535815 0.9968559 0.01239528 0.07826071 0.9968559 6.685945e-09 0.07923625 0.9968559 -0.01239527 0.07826071 0.9968559 -0.02448535 0.07535816 0.9968559 -0.03597251 0.0706 0.9968559 -0.04657385 0.06410349 0.9968559 -0.05602847 0.05602851 0.9968559 -0.06410347 0.04657389 0.9968559 -0.07060002 0.0359725 0.9968559 0.1617035 0.05254061 0.9854397 0.1514935 0.07718972 0.9854397 0.2797878 0.0909084 0.9557481 0.2905646 0.04602035 0.9557481 0.1679319 0.02659742 0.9854397 0.2941862 -5.214484e-07 0.9557481 0.170025 -2.865105e-07 0.9854397 0.07923623 -1.345011e-07 0.9968559 -0.07535815 0.02448535 0.9968559 -0.07826072 0.01239526 0.9968559 -0.07923625 1.033303e-11 0.9968559 -0.07826072 -0.01239526 0.9968559 -0.07535816 -0.02448533 0.9968559 -0.07060002 -0.0359725 0.9968559 -0.06410347 -0.04657391 0.9968559 -0.05602848 -0.05602848 0.9968559 -0.04657392 -0.06410346 0.9968559 -0.03597253 -0.0706 0.9968559 -0.02448534 -0.07535815 0.9968559 -0.01239527 -0.07826072 0.9968559 5.405763e-09 -0.07923627 0.9968559 0.01239527 -0.07826072 0.9968559 0.02448533 -0.07535816 0.9968559 0.03597251 -0.07060004 0.9968559 -0.1617034 0.05254065 0.9854397 -0.1679318 0.02659772 0.9854397 -0.2797877 0.09090856 0.9557481 -0.2621219 0.1335578 0.9557481 -0.1514934 0.07718977 0.9854397 -0.2380017 0.1729184 0.9557481 -0.1375532 0.09993824 0.9854397 -0.208021 0.2080212 0.9557481 -0.1202259 0.1202259 0.9854397 -0.1729182 0.2380018 0.9557481 -0.09993819 0.1375533 0.9854397 -0.1335578 0.2621218 0.9557481 -0.07718977 0.1514935 0.9854397 -0.09090852 0.2797877 0.9557481 -0.05254063 0.1617035 0.9854397 -0.04602085 0.2905643 0.9557481 -0.02659776 0.1679318 0.9854397 2.976085e-08 0.2941862 0.9557481 9.045845e-09 0.1700251 0.9854397 0.04602088 0.2905643 0.9557481 0.0265978 0.1679318 0.9854397 0.09090857 0.2797877 0.9557481 0.05254064 0.1617035 0.9854397 0.1335578 0.2621219 0.9557481 0.0771898 0.1514935 0.9854397 0.1729184 0.2380017 0.9557481 0.09993826 0.1375531 0.9854397 0.2080212 0.208021 0.9557481 0.1202259 0.1202259 0.9854397 0.2380017 0.1729182 0.9557481 0.1375532 0.09993819 0.9854397 0.2621219 0.1335577 0.9557481 0.4240195 0.137772 0.8951125 0.4403514 0.06974383 0.8951125 0.4458404 -7.285294e-07 0.8951125 0.6432371 -1.096243e-06 0.765667 0.6353177 0.100623 0.7656673 0.8235247 -1.443084e-06 0.5672805 0.8133878 0.1288262 0.5672778 0.6117545 0.1987709 0.7656674 0.7832207 0.2544832 0.5672775 0.3972469 0.2024073 0.8951124 0.5731284 0.2920234 0.7656671 0.7337642 0.3738716 0.5672831 0.3606926 0.2620582 0.8951125 0.5203897 0.3780848 0.7656673 0.6662476 0.4840562 0.5672774 0.3152568 0.3152567 0.8951125 0.4548372 0.4548373 0.7656671 0.5823197 0.5823199 0.5672806 0.2620584 0.3606926 0.8951124 0.3780852 0.5203896 0.7656672 0.4840564 0.6662462 0.567279 0.2024075 0.3972466 0.8951125 0.2920237 0.5731284 0.765667 0.3738719 0.7337646 0.5672824 0.1377723 0.4240195 0.8951124 0.1987713 0.6117545 0.7656673 0.2544836 0.7832194 0.567279 0.06974493 0.4403512 0.8951125 0.1006244 0.6353181 0.7656668 0.1288274 0.8133852 0.5672812 -1.057052e-07 0.4458407 0.8951123 6.908798e-08 0.6432369 0.7656672 1.903956e-07 0.8235244 0.5672809 -0.0697446 0.4403513 0.8951125 -0.1006244 0.635318 0.7656669 -0.1288277 0.8133852 0.5672811 -0.1377724 0.4240196 0.8951124 -0.1987712 0.6117548 0.765667 -0.254483 0.7832196 0.567279 -0.2024074 0.3972467 0.8951125 -0.2920234 0.5731282 0.7656673 -0.3738723 0.7337655 0.5672809 -0.2620582 0.3606925 0.8951125 -0.378085 0.5203898 0.7656672 -0.4840555 0.666246 0.5672799 -0.3152566 0.3152568 0.8951125 -0.4548372 0.4548373 0.7656671 -0.5823202 0.5823207 0.5672793 -0.3606925 0.2620584 0.8951125 -0.5203895 0.378085 0.7656674 -0.6662461 0.4840562 0.5672792 -0.3972466 0.2024075 0.8951125 -0.5731284 0.2920236 0.7656671 -0.7337647 0.3738717 0.5672825 -0.4240196 0.1377724 0.8951124 -0.611755 0.1987714 0.7656669 -0.7832184 0.2544832 0.5672805 -0.2905642 0.04602081 0.9557481 -0.4403514 0.06974471 0.8951125 -0.6353177 0.1006242 0.7656672 -0.8133875 0.1288279 0.5672778 -0.170025 2.245398e-08 0.9854397 -0.2941862 -1.262719e-08 0.9557481 -0.4458407 -9.772322e-08 0.8951123 -0.6432369 -2.105834e-08 0.7656672 -0.8235243 -1.105414e-07 0.5672809 -0.1679318 -0.02659775 0.9854397 -0.2905643 -0.04602082 0.9557481 -0.4403514 -0.06974455 0.8951125 -0.6353176 -0.1006241 0.7656672 -0.8133876 -0.1288276 0.5672778 -0.1617035 -0.05254061 0.9854397 -0.2797877 -0.09090842 0.9557481 -0.4240196 -0.1377723 0.8951124 -0.611755 -0.1987714 0.7656668 -0.7832184 -0.2544831 0.5672806 -0.1514934 -0.07718975 0.9854397 -0.2621218 -0.1335578 0.9557481 -0.3972468 -0.2024075 0.8951124 -0.5731283 -0.2920235 0.7656672 -0.7337644 -0.3738718 0.5672827 -0.1375532 -0.09993824 0.9854397 -0.2380017 -0.1729183 0.9557481 -0.3606925 -0.2620584 0.8951125 -0.5203898 -0.378085 0.7656671 -0.666246 -0.4840556 0.5672799 -0.1202259 -0.1202259 0.9854397 -0.2080211 -0.2080211 0.9557481 -0.3152567 -0.3152566 0.8951126 -0.4548373 -0.4548372 0.7656672 -0.5823211 -0.5823212 0.5672779 -0.09993828 -0.1375531 0.9854397 -0.1729184 -0.2380016 0.9557481 -0.2620584 -0.3606924 0.8951125 -0.3780852 -0.5203898 0.7656671 -0.4840557 -0.6662458 0.56728 -0.07718984 -0.1514934 0.9854397 -0.1335578 -0.2621219 0.9557481 -0.2024075 -0.3972468 0.8951124 -0.2920238 -0.5731282 0.7656672 -0.3738719 -0.7337644 0.5672826 -0.05254062 -0.1617035 0.9854397 -0.09090854 -0.2797877 0.9557481 -0.1377723 -0.4240195 0.8951124 -0.1987713 -0.6117548 0.765667 -0.2544837 -0.7832198 0.5672784 -0.02659773 -0.1679318 0.9854397 -0.04602079 -0.2905643 0.9557481 -0.06974475 -0.4403512 0.8951125 -0.1006244 -0.6353178 0.7656671 -0.1288277 -0.8133864 0.5672794 -1.541895e-09 -0.1700251 0.9854397 -3.042848e-08 -0.2941862 0.9557481 6.351431e-08 -0.4458405 0.8951124 -3.771248e-08 -0.6432368 0.7656673 -1.286963e-07 -0.8235257 0.5672789 0.02659776 -0.1679318 0.9854397 0.04602092 -0.2905644 0.9557481 0.06974474 -0.4403512 0.8951125 0.1006244 -0.6353177 0.7656671 0.1288279 -0.8133864 0.5672794 0.05254066 -0.1617035 0.9854397 0.09090848 -0.2797877 0.9557481 0.1377721 -0.4240193 0.8951125 0.1987712 -0.6117549 0.765667 0.2544832 -0.7832197 0.5672787 0.07718972 -0.1514935 0.9854397 0.1335577 -0.2621219 0.9557481 0.2024073 -0.3972468 0.8951124 0.2920235 -0.5731285 0.765667 0.3738718 -0.7337646 0.5672824 0.04657392 -0.06410348 0.9968559 0.05602851 -0.05602847 0.9968559 0.06410347 -0.0465739 0.9968559 0.07060005 -0.03597248 0.9968559 0.07535816 -0.02448534 0.9968559 0.07826073 -0.0123953 0.9968559 0.09993826 -0.1375532 0.9854397 0.1729184 -0.2380016 0.9557481 0.2620585 -0.3606924 0.8951125 0.3780852 -0.5203897 0.7656671 0.4840557 -0.6662459 0.5672799 0.1202259 -0.1202259 0.9854397 0.2080211 -0.208021 0.9557481 0.3152567 -0.3152567 0.8951125 0.4548372 -0.454837 0.7656673 0.5823206 -0.5823201 0.5672794 0.1375532 -0.09993823 0.9854397 0.2380017 -0.1729183 0.9557481 0.3606925 -0.2620584 0.8951125 0.5203897 -0.3780849 0.7656672 0.6662475 -0.4840564 0.5672774 0.1514935 -0.07718971 0.9854397 0.2621219 -0.1335577 0.9557481 0.3972469 -0.2024073 0.8951124 0.5731285 -0.2920233 0.7656671 0.7337645 -0.3738714 0.5672829 0.1617034 -0.05254066 0.9854397 0.2797877 -0.09090856 0.9557481 0.4240196 -0.1377723 0.8951124 0.6117547 -0.1987713 0.7656671 0.7832194 -0.2544836 0.567279 0.1679318 -0.02659778 0.9854397 0.2905643 -0.04602084 0.9557481 0.4403515 -0.06974479 0.8951124 0.6353175 -0.1006245 0.7656673 0.8133862 -0.1288277 0.5672798 0.876499 -0.1388238 0.4609528 0.8439916 -0.2742299 0.4609513 0.7906979 -0.4028804 0.4609601 0.7179438 -0.5216163 0.4609481 0.8874236 -1.603076e-06 0.4609548 0.8765014 0.1388225 0.4609487 0.843994 0.2742297 0.4609471 0.7906978 0.4028809 0.4609598 0.717944 0.5216161 0.460948 0.6275031 0.6275033 0.460955 0.5216158 0.7179421 0.4609512 0.4028808 0.7906984 0.4609589 0.2742299 0.8439916 0.4609513 0.1388234 0.8764969 0.4609569 8.83462e-08 0.8874235 0.4609551 -0.1388236 0.8764968 0.460957 -0.2742292 0.8439919 0.4609513 -0.4028818 0.7907 0.4609553 -0.5216148 0.7179413 0.4609537 -0.6275041 0.6275043 0.4609522 -0.7179422 0.5216158 0.4609511 -0.7906985 0.4028806 0.4609589 -0.8439898 0.274229 0.4609552 -0.8765011 0.1388242 0.4609487 -0.8874236 -2.630767e-07 0.4609549 -0.8765011 -0.1388238 0.4609488 -0.8439899 -0.2742289 0.460955 -0.7906983 -0.4028809 0.460959 -0.7179412 -0.5216149 0.4609537 -0.6275057 -0.6275049 0.4609493 -0.5216152 -0.7179411 0.4609535 -0.4028807 -0.7906984 0.460959 -0.2742298 -0.843992 0.4609507 -0.1388237 -0.8764991 0.4609526 -7.644468e-08 -0.8874257 0.4609508 0.1388239 -0.876499 0.4609527 0.2742293 -0.8439919 0.4609511 0.4028809 -0.7906983 0.4609589 0.521615 -0.7179411 0.4609537 0.6275043 -0.6275041 0.4609522 0.9792976 0.1551033 -0.1300734 0.98386 0.155826 0.08796488 0.942977 0.3063912 -0.1300721 0.94737 0.3078186 0.0879645 0.8834366 0.4501331 -0.1300764 0.887553 0.4522303 0.08796309 0.8021439 0.5827912 -0.1300752 0.805881 0.5855065 0.08796553 0.7010995 0.7010994 -0.1300736 0.704366 0.7043656 0.08796328 0.5827915 0.8021437 -0.1300751 0.5855067 0.8058809 0.08796553 0.4501336 0.8834364 -0.1300765 0.4522311 0.8875526 0.08796313 0.3063919 0.9429768 -0.1300722 0.3078191 0.9473699 0.08796444 0.1551054 0.9792973 -0.1300734 0.155828 0.9838596 0.08796503 0.07779669 0.9884996 -0.1296773 0.07815706 0.9930767 0.08769354 0.7739496 0.3943468 -0.4954721 0.702731 0.5105636 -0.4954735 0.4531512 0.230892 -0.8610127 0.4836914 0.1571606 -0.8610129 0.1298504 0.04219095 -0.9906356 0.1348535 0.02135838 -0.9906353 -0.117684 -0.0382378 -0.9923146 -0.122217 -0.01935694 -0.9923146 -0.110253 -0.0561767 -0.9923147 0.1216522 0.06198488 -0.9906355 -0.1001075 -0.07273229 -0.9923147 0.1104589 0.08025298 -0.9906353 -0.08749789 -0.08749775 -0.9923146 0.09654329 0.0965433 -0.9906355 -0.07273181 -0.1001069 -0.9923148 0.08025224 0.1104576 -0.9906355 -0.05617665 -0.1102528 -0.9923147 0.06198449 0.1216513 -0.9906356 -0.03823783 -0.1176839 -0.9923147 0.04219068 0.1298494 -0.9906357 -0.01935715 -0.1222162 -0.9923147 0.02135854 0.1348523 -0.9906355 -0.009738029 -0.1237333 -0.9922677 0.01074482 0.1365259 -0.9905782 0.4114513 0.2989366 -0.8610138 0.6142107 0.6142102 -0.4954706 0.3596219 0.3596216 -0.8610136 0.2989393 0.4114546 -0.8610112 0.5105657 0.702733 -0.4954685 0.2308928 0.4531525 -0.8610118 0.3943478 0.7739505 -0.49547 0.1571606 0.4836906 -0.8610134 0.2684205 0.8261125 -0.495468 0.07956033 0.5023238 -0.8610116 0.1358832 0.8579322 -0.4954675 0.03999427 0.5081764 -0.8603239 0.06820322 0.8666036 -0.4943141 -0.07779659 0.9884996 -0.1296772 -0.07815682 0.9930767 0.08769337 -0.1551053 0.9792973 -0.1300734 -0.155828 0.9838597 0.08796489 -0.3063916 0.9429769 -0.1300721 -0.307819 0.9473699 0.0879645 -0.4501336 0.8834369 -0.1300732 -0.4522306 0.8875528 0.08796309 -0.5827913 0.8021439 -0.1300751 -0.5855065 0.8058811 0.0879644 -0.7010995 0.7010999 -0.130071 -0.7043657 0.704366 0.08796324 -0.802144 0.5827918 -0.1300721 -0.805881 0.5855069 0.08796287 -0.8834367 0.4501339 -0.1300732 -0.8875526 0.452231 0.08796304 -0.9429768 0.3063919 -0.1300721 -0.9473699 0.3078191 0.08796444 -0.9792974 0.155105 -0.1300734 -0.9838597 0.1558277 0.08796503 -0.9915046 5.018682e-08 -0.1300715 -0.9961238 1.224378e-07 0.08796253 -0.9792973 -0.1551052 -0.1300736 -0.9838597 -0.1558278 0.08796496 -0.9429769 -0.3063917 -0.1300721 -0.9473699 -0.3078191 0.0879645 -0.8834369 -0.4501336 -0.1300732 -0.887553 -0.4522306 0.0879614 -0.8021437 -0.5827915 -0.1300751 -0.8058808 -0.5855068 0.08796547 -0.7010995 -0.7010994 -0.1300736 -0.7043659 -0.7043658 0.08796328 -0.5827918 -0.8021438 -0.130073 -0.5855069 -0.8058808 0.08796442 -0.4501337 -0.8834364 -0.1300764 -0.4522311 -0.8875525 0.0879631 -0.3063919 -0.9429767 -0.1300727 -0.3078189 -0.9473697 0.08796654 -0.1551053 -0.9792973 -0.1300736 -0.155828 -0.9838596 0.08796517 4.929256e-08 -0.9915041 -0.1300751 -2.386152e-08 -0.9961236 0.08796444 0.1551053 -0.9792973 -0.1300735 0.1558279 -0.9838597 0.08796503 0.3063915 -0.9429769 -0.1300721 0.3078189 -0.9473698 0.08796631 0.4501336 -0.883437 -0.1300723 0.4522306 -0.8875528 0.08796315 0.5827919 -0.8021439 -0.1300721 0.585507 -0.8058808 0.08796398 0.7010999 -0.7010995 -0.1300709 0.704366 -0.7043657 0.08796323 0.802144 -0.5827911 -0.1300751 0.8058812 -0.5855063 0.08796553 0.883437 -0.4501334 -0.1300732 0.8875529 -0.4522307 0.08796143 0.9429768 -0.3063918 -0.1300721 0.9473699 -0.307819 0.08796438 0.9792973 -0.1551053 -0.1300736 0.9838598 -0.155828 0.08796314 0.9915046 -1.852743e-06 -0.1300715 0.9961238 -1.830872e-06 0.08796247 0.5105658 -0.7027335 -0.4954676 0.6142116 -0.6142112 -0.4954682 0.2989386 -0.4114536 -0.861012 0.2308916 -0.4531507 -0.8610131 0.06198446 -0.1216514 -0.9906356 0.04219119 -0.1298513 -0.9906354 -0.05617667 0.110253 -0.9923147 -0.0382372 0.1176821 -0.9923149 0.02135841 -0.1348513 -0.9906356 -0.01935698 0.1222153 -0.9923148 -1.479725e-08 -0.1365327 -0.9906356 3.885662e-08 0.1237401 -0.9923147 -0.02135835 -0.1348513 -0.9906356 0.01935694 0.1222153 -0.9923148 -0.04219129 -0.1298513 -0.9906354 0.03823718 0.1176822 -0.9923149 -0.06198489 -0.1216522 -0.9906355 0.05617675 0.110253 -0.9923147 -0.08025182 -0.1104572 -0.9906356 0.07273279 0.100108 -0.9923146 -0.09654275 -0.09654276 -0.9906357 0.08749836 0.0874983 -0.9923145 -0.1104579 -0.08025225 -0.9906355 0.1001071 0.07273213 -0.9923148 -0.1216522 -0.06198486 -0.9906355 0.1102523 0.05617631 -0.9923148 -0.1298514 -0.04219125 -0.9906354 0.117683 0.03823749 -0.9923148 -0.1348523 -0.02135849 -0.9906355 0.1222162 0.01935708 -0.9923147 -0.1365337 1.48815e-08 -0.9906354 0.1237392 1.24833e-08 -0.9923148 -0.1348523 0.02135845 -0.9906355 0.1222162 -0.0193571 -0.9923147 -0.1298515 0.04219141 -0.9906354 0.117683 -0.03823751 -0.9923148 -0.1216515 0.06198457 -0.9906356 0.110253 -0.05617676 -0.9923147 -0.1104584 0.08025272 -0.9906354 0.1001078 -0.07273259 -0.9923147 -0.09654277 0.09654279 -0.9906356 0.08749781 -0.08749785 -0.9923146 -0.08025259 0.1104584 -0.9906354 0.07273196 -0.1001071 -0.9923148 -0.06198502 0.1216524 -0.9906354 0.0561768 -0.1102532 -0.9923147 -0.04219124 0.1298514 -0.9906354 0.03823776 -0.1176838 -0.9923147 -0.0213585 0.1348522 -0.9906355 0.01935711 -0.1222162 -0.9923147 -0.01074479 0.1365259 -0.9905782 0.009738052 -0.1237333 -0.9922677 -0.07956018 0.5023238 -0.8610116 -0.03999441 0.5081765 -0.8603238 -0.135883 0.8579323 -0.4954674 -0.06820325 0.8666036 -0.4943143 -0.1571604 0.4836897 -0.8610138 -0.2684199 0.8261114 -0.4954702 -0.2308922 0.4531514 -0.8610126 -0.3943476 0.7739511 -0.4954692 -0.2989373 0.411452 -0.8610132 -0.5105641 0.7027316 -0.4954721 -0.3596223 0.3596228 -0.8610129 -0.6142119 0.6142122 -0.4954666 -0.4114536 0.2989385 -0.861012 -0.7027336 0.5105657 -0.4954676 -0.4531507 0.2308919 -0.861013 -0.773951 0.3943478 -0.4954691 -0.4836899 0.1571604 -0.8610137 -0.8261114 0.2684199 -0.4954702 -0.5023239 0.07956027 -0.8610115 -0.8579323 0.1358829 -0.4954675 -0.5085833 -7.073819e-08 -0.8610128 -0.8686262 -1.685821e-08 -0.495468 -0.5023239 -0.07956008 -0.8610115 -0.8579323 -0.1358828 -0.4954676 -0.4836897 -0.1571605 -0.8610138 -0.8261114 -0.2684199 -0.4954702 -0.4531512 -0.2308921 -0.8610127 -0.7739511 -0.3943476 -0.4954692 -0.4114532 -0.2989383 -0.8610123 -0.7027323 -0.5105649 -0.4954703 -0.3596238 -0.3596237 -0.8610119 -0.6142117 -0.6142118 -0.4954673 -0.2989391 -0.4114542 -0.8610115 -0.5105666 -0.7027337 -0.4954665 -0.2308922 -0.4531511 -0.8610127 -0.3943472 -0.7739495 -0.495472 -0.1571598 -0.4836879 -0.861015 -0.2684193 -0.8261102 -0.4954726 -0.07956019 -0.5023231 -0.861012 -0.135883 -0.8579321 -0.4954678 -1.074532e-08 -0.508585 -0.8610118 5.041815e-08 -0.8686256 -0.495469 0.07956002 -0.502323 -0.8610121 0.1358829 -0.8579323 -0.4954675 0.1571597 -0.4836875 -0.8610152 0.2684194 -0.8261102 -0.4954724 0.3943478 -0.7739515 -0.4954684 0.08025269 -0.1104584 -0.9906354 -0.07273263 0.1001078 -0.9923147 -0.08749693 0.0874969 -0.9923148 0.0965428 -0.09654267 -0.9906357 -0.1001078 0.07273261 -0.9923147 0.110457 -0.08025171 -0.9906356 -0.1102525 0.05617635 -0.9923148 0.1216522 -0.06198486 -0.9906355 -0.1176839 0.03823781 -0.9923147 0.1298505 -0.04219104 -0.9906355 -0.1222161 0.0193571 -0.9923147 0.1348523 -0.02135849 -0.9906355 -0.1237394 2.303613e-07 -0.9923148 0.1365336 -2.358591e-07 -0.9906354 0.4114543 -0.2989387 -0.8610116 0.3596215 -0.3596211 -0.861014 0.7027333 -0.5105653 -0.4954685 0.7739515 -0.3943475 -0.4954686 0.4531517 -0.2308923 -0.8610124 0.4836914 -0.1571608 -0.8610128 0.8261125 -0.2684203 -0.4954681 0.5023239 -0.07956031 -0.8610115 0.8579322 -0.135883 -0.4954675 0.5085831 -8.298059e-07 -0.8610129 0.8686261 -1.565399e-06 -0.4954681 0.5023227 0.07955895 -0.8610123 0.8261126 0.2684199 -0.4954681 0.8579314 0.1358811 -0.4954696 -0.9427637 -0.3063223 -0.1317699 -0.9510565 -0.3090172 -3.050225e-07 -0.9790762 -0.1550681 -0.1317712 -0.9876887 -0.1564323 -1.946071e-07 -0.891006 -0.4539915 -6.176174e-07 -0.8832366 -0.4500319 -0.1317737 -0.8090173 -0.5877848 -1.672097e-06 -0.8019635 -0.5826595 -0.1317667 -0.707109 -0.7071046 -1.490126e-06 -0.7009411 -0.7009403 -0.1317739 -0.5877866 -0.809016 7.666838e-07 -0.5826599 -0.8019624 -0.1317719 -0.4539882 -0.8910077 1.696829e-06 -0.4500316 -0.8832373 -0.1317704 -0.3090153 -0.9510571 -8.050736e-07 -0.3063224 -0.9427636 -0.1317705 -0.1564349 -0.9876883 -2.001287e-06 -0.1550708 -0.9790768 -0.131764 -0.07845959 -0.9969173 -1.779585e-06 -0.07777894 -0.9882769 -0.1313742 -0.6974653 -0.5067381 -0.5067136 -0.7681554 -0.3913947 -0.5067026 -0.8199263 -0.26641 -0.5067017 -0.8515079 -0.1348636 -0.5067012 -0.4652348 -0.1511639 -0.8721846 -0.4831563 -0.07652321 -0.8721836 -0.4358612 -0.2220823 -0.8721837 -0.3957405 -0.2875228 -0.8721927 -0.3459024 -0.3459016 -0.8721832 -0.6096124 -0.6096111 -0.5067021 -0.5067426 -0.6974717 -0.5067002 -0.2875326 -0.3957543 -0.8721832 -0.3913956 -0.7681563 -0.5067005 -0.2220824 -0.435861 -0.8721838 -0.2664104 -0.8199275 -0.5066995 -0.1511646 -0.4652367 -0.8721835 -0.1348642 -0.8515014 -0.5067119 -0.07652124 -0.4831395 -0.8721931 -0.06769625 -0.8601451 -0.5055369 -0.038472 -0.4888169 -0.8715377 0.1550693 -0.9790761 -0.1317707 0.1564302 -0.987689 -8.136977e-07 0.07777877 -0.988277 -0.1313739 0.07845753 -0.9969175 -1.407843e-06 0.309015 -0.9510572 2.25827e-06 0.3063221 -0.9427639 -0.1317686 0.4539927 -0.8910054 3.244743e-06 0.4500324 -0.8832366 -0.1317721 0.5877875 -0.8090154 1.413799e-06 0.58266 -0.8019626 -0.1317697 0.7071078 -0.7071057 -6.032566e-07 0.7009407 -0.7009406 -0.1317744 0.8090163 -0.5877862 -1.963615e-06 0.8019631 -0.5826607 -0.1317635 0.8910059 -0.4539917 -8.43662e-07 0.8832372 -0.4500319 -0.1317699 0.9510567 -0.3090165 -9.348962e-09 0.9427636 -0.3063226 -0.1317698 0.9876884 -0.1564342 -5.700566e-07 0.9790759 -0.1550701 -0.1317715 1 -2.227009e-07 -2.801174e-07 0.99128 9.27122e-08 -0.1317727 0.9876884 0.1564342 -1.948969e-07 0.9790759 0.15507 -0.1317711 0.9510564 0.3090173 -3.050225e-07 0.9427636 0.3063225 -0.1317699 0.891006 0.4539916 -5.714647e-07 0.883237 0.4500319 -0.1317712 0.809017 0.5877852 -1.6481e-06 0.8019632 0.5826599 -0.1317667 0.7071068 0.7071067 -1.490126e-06 0.7009406 0.7009407 -0.1317744 0.5877852 0.809017 -1.543687e-06 0.5826599 0.8019621 -0.1317736 0.4539916 0.891006 -1.657099e-06 0.4500317 0.8832366 -0.1317746 0.3090179 0.9510562 -7.119065e-07 0.3063225 0.9427636 -0.1317703 0.1564337 0.9876885 -9.493482e-08 0.1550702 0.9790759 -0.1317712 -3.167321e-06 1 -7.619001e-07 -7.091631e-07 0.9912803 -0.1317699 -0.1564329 0.9876886 -3.070701e-06 -0.1550698 0.9790764 -0.1317681 -0.3090135 0.9510577 -1.356457e-06 -0.3063216 0.9427639 -0.1317701 -0.4539926 0.8910055 7.388826e-07 -0.4500322 0.883237 -0.1317707 -0.5877871 0.8090156 -1.621661e-06 -0.5826606 0.8019631 -0.131764 -0.7071067 0.7071068 -2.561922e-06 -0.7009416 0.700941 -0.1317667 -0.8090159 0.5877867 -2.194835e-06 -0.8019627 0.5826607 -0.1317665 -0.8910059 0.4539918 -7.256127e-07 -0.8832369 0.4500314 -0.131774 -0.9510565 0.3090169 3.983159e-07 -0.9427637 0.3063225 -0.1317694 -0.9876884 0.1564339 2.000748e-07 -0.9790759 0.1550702 -0.1317712 -1 1.749396e-06 2.896693e-10 -0.99128 1.876111e-06 -0.1317727 -0.6096064 0.6096061 -0.5067153 -0.5067393 0.6974647 -0.5067132 -0.3913953 0.7681564 -0.5067006 -0.2664096 0.8199279 -0.5066992 -0.1348648 0.8514995 -0.506715 -2.951243e-07 0.8621228 -0.5066994 0.1348658 0.8515091 -0.5066987 0.2664106 0.8199274 -0.5066996 0.3913945 0.768155 -0.5067033 0.5067425 0.6974709 -0.5067015 0.6096115 0.6096106 -0.5067038 0.6974651 0.5067383 -0.5067137 0.7681564 0.3913955 -0.5067004 0.8199275 0.2664105 -0.5066994 0.8515091 0.1348655 -0.5066986 0.8621224 5.378408e-08 -0.5067 0.8515091 -0.1348656 -0.5066987 0.8199275 -0.2664107 -0.5066994 0.7681568 -0.3913962 -0.5066993 0.697466 -0.5067383 -0.5067124 0.6096116 -0.6096115 -0.5067025 0.5067429 -0.697472 -0.5066996 0.3913956 -0.7681574 -0.5066988 0.2664105 -0.8199277 -0.5066991 0.1348655 -0.8515091 -0.5066987 0.0676949 -0.8601448 -0.5055377 0.07652446 -0.4831577 -0.8721827 0.03847084 -0.4888177 -0.8715373 0.1511646 -0.4652375 -0.8721831 0.2220842 -0.4358646 -0.8721816 0.2875316 -0.3957531 -0.8721841 0.3459021 -0.3459026 -0.872183 0.3957405 -0.2875213 -0.8721932 0.4358607 -0.2220828 -0.8721839 0.4652358 -0.1511644 -0.872184 0.4831576 -0.0765245 -0.8721827 0.4891799 1.951944e-08 -0.8721829 0.4831577 0.07652443 -0.8721827 0.4652359 0.1511643 -0.872184 0.4358606 0.222082 -0.8721841 0.3957401 0.2875227 -0.8721929 0.3459018 0.345901 -0.8721837 0.2875326 0.3957545 -0.8721831 0.2220823 0.4358612 -0.8721837 0.151164 0.4652355 -0.8721843 0.07652458 0.4831567 -0.8721832 -2.925276e-08 0.4891783 -0.8721838 -0.07652216 0.4831385 -0.8721935 -0.1511633 0.4652354 -0.8721844 -0.2220822 0.4358613 -0.8721837 -0.2875221 0.395739 -0.8721936 -0.3458885 0.345888 -0.8721942 -0.3957392 0.2875213 -0.8721938 -0.6974643 0.5067378 -0.5067153 -0.7681561 0.3913956 -0.5067008 -0.435862 0.2220834 -0.8721831 -0.8199263 0.26641 -0.5067017 -0.4652347 0.1511637 -0.8721847 -0.8515091 0.1348658 -0.5066986 -0.4831576 0.07652453 -0.8721827 -0.8621225 1.739537e-06 -0.5066999 -0.4891802 1.023573e-06 -0.8721828 0.6960682 -0.6960679 0.1760073 0.796387 -0.5786084 0.1760117 0.5786093 -0.796387 0.1760088 0.4469029 -0.8770971 0.1760069 0.3041926 -0.9362084 0.1760133 0.1539922 -0.9722688 0.176011 -5.873088e-08 -0.9843884 0.1760096 -0.1539922 -0.9722688 0.176011 -0.3041922 -0.9362084 0.176014 -0.4469037 -0.8770967 0.1760071 -0.5786094 -0.7963867 0.1760096 -0.6960682 -0.6960679 0.1760073 -0.7963864 -0.5786091 0.1760118 -0.8770977 -0.446903 0.1760036 -0.9362091 -0.3041927 0.1760095 -0.9722688 -0.1539922 0.1760108 -0.9843891 2.519634e-07 0.1760058 -0.9722689 0.1539918 0.1760107 -0.936209 0.3041928 0.1760098 -0.8770969 0.4469034 0.176007 -0.7963873 0.5786095 0.1760065 -0.6960679 0.6960682 0.1760072 -0.5786091 0.7963869 0.1760096 -0.446903 0.8770971 0.176007 -0.3041927 0.9362091 0.1760097 -0.1539924 0.9722688 0.1760107 -0.07724166 0.9814481 0.1754802 0.1539922 0.9722688 0.1760107 0.07724216 0.9814482 0.1754798 0.3041928 0.936209 0.1760098 0.4469037 0.8770967 0.176007 0.5786087 0.7963867 0.1760118 0.6960683 0.6960678 0.1760073 0.7963867 0.5786088 0.1760118 0.8770972 0.4469027 0.176007 0.9362092 0.3041923 0.1760097 0.9722691 0.1539904 0.1760107 0.9843891 -1.850165e-06 0.1760058 0.9722695 -0.1539924 0.1760069 0.9362091 -0.3041926 0.1760097 0.8770975 -0.4469035 0.1760036 0.5877853 -0.809017 0 0.5877858 -0.8090166 -5.166607e-08 0.707107 -0.7071066 0 0.707107 -0.7071066 1.988833e-17 0.8090171 -0.587785 1.946836e-17 0.8090169 -0.5877854 -9.08847e-08 0.8488091 -0.5286993 -0.0002901773 0.9789806 -0.1978669 0.04945456 0.9966707 -0.05209302 -0.06272071 0.8502556 -0.5263697 -0.0006324175 0.7493965 -0.5444685 0.3767743 0.8897179 -0.4565091 -0.001226157 0.826072 -0.4200377 0.3757305 0.6290707 -0.3205266 0.7081897 0.5711799 -0.4149869 0.7081945 0.6549969 -0.6549965 0.3767741 0.4992303 -0.4992299 0.708194 0.5444681 -0.7493965 0.376775 0.414986 -0.5711796 0.7081953 0.4195475 -0.8268123 0.3746482 0.3205281 -0.6290703 0.7081895 0.2877622 -0.8810646 0.3753905 0.2181691 -0.6714577 0.7081997 0.1449063 -0.9149001 0.3767758 0.1104456 -0.6973231 0.7081965 -5.387729e-08 -0.9263043 0.3767762 -1.067068e-07 -0.7060145 0.7081974 -0.144906 -0.9149002 0.3767757 -0.1104451 -0.6973231 0.7081966 -0.2877606 -0.8810642 0.3753928 -0.2181708 -0.6714576 0.7081993 -0.4195483 -0.8268105 0.3746514 -0.3205271 -0.6290719 0.7081884 -0.5444685 -0.7493958 0.3767759 -0.4149857 -0.5711775 0.7081971 -0.6549966 -0.6549964 0.3767747 -0.4992295 -0.4992295 0.7081948 -0.7493967 -0.5444686 0.3767738 -0.5711811 -0.4149874 0.7081932 -0.8268123 -0.4195473 0.3746485 -0.6290697 -0.3205276 0.7081902 -0.8810651 -0.2877627 0.3753891 -0.6714597 -0.21817 0.7081976 -0.9148996 -0.1449057 0.3767772 -0.6973207 -0.1104446 0.708199 -0.9263043 -8.362758e-08 0.3767764 -0.7060144 -1.751677e-07 0.7081975 -0.9148996 0.1449058 0.3767772 -0.6973207 0.1104449 0.708199 -0.8810648 0.2877608 0.3753912 -0.6714602 0.2181711 0.7081967 -0.82681 0.4195482 0.3746525 -0.6290697 0.3205266 0.7081907 -0.749396 0.5444685 0.3767752 -0.5711786 0.414986 0.708196 -0.6549965 0.6549965 0.3767747 -0.4992294 0.4992294 0.7081949 -0.5444682 0.7493964 0.3767751 -0.414986 0.5711794 0.7081954 -0.4195467 0.8268118 0.3746503 -0.3205265 0.6290678 0.7081924 -0.2877628 0.8810653 0.3753885 -0.2181707 0.6714606 0.7081964 -0.1449056 0.9148993 0.376778 -0.1104442 0.6973195 0.7082003 -0.07270863 0.9238525 0.3757793 -0.0554793 0.7049271 0.7071067 -0.8888775 0.4581449 -0.0001665871 -0.848794 0.5287236 0.0002752264 -0.8090166 0.5877858 -2.39483e-08 -0.9780276 0.20264 0.04898076 -0.848024 0.529955 -0.001696619 -0.8090171 0.5877852 -4.951085e-17 -0.9780871 0.2018947 -0.05083454 -0.7071067 0.7071069 -6.485988e-17 -0.7071067 0.7071069 -4.811991e-17 -0.5877854 0.8090169 -2.593077e-08 -0.5877849 0.8090173 0 -0.7037145 0.7037147 -0.09783461 -0.5849655 0.8051358 -0.0978348 -0.5299564 0.8480232 -0.001698209 -0.4586281 0.8886226 0.003185984 -0.4503876 0.8877636 -0.09500997 -0.8051358 0.5849655 -0.09783504 -0.8886181 0.4586368 0.003191867 -0.8877648 0.450386 -0.09500537 -0.3090384 0.9461766 -0.09615195 -0.3312293 0.895779 0.2964239 -0.2915977 0.8801021 0.3746881 -0.1449055 0.9148986 0.3767797 -0.1235283 0.3786353 0.9172655 -0.06226709 0.39314 0.9173678 -0.07270858 0.9238518 0.375781 -0.03131146 0.3978475 0.9169171 0.02874773 -0.3652752 0.9304556 0.0571644 -0.3609246 0.9308414 0.1104431 -0.6973156 0.7082042 0.05547877 -0.7049244 0.7071094 0.2190552 -0.6699408 0.7093618 0.1132665 -0.3471482 0.9309451 -0.1556843 0.9829498 -0.09783708 -0.07808451 0.9921641 -0.09753546 -0.07259963 0.9224638 -0.3791963 -0.144687 0.9135162 -0.3802023 -0.05586374 0.7098082 -0.7021763 -0.1112123 0.7021675 -0.7032728 -0.04358971 0.5538552 -0.8314712 -0.086725 0.5475618 -0.8322589 -0.2196857 0.676122 -0.7032761 -0.1713147 0.5272523 -0.8322597 -0.2858109 0.8796357 -0.3802016 -0.3227504 0.6334343 -0.7032731 -0.2516854 0.4939608 -0.8322603 -0.4198981 0.8240963 -0.3801984 -0.4178686 0.575147 -0.7032722 -0.32586 0.4485077 -0.8322596 -0.5436454 0.7482633 -0.3801995 -0.5026967 0.5026967 -0.7032724 -0.3920103 0.3920107 -0.8322593 -0.654006 0.6540064 -0.3801997 -0.5751469 0.417869 -0.703272 -0.4485069 0.3258594 -0.8322603 -0.7482635 0.5436457 -0.3801987 -0.6334343 0.3227509 -0.703273 -0.4939608 0.2516854 -0.8322603 -0.8240966 0.419899 -0.3801968 -0.6761229 0.2196852 -0.7032754 -0.5272524 0.1713149 -0.8322596 -0.9461759 0.309041 -0.09615024 -0.8958476 0.331343 0.2960895 -0.8801168 0.2915798 0.3746675 -0.9829499 0.1556835 -0.09783707 -0.9148989 0.1449057 0.3767788 -0.393141 0.06226749 0.9173674 -0.3980424 -9.740959e-08 0.917367 -0.9263036 -1.228855e-07 0.3767781 -0.393141 -0.06226731 0.9173674 -0.914899 -0.1449055 0.3767788 -0.3786345 -0.1235278 0.9172659 -0.8801018 -0.2915976 0.3746887 -0.3786291 0.1234867 0.9172737 0.3471777 -0.1132412 0.9309372 0.360926 -0.05716532 0.9308408 0.6973183 -0.1104449 0.7082013 0.6636706 -0.2187398 0.715328 0.7060103 3.468932e-08 0.7082015 0.3654255 1.620149e-08 0.9308406 0.6973179 0.1104439 0.7082018 0.3609262 0.05716494 0.9308407 0.6695612 0.2190423 0.7097241 0.3471491 0.1132665 0.9309448 -0.9829498 -0.1556841 -0.09783712 -0.9461764 -0.3090385 -0.09615294 -0.8957798 -0.3312289 0.2964219 -0.8890573 -0.4577949 0.0009963859 -0.8877635 -0.4503878 -0.09500915 -0.8051358 -0.5849656 -0.09783477 -0.8488044 -0.5287069 -0.0002961239 -0.809017 -0.5877852 4.090095e-17 -0.7037148 -0.7037143 -0.09783461 -0.707107 -0.7071066 7.480402e-17 -0.8090165 -0.5877859 -6.208971e-08 -0.707107 -0.7071066 4.811987e-17 -0.587785 -0.8090172 4.657247e-17 -0.5877855 -0.8090168 9.210351e-09 -0.5287063 -0.8488048 -0.0002953533 -0.2025717 -0.9779527 0.05072761 -0.5299547 -0.8480243 0.001687065 -0.2019678 -0.9781615 -0.049083 -0.4589694 -0.8884489 -0.002390255 -0.5849652 -0.8051359 -0.09783643 -0.4578048 -0.8890522 0.001002871 -0.4503865 -0.8877648 -0.09500367 -0.3090404 -0.9461759 -0.09615223 -0.3313432 -0.8958474 0.2960897 -0.2915794 -0.8801172 0.3746667 -0.1556839 -0.9829499 -0.09783713 -0.1449059 -0.9148995 0.3767774 -0.06226764 -0.3931425 0.9173667 -6.011424e-08 -0.3980426 0.9173669 -5.390741e-08 -0.9263036 0.3767779 0.06226766 -0.3931424 0.9173668 0.144906 -0.9148995 0.3767774 0.1235283 -0.3786357 0.9172654 0.2915977 -0.8801022 0.3746877 -0.123487 -0.3786301 0.9172733 0.1132409 0.3471769 0.9309375 0.05716513 0.3609243 0.9308415 0.1104447 0.6973156 0.708204 0.2187251 0.6707992 0.708652 -5.045636e-07 0.7060115 0.7082004 -2.392191e-07 0.3654264 0.9308402 -0.110443 0.6973156 0.7082043 -0.05716442 0.3609246 0.9308414 -0.2189341 0.6734441 0.7060743 -0.1132663 0.3471481 0.9309452 0.1556844 -0.9829498 -0.09783709 0.3090385 -0.9461762 -0.0961548 0.331228 -0.8957806 0.2964206 0.458627 -0.8886232 0.00318395 0.4503875 -0.8877638 -0.09500772 0.5849656 -0.8051357 -0.09783467 0.5299559 -0.8480235 -0.001698501 0.7037147 -0.7037144 -0.0978346 0.805136 -0.5849651 -0.09783586 0.8890519 -0.4578053 0.001003405 0.8877649 -0.4503858 -0.09500571 0.946176 -0.3090406 -0.09615044 0.895959 -0.3310727 0.2960547 0.880117 -0.2915793 0.3746674 0.9829499 -0.1556835 -0.09783699 0.9148988 -0.1449058 0.376779 0.3931407 -0.06226745 0.9173675 0.3980421 -7.651695e-07 0.9173672 0.9263035 -1.906524e-06 0.3767782 0.3931414 0.0622665 0.9173673 0.9148993 0.1449036 0.3767787 0.378634 0.1235275 0.9172662 0.8801018 0.2915971 0.3746891 0.3786292 -0.1234863 0.9172737 -0.3471768 0.113241 0.9309376 -0.3609261 0.05716538 0.9308407 -0.6973181 0.1104449 0.7082015 -0.6716475 0.2185997 0.7078868 -0.7060129 1.149207e-06 0.708199 -0.3654276 6.072311e-07 0.9308398 -0.6973185 -0.1104424 0.7082015 -0.3609261 -0.05716403 0.9308408 -0.6751007 -0.219016 0.704465 -0.347148 -0.1132661 0.9309452 0.9461765 0.3090383 -0.09615301 0.9829501 0.1556822 -0.097837 0.8957797 0.3312289 0.2964221 0.8890576 0.4577942 0.0009962363 0.8877636 0.4503876 -0.09500964 0.805136 0.5849652 -0.09783483 0.8488045 0.5287067 -0.0002966978 0.8090172 0.587785 -6.469906e-08 0.703715 0.7037141 -0.09783471 0.7071072 0.7071064 -1.260773e-07 0.8090173 0.5877848 2.013823e-09 0.7071071 0.7071064 9.052439e-08 0.5877855 0.8090168 -1.083397e-16 0.5877852 0.8090171 6.41001e-08 0.5287045 0.8488059 -0.0002954329 0.2025699 0.9779529 0.05072935 0.5299545 0.8480244 0.001687209 0.201968 0.9781614 -0.04908297 0.5444685 0.749396 0.3767753 0.4589682 0.8884495 -0.00239233 0.4195482 0.8268106 0.3746512 0.3205272 0.6290722 0.7081881 0.4149862 0.5711781 0.7081963 0.6549967 0.6549962 0.3767748 0.4992295 0.4992294 0.7081948 0.7493969 0.5444683 0.3767739 0.5711813 0.4149871 0.7081932 0.8268124 0.419547 0.3746486 0.62907 0.3205276 0.7081899 0.8810652 0.2877625 0.375389 0.6714599 0.21817 0.7081973 0.9149 0.1449039 0.376777 0.6973211 0.1104433 0.7081988 0.9263042 -1.904768e-06 0.3767765 0.7060144 -1.357276e-06 0.7081975 0.2181708 0.6714578 0.708199 0.2877609 0.8810641 0.3753928 0.110445 0.6973192 0.7082004 0.144906 0.9148992 0.376778 0.05547867 0.7049268 0.707107 0.07270833 0.9238526 0.3757791 0.9148995 -0.1449059 0.3767773 0.6973206 -0.1104449 0.708199 0.8810206 -0.2870094 0.3760694 0.6714601 -0.2181707 0.7081969 0.07270848 0.9238504 -0.3757844 0.1449055 0.9148972 -0.3767832 0.06226676 0.3931365 -0.9173694 0.03131114 0.3978433 -0.9169189 0.1235262 0.3786296 -0.9172682 0.2915972 0.8801 -0.3746933 0.9148975 -0.1449054 -0.3767824 0.9263021 -2.065652e-06 -0.3767817 0.3931371 -0.06226667 -0.9173691 0.3980384 -9.510619e-07 -0.9173687 0.9148979 0.1449037 -0.3767821 0.3931378 0.06226622 -0.9173688 0.8801154 0.2915791 -0.3746711 0.3786255 0.1234854 -0.9172753 0.3786314 -0.1235268 -0.9172674 0.8804184 -0.2892187 -0.3757872 0.8958833 0.3316361 -0.2956528 0.8884448 0.4589772 -0.002396166 -0.3471734 -0.1132399 -0.9309389 -0.3609225 -0.05716399 -0.9308422 -0.6973132 -0.1104426 -0.7082067 -0.7060075 1.815964e-06 -0.7082044 -0.3654241 9.2359e-07 -0.9308411 -0.6973127 0.1104429 -0.7082071 -0.3609229 0.05716432 -0.930842 -0.6694581 0.2188146 -0.7098915 -0.3471448 0.1132651 -0.9309465 -0.6746745 -0.2189794 -0.7048847 -0.3205441 0.2473885 -0.9143579 -0.6112744 0.393195 -0.6868343 -0.2033128 0.5806057 -0.7883913 -0.5371002 0.6332231 -0.5572719 -0.3897536 0.8448659 -0.3664612 0.007134663 0.893793 -0.4484229 -0.2060957 0.9700251 -0.1287477 0.1441827 0.9835602 -0.1087231 -0.01582213 0.9948389 0.1002254 0.7913345 0.604145 0.09380013 0.7936593 0.4544406 0.4044609 -0.1397448 0.8901119 0.4337881 0.6493122 0.173393 0.7404921 -0.2770609 0.5683118 0.7747638 0.4447864 -0.07963133 0.8920896 -0.3433606 0.2475285 0.9059984 0.6810553 0.7248545 -0.1036805 -0.4854337 0.8679954 0.1045857 -0.6632283 0.3906506 0.6383732 0.9674329 -0.2266119 0.1127855 0.9390763 -0.2790437 0.2006747 -0.645734 0.5866884 0.4886966 0.7049201 0.5696635 -0.4225769 0.9726328 -0.168206 -0.1602877 0.6142724 0.2314386 -0.7543909 0.9457941 -0.2308746 -0.2284084 0.8957188 -0.316316 -0.3124612 0.4332681 -0.06728634 -0.8987499 0.8906949 -0.454601 0.0006612083 0.8369081 -0.5471561 0.01431867 -0.3609278 -0.05716431 0.9308401 -0.3654293 6.089054e-07 0.9308391 -0.6973212 -0.1104428 0.7081988 -0.7060156 1.152351e-06 0.7081962 -0.6714642 -0.2181726 0.7081925 -0.3475458 -0.1129249 0.9308383 -0.6290632 -0.3205231 0.708198 -0.3255983 -0.1659004 0.9308398 -0.5711799 -0.4149865 0.7081947 -0.2956391 -0.2147944 0.9308388 -0.4992278 -0.4992273 0.7081976 -0.2583964 -0.2583962 0.9308398 -0.4149853 -0.5711791 0.7081961 -0.2147937 -0.2956385 0.9308392 -0.320524 -0.6290613 0.7081993 -0.1659007 -0.3255974 0.9308401 -0.2181713 -0.6714645 0.7081925 -0.1129243 -0.3475459 0.9308383 -0.1104451 -0.6973184 0.7082012 -0.05716536 -0.3609261 0.9308407 -0.055478 -0.7049266 0.7071072 -0.02874741 -0.3652773 0.9304548 0 0 1 0 0 1 0 0 1 0 0 1 0 0 1 0 0 1 0 0 1 0 0 1 0 0 1 0 0 1 0 0 1 -0.3609278 0.05716565 0.9308401 -0.6973208 0.1104454 0.7081987 -0.347546 0.1129242 0.9308383 -0.6714646 0.2181712 0.7081925 -0.3255974 0.1659006 0.9308401 -0.6290616 0.3205238 0.7081991 -0.2956404 0.2147948 0.9308383 -0.5711823 0.4149868 0.7081926 -0.2583964 0.2583965 0.9308397 -0.4992273 0.4992277 0.7081976 -0.2147941 0.2956384 0.9308391 -0.4149862 0.5711789 0.7081957 -0.1659003 0.3255982 0.9308399 -0.3205231 0.6290632 0.708198 -0.1129251 0.3475459 0.9308382 -0.2181728 0.6714639 0.7081926 -0.0571647 0.3609263 0.9308407 -0.1104435 0.6973183 0.7082016 -2.392201e-07 0.3654282 0.9308395 -5.045652e-07 0.7060142 0.7081977 0.0571654 0.360926 0.9308408 0.1104451 0.6973183 0.7082013 0.1129243 0.3475459 0.9308383 0.2181714 0.6714645 0.7081925 0.1659008 0.3255974 0.9308401 0.3205241 0.6290615 0.7081991 0.2147948 0.2956403 0.9308383 0.4149869 0.5711823 0.7081926 0.2583966 0.2583962 0.9308397 0.4992279 0.4992271 0.7081976 0.295639 0.2147944 0.9308388 0.57118 0.4149865 0.7081946 0.325599 0.1659007 0.9308395 0.6290644 0.3205236 0.7081968 0.3475466 0.1129254 0.9308379 0.6714652 0.2181733 0.7081913 0.360928 0.05716521 0.93084 0.6973206 0.1104443 0.7081991 0.3654273 1.620156e-08 0.9308399 0.7060131 3.468944e-08 0.7081988 0.3609277 -0.0571656 0.9308401 0.697321 -0.1104454 0.7081986 0.3475468 -0.1129246 0.9308379 0.6714659 -0.2181718 0.7081911 0.3255988 -0.1659013 0.9308395 0.6290637 -0.3205247 0.7081969 0.2956398 -0.2147946 0.9308385 0.5711812 -0.4149865 0.7081936 0.2583962 -0.2583965 0.9308397 0.4992271 -0.4992278 0.7081976 0.2147938 -0.2956386 0.9308391 0.4149857 -0.5711794 0.7081956 0.1659012 -0.3255996 0.9308392 0.3205243 -0.6290652 0.7081957 0.1129251 -0.347546 0.9308382 0.2181728 -0.671464 0.7081925 0.05716467 -0.3609263 0.9308407 0.1104435 -0.6973183 0.7082015 0.02874787 -0.3652769 0.9304549 0.05547899 -0.7049271 0.7071067 0 0 1 0 0 1 0 0 1 0 0 1 0 0 1 0 0 1 0 0 1 0 0 1 0 0 1 0 0 1 0 0 1 0 0 1 0 0 1 0 0 1 0 0 1 0 0 1 0 0 1 0 0 1 0 0 1 0 0 1 0 0 1 0 0 1 0 0 1 0 0 1 0 0 1 0 0 1 0 0 1 0 0 1 0 0 1 0 0 1 0.07270827 0.9238519 0.3757808 0.1449059 0.9148985 0.3767797 0.0313111 0.3978472 0.9169172 0.06226751 0.3931399 0.9173678 0.2915793 0.8801162 0.3746691 0.123486 0.3786273 0.9172745 -0.1132411 -0.3471766 0.9309376 -0.05716509 -0.3609244 0.9308414 -0.1104447 -0.6973157 0.7082039 -0.05547779 -0.7049239 0.7071099 -0.02874727 -0.3652756 0.9304554 -0.2184293 -0.6638066 0.7152968 0.1556838 0.9829499 -0.09783708 0.3090409 0.9461757 -0.09615207 0.3313431 0.8958474 0.2960897 0.4578033 0.8890529 0.001002829 0.4503864 0.8877649 -0.09500344 0.5849652 0.8051359 -0.09783595 0.6540061 0.6540059 -0.3802003 0.7482637 0.5436453 -0.3801989 0.8240968 0.419898 -0.3801974 0.8796356 0.285811 -0.3802016 0.9135172 0.1446851 -0.3802007 0.7021686 0.1112108 -0.7032719 0.6761222 0.2196858 -0.7032759 0.5475602 0.08672381 -0.83226 0.5272515 0.1713144 -0.8322603 0.6334348 0.3227505 -0.7032727 0.4939609 0.2516852 -0.8322603 0.5751475 0.4178687 -0.7032717 0.4485077 0.3258599 -0.8322597 0.5026964 0.5026963 -0.7032728 0.3920106 0.3920104 -0.8322593 0.4178691 0.5751465 -0.7032723 0.3258599 0.4485072 -0.8322599 0.5436453 0.7482631 -0.3802001 0.322751 0.6334344 -0.7032728 0.2516855 0.4939606 -0.8322604 0.4198996 0.8240972 -0.380195 0.2196852 0.6761233 -0.703275 0.1713139 0.5272508 -0.8322608 0.2858105 0.8796355 -0.3802023 0.1112132 0.7021677 -0.7032725 0.08672605 0.5475614 -0.832259 0.144687 0.9135161 -0.3802025 0.05586322 0.7098086 -0.7021759 0.04358836 0.5538544 -0.8314718 0.07808506 0.992164 -0.09753583 0.07260028 0.9224639 -0.379196 0.1234848 -0.3786237 -0.9172762 0.06226707 -0.3931388 -0.9173683 0.2915788 -0.880115 -0.3746724 0.1449057 -0.9148981 -0.3767809 5.7877e-08 -0.398039 -0.9173685 4.830325e-08 -0.9263022 -0.3767813 -0.06226735 -0.3931389 -0.9173683 -0.1449059 -0.914898 -0.376781 -0.1235261 -0.3786298 -0.9172681 -0.2915963 -0.8801002 -0.3746935 0.3316372 -0.8958829 -0.295653 0.4589768 -0.888445 -0.002392683 2.363362e-07 0.365423 -0.9308416 -0.05716461 0.3609208 -0.9308428 4.982918e-07 0.706006 -0.7082058 0.1104422 0.6973102 -0.7082097 0.05716386 0.3609212 -0.9308427 0.2190396 0.6733511 -0.7061303 0.1132654 0.3471447 -0.9309465 -0.1104439 0.6973102 -0.7082095 -0.1132402 0.3471732 -0.930939 -0.218926 0.6695486 -0.7097718 0.2511021 0.3576004 -0.899483 0.3969693 0.6786039 -0.6179903 0.5793375 0.2735227 -0.7678238 0.6023768 0.6372104 -0.4807338 0.7848401 0.5387529 -0.3062211 0.8959367 0.09842723 -0.4331392 0.9088286 0.4022092 -0.1107174 0.9939925 -0.03569993 -0.1034618 0.9311637 0.3447803 0.1185781 0.9921209 -0.0675526 0.1055116 0.5977349 -0.7959259 0.0959948 0.4509327 -0.7955269 0.4047179 0.8951888 0.06445937 0.4410011 0.1725652 -0.6498768 0.7401901 0.5758505 0.2425717 0.7807402 -0.07970283 -0.4448988 0.8920272 0.2475486 0.3341305 0.9094375 0.5983443 -0.7954621 -0.09604234 0.394418 0.6401999 0.6592257 -0.2292814 -0.9667065 0.1136161 -0.2800939 -0.9387345 0.2008106 0.6141318 0.5934796 0.5202154 0.8077093 0.4874 0.3317333 -0.4262922 -0.9044648 0.01477725 -0.4972008 -0.8676337 0.001732559 -0.3786254 -0.1234854 -0.9172754 -0.3931372 -0.06226691 -0.917369 -0.8801153 -0.2915793 -0.3746712 -0.9148975 -0.1449055 -0.3767824 -0.3980388 1.017011e-07 -0.9173686 -0.9263022 8.990269e-08 -0.3767815 -0.3931373 0.06226668 -0.917369 -0.9148975 0.1449053 -0.3767824 -0.3786314 0.1235271 -0.9172673 -0.8801005 0.2915973 -0.374692 -0.8958833 -0.3316367 -0.2956521 -0.8888731 -0.4581534 -0.00017045 0.3654221 -1.663968e-08 -0.9308419 0.3609225 0.05716483 -0.9308422 0.7060049 -3.456656e-08 -0.708207 0.6973126 -0.110443 -0.7082072 0.3609229 -0.05716437 -0.930842 0.6677018 -0.2191337 -0.7114455 0.3471457 -0.1132656 -0.9309462 0.6973128 0.1104441 -0.7082069 0.3471744 0.1132402 -0.9309386 0.6650895 0.2186655 -0.7140317 0.3093836 -0.2446699 -0.9189224 0.5941673 -0.3943422 -0.7010417 0.1995269 -0.5745917 -0.7937464 0.5284634 -0.6352818 -0.5631549 0.3988915 -0.8431208 -0.3606008 0.004799418 -0.8932434 -0.4495478 0.2324439 -0.9645866 -0.1246698 -0.1304077 -0.985764 -0.1061282 0.06632827 -0.9881856 0.138166 -0.2159769 -0.9704547 0.1075711 -0.7954816 -0.5983152 -0.09606212 -0.796443 -0.5969584 0.09653616 -0.7965705 -0.4494326 0.4043338 -0.08592183 -0.8872241 0.4532668 -0.6508498 -0.1723047 0.7393954 0.1306213 -0.5764938 0.8065934 -0.4450939 0.07960164 0.8919389 0.2713548 -0.2429877 0.9313021 0.5238846 -0.3833917 0.7606285 -0.962061 0.2461668 0.1176458 -0.9402269 0.2750448 0.2008079 0.4248757 -0.6464588 0.6336969 0.2566759 -0.8753358 0.4097617 -0.8885052 0.4588615 0.002133343 -0.8410904 0.5390563 -0.04455676 -0.1234857 0.3786263 -0.917275 -0.06226693 0.3931363 -0.9173694 -0.2915795 0.8801155 -0.3746706 -0.1449057 0.9148971 -0.3767832 -0.03131085 0.3978441 -0.9169186 -0.07270815 0.9238505 -0.3757842 -0.3316359 0.8958835 -0.2956525 -0.4589768 0.888445 -0.002397219 0.1327264 -0.4024858 -0.9057532 0.05571388 -0.3773495 -0.9243935 0.03004131 -0.3791009 -0.9248676 0.1043562 -0.7192879 -0.6868294 0.05760535 -0.726578 -0.6846649 0.2435203 -0.741632 -0.6250439 -0.5299523 0.8480258 0.001686508 -0.20197 0.9781612 0.04907981 -0.2026719 0.9780207 -0.04898568 0.5967387 0.7965922 -0.09666348 0.4489568 0.7969081 -0.4041971 -0.2462448 0.9620603 -0.1174878 -0.2753031 0.9402589 -0.2003034 0.1721495 0.6511944 -0.7391281 -0.07959345 0.4451743 -0.8918995 0.5984412 0.7953972 0.09597654 0.9723208 0.2085181 -0.1054159 0.9929856 0.05919217 0.1023516 0.451713 0.7949937 0.4048955 0.8944436 -0.07338515 0.4411183 0.1729526 0.649349 0.7405628 0.5726501 -0.2417564 0.7833426 -0.07959103 0.4445087 0.8922316 0.2464589 -0.3285755 0.9117544 0.9867514 -0.08702159 -0.1369268 0.8915076 0.07353929 -0.4469968 0.8737113 -0.2842492 -0.3947543 0.5873796 -0.1510724 -0.7950864 0.658629 -0.4539562 -0.6001097 0.4089498 -0.5591067 -0.721221 0.2595601 -0.2986447 -0.9183898 0.925385 -0.361664 0.1134099 0.3950952 -0.6323592 0.6663494 -0.2747695 0.9402376 0.2011342 -0.2456793 0.9621553 0.1178932 -0.5390569 0.8410896 -0.04456525 -0.4588474 0.8885126 0.002122934 0.5299513 -0.8480264 0.001687136 0.2019716 -0.9781608 0.04908159 0.2026723 -0.9780206 -0.0489871 -0.5977174 -0.7959404 -0.09598295 -0.4508583 -0.795589 -0.4046788 0.2462473 -0.9620594 -0.1174906 0.2753036 -0.9402583 -0.2003056 -0.1724993 -0.6499466 -0.7401442 0.07972463 -0.4449106 -0.8920194 -0.5984359 -0.7954009 0.09597894 -0.9948847 0.006373826 0.1008155 -0.9900184 -0.09257698 -0.1062689 -0.9456129 0.301012 -0.1233208 -0.875389 0.472098 0.1040072 -0.8928486 0.136074 0.4293078 -0.7591344 0.5822814 0.2909696 -0.5740965 0.2894345 0.7659249 -0.5877293 0.6587863 0.469654 -0.3942941 0.6862624 0.6112088 -0.2505824 0.3597194 0.8987827 0.07959173 -0.4445155 0.8922282 -0.1729475 -0.6493584 0.7405558 0.2747664 -0.9402394 0.2011302 -0.4517033 -0.7949996 0.4048947 0.2456811 -0.9621545 0.1178958 0.5390571 -0.8410895 -0.04456406 0.4588459 -0.8885133 0.002118343 -0.03004139 -0.3791019 -0.9248672 -0.05925941 -0.3741319 -0.9254802 -0.117388 -0.3585536 -0.926099 -0.1133913 -0.7177937 -0.6869605 -0.2261089 -0.6874776 -0.6901082 -0.05760535 -0.726578 -0.6846649 -0.2541086 -0.3291467 -0.9094456 0.07941581 0.4456894 -0.8916581 -0.5909529 -0.1792521 -0.7865388 -0.1716906 0.6514713 -0.7389909 -0.8910267 0.07410797 -0.4478609 -0.4493656 0.7964978 -0.4045513 -0.9696141 0.2182784 -0.1104673 -0.5975629 0.7959833 -0.09658757 -0.5979324 0.7957944 0.09585494 -0.9685341 0.2212342 0.1140049 -0.4510875 0.7953721 0.4048496 -0.8795912 0.09067305 0.4670093 -0.1722897 0.649987 0.7401575 -0.5649275 -0.1286357 0.815052 0.07970465 0.4451871 0.8918832 -0.2366232 -0.2690355 0.9336109 -0.9891061 -0.05017455 0.1383893 -0.9891892 -0.0656754 -0.131116 -0.3803839 -0.5182133 0.7660046 0.2292834 0.9667059 0.1136166 0.2800925 0.9387352 0.2008093 -0.6463719 -0.41923 0.637534 0.4262903 0.9044657 0.01477788 0.4971976 0.8676356 0.001732306 -0.8757596 -0.2470745 0.414728 -0.04297052 -0.01396195 -0.9989788 -0.07115286 -0.02311906 -0.9971975 -0.04462554 -0.007067916 -0.9989788 -0.07389358 -0.01170347 -0.9971975 -0.06666028 -0.03396505 -0.9971975 -0.04025731 -0.02051207 -0.9989788 -0.06052624 -0.0439749 -0.9971975 -0.03655283 -0.0265572 -0.9989788 -0.05290187 -0.05290188 -0.9971975 -0.0319484 -0.03194841 -0.9989788 -0.04397495 -0.06052619 -0.9971975 -0.02655724 -0.03655283 -0.9989788 -0.03396507 -0.06666026 -0.9971975 -0.02051207 -0.04025727 -0.9989788 -0.02311903 -0.07115282 -0.9971975 -0.01396199 -0.04297057 -0.9989788 -0.0117037 -0.07389347 -0.9971975 -0.007068036 -0.04462555 -0.9989788 1.042413e-07 -0.07481459 -0.9971975 3.854704e-08 -0.04518185 -0.9989788 0.01170364 -0.07389347 -0.9971975 0.007068025 -0.0446256 -0.9989788 0.02311895 -0.0711529 -0.9971975 0.01396194 -0.04297052 -0.9989788 0.03396507 -0.06666028 -0.9971975 0.02051208 -0.04025731 -0.9989788 0.04397492 -0.06052624 -0.9971975 0.0265572 -0.03655285 -0.9989788 0.05290187 -0.05290189 -0.9971975 0.0319484 -0.03194841 -0.9989788 0.06052619 -0.04397496 -0.9971975 0.03655284 -0.02655723 -0.9989788 0.06666028 -0.03396509 -0.9971975 0.04025731 -0.0205121 -0.9989788 0.07115289 -0.02311894 -0.9971975 0.04297052 -0.01396195 -0.9989788 0.07389348 -0.01170362 -0.9971975 0.0446256 -0.007068004 -0.9989788 0.07481459 2.25221e-09 -0.9971975 0.04518186 1.308213e-09 -0.9989788 0.07389349 0.01170363 -0.9971975 0.04462559 0.007068007 -0.9989788 0.07115288 0.02311894 -0.9971975 0.04297052 0.01396194 -0.9989788 0.06666029 0.03396509 -0.9971975 0.04025731 0.02051209 -0.9989788 0.06052621 0.04397494 -0.9971975 0.03655283 0.0265572 -0.9989788 0.05290188 0.05290187 -0.9971975 0.03194839 0.03194841 -0.9989788 0.04397496 0.06052619 -0.9971975 0.02655725 0.03655285 -0.9989788 0.0339651 0.06666027 -0.9971975 0.0205121 0.04025727 -0.9989788 0.02311893 0.07115287 -0.9971975 0.01396194 0.04297051 -0.9989788 0.01170367 0.07389344 -0.9971975 0.007068001 0.04462559 -0.9989788 -2.111308e-07 0.07481435 -0.9971975 -1.086966e-08 0.04518189 -0.9989788 -0.01170356 0.07389283 -0.9971975 -0.007067993 0.04462557 -0.9989788 -0.02311867 0.07115255 -0.9971975 -0.01396196 0.04297048 -0.9989788 -0.03396509 0.06666028 -0.9971975 -0.02051213 0.04025734 -0.9989788 -0.04397492 0.06052624 -0.9971975 -0.02655719 0.03655284 -0.9989788 -0.05290187 0.05290188 -0.9971975 -0.0319484 0.0319484 -0.9989788 -0.06052623 0.04397492 -0.9971975 -0.03655284 0.02655721 -0.9989788 -0.06666024 0.0339651 -0.9971975 -0.04025731 0.02051211 -0.9989788 -0.0711529 0.02311893 -0.9971975 -0.04297049 0.01396191 -0.9989788 -0.07389348 0.01170352 -0.9971975 -0.04462562 0.007067979 -0.9989788 -0.07481454 2.946801e-07 -0.9971975 -0.04518193 1.236606e-07 -0.9989788 -0.04636059 0.04636097 -0.9978484 -0.03853735 0.05304208 -0.9978484 -0.02976333 0.05841817 -0.9978484 -0.0202582 0.06235528 -0.9978484 -0.01025846 0.06475668 -0.9978484 -2.386246e-06 0.06556431 -0.9978483 0.01025661 0.06475731 -0.9978483 0.02026048 0.06235556 -0.9978483 0.02976564 0.0584184 -0.9978483 0.03853789 0.05304275 -0.9978483 0.04636111 0.04636111 -0.9978483 0.05304276 0.03853786 -0.9978483 0.05841841 0.02976562 -0.9978483 0.06235516 0.02026014 -0.9978484 0.06475644 0.01025644 -0.9978484 0.06556363 -9.251086e-09 -0.9978484 0.06475699 -0.01025622 -0.9978484 0.06235556 -0.02026051 -0.9978483 0.05841839 -0.02976566 -0.9978483 0.05304276 -0.03853789 -0.9978483 0.0463606 -0.04636094 -0.9978484 0.03853731 -0.05304208 -0.9978484 0.02976567 -0.058418 -0.9978484 0.02026051 -0.06235554 -0.9978483 0.01025654 -0.06475731 -0.9978483 3.284483e-07 -0.06556498 -0.9978483 -0.01025692 -0.06475758 -0.9978483 -0.02026068 -0.06235502 -0.9978484 -0.0297652 -0.05841766 -0.9978484 -0.03853738 -0.05304207 -0.9978484 -0.04636067 -0.04636104 -0.9978484 -0.05304279 -0.0385378 -0.9978483 -0.05841844 -0.02976559 -0.9978483 -0.06235552 -0.02026071 -0.9978483 -0.06475723 -0.01025641 -0.9978483 -0.06556457 3.538428e-07 -0.9978483 -0.06475731 0.01025642 -0.9978483 -0.06235553 0.02026053 -0.9978483 -0.05841841 0.02976566 -0.9978483 -0.05304279 0.0385378 -0.9978483 -0.04443977 -0.01443961 -0.9989077 -0.04615213 -0.007309694 -0.9989077 -0.03780067 0.02746774 -0.9989077 -0.03303762 0.03304329 -0.9989077 -0.02746489 0.03780223 -0.9989077 -0.02121299 0.04163363 -0.9989077 -0.0144395 0.04444002 -0.9989077 -0.007313342 0.04615138 -0.9989077 -3.939458e-06 0.04672677 -0.9989077 0.007309771 0.04615169 -0.9989077 0.01443937 0.04443998 -0.9989077 0.02121362 0.04163414 -0.9989077 0.02746549 0.03780283 -0.9989077 0.03304097 0.03304098 -0.9989077 0.03780289 0.02746545 -0.9989077 0.04163476 0.02120998 -0.9989077 0.04444004 0.01443555 -0.9989078 0.04615084 0.007309591 -0.9989077 0.04672658 3.257588e-06 -0.9989077 0.04615162 -0.007305897 -0.9989077 0.04443966 -0.01443905 -0.9989077 0.04163408 -0.02121362 -0.9989077 0.03780048 -0.02746779 -0.9989077 0.03303767 -0.03304327 -0.9989077 0.02746789 -0.03780074 -0.9989077 0.02121655 -0.0416317 -0.9989077 0.01443956 -0.04443957 -0.9989077 0.007313036 -0.04615177 -0.9989077 5.166697e-07 -0.0467266 -0.9989077 -0.007316571 -0.04614998 -0.9989077 -0.01444302 -0.044438 -0.9989077 -0.02121318 -0.04163332 -0.9989077 -0.02746261 -0.03780447 -0.9989077 -0.03303781 -0.03304309 -0.9989077 -0.03780245 -0.02746539 -0.9989077 -0.04163412 -0.02121353 -0.9989077 -0.00462107 -0.002354495 -0.9999866 -0.00493236 -0.00160272 -0.9999866 -0.005122227 -0.0008110322 -0.9999866 -0.004192798 -0.00305616 -0.9999865 -0.003664308 -0.00367972 -0.9999865 -0.003047916 -0.004195629 -0.9999866 -0.002354786 -0.004621061 -0.9999866 -0.001609795 -0.004933706 -0.9999865 -0.0008158137 -0.005082331 -0.9999868 -2.955814e-07 -0.00518573 -0.9999866 0.0008093434 -0.005111596 -0.9999866 0.001607321 -0.004908535 -0.9999867 0.002358373 -0.00461597 -0.9999866 0.003048472 -0.004195287 -0.9999866 0.00366362 -0.003680246 -0.9999865 0.004192552 -0.003055326 -0.9999865 0.00462105 -0.002354531 -0.9999866 0.004934481 -0.001592324 -0.9999866 0.005123984 -0.0008029348 -0.9999865 0.005186591 3.338832e-07 -0.9999865 0.005123244 0.0008114398 -0.9999865 0.004933228 0.001602869 -0.9999865 0.004623605 0.002346139 -0.9999866 0.004197141 0.003036673 -0.9999866 0.003666203 0.00366634 -0.9999866 0.003047148 0.004194233 -0.9999866 0.00235286 0.004618306 -0.9999866 0.001600137 0.004926453 -0.9999866 0.000806686 0.005101959 -0.9999867 -9.818861e-06 0.005127086 -0.9999869 -0.0008184817 0.005129642 -0.9999865 -0.001604352 0.004936577 -0.9999865 -0.002355812 0.004623178 -0.9999865 -0.003049533 0.004197125 -0.9999865 -0.003663867 0.003680186 -0.9999865 -0.004192041 0.003054694 -0.9999865 -0.004620217 0.002354144 -0.9999866 -0.04163395 0.02121354 -0.9989077 -0.04444003 0.01443955 -0.9989077 -0.04615186 0.007309489 -0.9989077 -0.04672666 3.894046e-07 -0.9989077 -0.004931724 0.001602479 -0.9999866 -0.005121817 0.0008111125 -0.9999866 -0.005185396 1.102993e-07 -0.9999866 -0.9952027 2.353108e-07 -0.0978344 -0.9135168 0.1446868 -0.3802011 -0.8796356 0.2858106 -0.380202 -0.7021683 0.111213 -0.7032719 -0.5475598 0.08672511 -0.8322602 -0.7109183 -3.746505e-07 -0.7032746 -0.5543826 -3.424744e-07 -0.832262 -0.9249042 9.097269e-08 -0.3802001 -0.7021682 -0.1112121 -0.7032722 -0.5475599 -0.08672485 -0.8322601 -0.9135168 -0.1446868 -0.3802009 -0.6761225 -0.2196858 -0.7032755 -0.5272524 -0.1713146 -0.8322597 -0.8796356 -0.285811 -0.3802016 -0.6334343 -0.3227506 -0.7032731 -0.4939608 -0.2516855 -0.8322603 -0.8240966 -0.4198984 -0.3801975 -0.5751476 -0.4178691 -0.7032714 -0.4485084 -0.3258604 -0.8322591 -0.7482635 -0.5436456 -0.3801989 -0.5026965 -0.5026969 -0.7032724 -0.3920105 -0.3920106 -0.8322592 -0.6540063 -0.654006 -0.3801997 -0.4178692 -0.5751469 -0.7032719 -0.3258607 -0.448508 -0.8322592 -0.543645 -0.748263 -0.3802006 -0.3227511 -0.6334344 -0.7032728 -0.2516854 -0.4939606 -0.8322604 -0.4198996 -0.824097 -0.3801952 -0.2196851 -0.6761234 -0.7032749 -0.1713137 -0.5272505 -0.8322611 -0.28581 -0.8796356 -0.3802024 -0.1112132 -0.7021683 -0.7032718 -0.08672507 -0.5475589 -0.8322608 -0.1446874 -0.913517 -0.3802003 4.804555e-07 -0.7109178 -0.7032751 -7.98734e-09 -0.5543844 -0.8322607 -2.737547e-07 -0.9952027 -0.09783436 1.383422e-07 -0.9249037 -0.3802016 0.1112123 -0.7021685 -0.7032718 0.08672502 -0.5475589 -0.8322608 0.1446871 -0.913517 -0.3802004 0.2196857 -0.676123 -0.7032751 0.171314 -0.5272505 -0.832261 0.285811 -0.8796355 -0.3802018 0.3227504 -0.6334344 -0.7032731 0.2516853 -0.493961 -0.8322602 0.4198981 -0.8240975 -0.3801959 0.4178688 -0.5751468 -0.7032723 0.3258598 -0.4485073 -0.8322599 0.5436457 -0.7482631 -0.3801995 0.5026972 -0.5026968 -0.703272 0.3920098 -0.3920095 -0.8322601 0.6540067 -0.6540063 -0.3801987 0.5751477 -0.4178692 -0.7032713 0.4485084 -0.3258607 -0.832259 0.7482636 -0.5436451 -0.3801995 0.6334345 -0.3227507 -0.7032729 0.4939609 -0.2516851 -0.8322603 0.8240966 -0.4198988 -0.380197 0.6761229 -0.2196849 -0.7032754 0.5272523 -0.1713144 -0.8322598 0.8796357 -0.2858102 -0.3802021 0.702168 -0.111213 -0.7032722 0.5475606 -0.08672538 -0.8322596 0.9135164 -0.1446867 -0.3802019 0.7109182 -1.2662e-06 -0.7032747 0.5543826 -8.6541e-07 -0.832262 0.9952027 -2.394482e-06 -0.09783437 0.9249042 -2.14576e-06 -0.3802002 0.09754075 0.03169292 -0.9947268 0.1012981 0.0160439 -0.9947267 0.09138236 0.0465615 -0.9947267 0.08297305 0.06028346 -0.9947268 0.07252112 0.07252111 -0.9947268 0.06028363 0.08297314 -0.9947268 0.04656133 0.09138191 -0.9947268 0.03169293 0.09754069 -0.9947268 0.01604409 0.101298 -0.9947267 6.94454e-08 0.1025613 -0.9947267 -0.01604409 0.101298 -0.9947268 -0.03169293 0.09754074 -0.9947268 -0.04656157 0.09138248 -0.9947267 -0.06028356 0.08297319 -0.9947268 -0.07252089 0.07252084 -0.9947268 -0.08297324 0.06028368 -0.9947268 -0.0913822 0.04656152 -0.9947268 -0.09754055 0.03169281 -0.9947268 -0.1012973 0.01604387 -0.9947268 -0.1025611 1.139051e-07 -0.9947267 -0.1012972 -0.01604401 -0.9947268 -0.09754059 -0.03169281 -0.9947268 -0.0913823 -0.04656148 -0.9947267 -0.08297304 -0.06028348 -0.9947268 -0.07252097 -0.07252101 -0.9947268 -0.06028349 -0.08297301 -0.9947268 -0.04656134 -0.09138191 -0.9947268 -0.0316929 -0.09754079 -0.9947268 -0.01604391 -0.1012973 -0.9947268 -1.398222e-07 -0.1025614 -0.9947267 0.01604409 -0.1012972 -0.9947268 0.03169282 -0.09754084 -0.9947268 0.04656132 -0.09138188 -0.9947268 0.06028357 -0.08297324 -0.9947268 0.07252088 -0.07252081 -0.9947268 0.08297324 -0.06028362 -0.9947268 0.09138223 -0.04656145 -0.9947268 0.09754062 -0.03169281 -0.9947268 0.1012973 -0.01604386 -0.9947268 0.1025612 -3.747822e-07 -0.9947267 0.1375428 -0.1375427 -0.9808996 0.1143334 -0.1573664 -0.9808994 0.0883079 -0.1733143 -0.9808995 0.06010845 -0.1849954 -0.9808994 0.03042911 -0.1921199 -0.9808996 -2.337418e-07 -0.194517 -0.9808991 -0.03042876 -0.1921198 -0.9808996 -0.0601086 -0.1849954 -0.9808994 -0.08830789 -0.1733143 -0.9808995 -0.1143333 -0.1573661 -0.9808995 -0.1375429 -0.137543 -0.9808995 -0.1573662 -0.1143333 -0.9808995 -0.173315 -0.08830818 -0.9808994 -0.1849949 -0.06010844 -0.9808995 -0.1921199 -0.03042893 -0.9808996 -0.1945166 1.902888e-07 -0.9808992 -0.1921198 0.03042866 -0.9808996 -0.184995 0.06010849 -0.9808995 -0.1733149 0.0883083 -0.9808994 -0.1573664 0.1143336 -0.9808994 -0.1375428 0.1375427 -0.9808996 -0.1143335 0.1573665 -0.9808994 -0.08830836 0.1733153 -0.9808993 -0.06010869 0.1849953 -0.9808994 -0.03042908 0.1921211 -0.9808994 1.159996e-07 0.1945171 -0.9808991 0.03042905 0.192121 -0.9808994 0.06010868 0.1849953 -0.9808994 0.08830789 0.1733143 -0.9808995 0.1143335 0.1573664 -0.9808994 0.1375431 0.1375431 -0.9808995 0.1573662 0.1143333 -0.9808995 0.1733151 0.0883082 -0.9808994 0.1849954 0.06010866 -0.9808994 0.1921212 0.03042872 -0.9808994 0.194517 -6.604085e-07 -0.9808991 0.1921198 -0.03042867 -0.9808996 0.1849951 -0.06010845 -0.9808995 0.1733149 -0.08830819 -0.9808994 0.1573664 -0.1143335 -0.9808994 -0.3315219 -0.8958009 -0.2960302 -0.07957314 -0.4446352 -0.8921702 0.1728135 -0.6495798 -0.7403928 -0.2750002 -0.9402661 -0.2006853 0.4514566 -0.7951587 -0.4048575 -0.2457132 -0.9621625 -0.1177642 -0.5390117 -0.8411391 0.04417393 -0.4587248 -0.8885773 -0.001419245 -0.8487955 -0.5287212 0.000275466 -0.9780862 -0.2019014 0.05082518 -0.9779457 -0.202602 -0.05074 -0.7958908 0.597792 -0.09592987 -0.795461 0.451059 -0.4047068 -0.9666932 -0.2293587 -0.1135733 -0.9388071 -0.2802094 -0.2003094 -0.6497689 0.1726036 -0.7402759 -0.444812 -0.07973887 -0.8920673 -0.7954156 0.598414 0.09599333 -0.0647708 0.992434 0.1043048 -0.1282691 0.9857748 -0.1086053 0.2299374 0.9644579 -0.1301914 0.3496626 0.9294929 0.1173838 0.06592684 0.8942306 0.4427248 0.4837482 0.809401 0.332953 0.2360985 0.57246 0.7852051 0.5825697 0.6168267 0.52928 0.6262893 0.39482 0.6722194 0.3252313 0.2459959 0.9130776 -0.4445438 -0.07958672 0.8922145 -0.6494109 0.1729151 0.7405173 -0.9387456 -0.2798223 0.2011375 -0.7950378 0.4516441 0.4048858 -0.9667946 -0.2287845 0.1138673 -0.8676385 -0.4971925 0.001730816 -0.9044728 -0.4262757 0.01476165 -0.8958012 0.3315214 -0.29603 -0.4446745 0.07956709 -0.8921511 -0.6496512 -0.1727719 -0.7403399 -0.9388144 0.2799118 -0.2006909 -0.795209 -0.4513788 -0.4048454 -0.9667902 0.2288107 -0.1138523 -0.8677647 0.4969724 -0.001693583 -0.9045343 0.4261895 -0.01342629 0.3315206 0.8958024 -0.2960273 0.2749993 0.9402678 -0.2006787 0.2457123 0.9621628 -0.1177634 0.5390114 0.841139 0.04417989 0.4587231 0.8885781 -0.001420331 0.8480255 0.5299528 0.001686619 0.9780867 0.2018988 0.05082535 0.9780202 0.2026741 -0.0489877 0.7958598 -0.5978386 -0.0958967 0.7953805 -0.4511843 -0.4047253 0.9620596 0.2462469 -0.1174893 0.9402594 0.2753018 -0.2003027 0.649655 -0.1726708 -0.7403602 0.4447494 0.07974866 -0.8920976 0.7953938 -0.5984464 0.09597173 -0.06061075 -0.9931321 0.1000744 -0.03269116 -0.9942978 -0.1015049 -0.5122748 -0.8527171 -0.1022159 -0.5549269 -0.8261908 0.09728721 -0.1824801 -0.8874175 0.4233098 -0.6431862 -0.7173498 0.2678073 -0.699154 -0.5664874 0.436206 -0.3167135 -0.572801 0.7560367 -0.7138918 -0.3916362 0.5804994 -0.3754256 -0.2522892 0.8918552 0.4445021 0.07959259 0.8922348 0.6493352 -0.17296 0.7405732 0.9387466 0.2798213 0.2011337 0.7949836 -0.4517291 0.4048975 0.9667949 0.228783 0.1138681 0.8676395 0.4971908 0.001727755 0.9044768 0.4262674 0.01475998 0.2854994 0.2398126 -0.9278901 0.5545681 0.3879375 -0.7361784 0.1780677 0.5665692 -0.8045441 -0.002456108 0.8901057 -0.4557475 0.4941366 0.6345179 -0.5943198 0.3765179 0.8465046 -0.3763833 -0.2463968 0.3237674 -0.9134896 -0.3946827 0.6210145 -0.6771754 -0.5754787 0.2243912 -0.7864305 -0.8946053 0.03979704 -0.4450815 -0.6230773 0.5663175 -0.5394991 -0.8225484 0.4511102 -0.3462858 -0.3707538 -0.2520114 -0.8938858 -0.7042537 -0.3936892 -0.5907923 -0.305688 -0.5742857 -0.7594411 -0.158595 -0.8910577 -0.4252809 -0.6804272 -0.5771978 -0.4515104 -0.6111906 -0.7404579 -0.2795858 -0.3995944 -0.6175179 -0.6774924 -0.6495844 -0.5103697 -0.5635272 -0.8705081 -0.3110458 -0.3814003 0.8054746 -0.4944135 0.3267506 0.6148513 -0.590769 0.522446 -0.5836642 0.7552112 0.2983157 0.4587353 -0.8885718 -0.001423277 0.5390078 -0.8411416 0.04417505 -0.9045273 -0.4262039 -0.01343685 -0.8677626 -0.4969761 -0.001692233 -0.4587352 0.8885718 -0.001429668 -0.5390082 0.8411412 0.04417723 0.8885715 0.4587359 -0.001426948 0.8411394 0.5390109 0.04417857 0.9044542 -0.4263169 0.01471496 0.8675521 -0.4973437 0.001611918</float_array>
          <technique_common>
            <accessor count="2549" source="#normals-array-array" stride="3">
              <param type="float" name="X" />
              <param type="float" name="Y" />
              <param type="float" name="Z" />
            </accessor>
          </technique_common>
        </source>
        <source id="texcoords-array">
          <float_array count="5098" id="texcoords-array-array">0.5450037 0.2904305 0.5450035 0.6640593 0.5620501 0.2904305 0.5620501 0.6640593 0.5790966 0.2904305 0.5790964 0.6640594 0.5961429 0.2904305 0.5961428 0.6640593 0.6131895 0.2904305 0.6131895 0.6640593 0.6302359 0.2904305 0.6302359 0.6640594 0.6472824 0.2904305 0.6472824 0.6640594 0.6643288 0.2904305 0.6643288 0.6640593 0.6813753 0.2904305 0.6813753 0.6640594 0.6984218 0.2904305 0.6984218 0.6640594 0.5961428 0.6727259 0.5790964 0.672726 0.5620501 0.672726 0.5450035 0.6727258 0.527957 0.6640594 0.5279573 0.2904305 0.5109105 0.6640594 0.5109107 0.2904305 0.4938642 0.6640594 0.4938642 0.2904305 0.4768177 0.6640594 0.4768177 0.2904305 0.4597712 0.6640594 0.4597712 0.2904305 0.4427248 0.6640594 0.4427249 0.2904305 0.4256783 0.6640593 0.4256784 0.2904305 0.4086319 0.6640594 0.4086319 0.2904305 0.3915854 0.6640594 0.3915854 0.2904305 0.3745389 0.6640594 0.3745389 0.2904305 0.3574925 0.6640594 0.3574925 0.2904305 0.340446 0.6640593 0.340446 0.2904305 0.3233995 0.6640593 0.3233995 0.2904305 0.306353 0.6640593 0.306353 0.2904305 0.2893066 0.6640594 0.2893065 0.2904305 0.2722602 0.6640594 0.27226 0.2904305 0.2552138 0.6640594 0.2552137 0.2904305 0.2381673 0.6640594 0.2381671 0.2904305 0.2211207 0.6640594 0.2211207 0.2904305 0.2040743 0.6640593 0.2040742 0.2904305 0.1870278 0.6640594 0.1870277 0.2904305 0.1699813 0.6640594 0.1699812 0.2904305 0.1529349 0.6640593 0.1529348 0.2904305 0.1358884 0.6640593 0.1358883 0.2904305 0.1188419 0.6640593 0.1188419 0.2904305 0.1017954 0.6640593 0.1017953 0.2904305 0.08474885 0.6640594 0.08474885 0.2904305 0.06770246 0.6640593 0.06770246 0.2904305 0.05065589 0.6640593 0.05065589 0.2904305 0.03360961 0.6640593 0.03360955 0.2904305 0.01656301 0.6640594 0.01656304 0.2904305 0.03360961 0.672726 0.01656301 0.672726 0.03360955 0.6813324 0.01656301 0.6813324 0.03360955 0.6898193 0.01656301 0.6898193 0.03360955 0.6981281 0.01656301 0.6981281 0.03360955 0.706201 0.01656301 0.7062011 0.03360955 0.7139821 0.01656304 0.7139822 0.03360955 0.721417 0.01656304 0.7214171 0.03360955 0.7284533 0.01656304 0.7284534 0.03360949 0.7350418 0.01656307 0.7350418 0.05065601 0.7350418 0.05065601 0.7284532 0.05065589 0.7214168 0.05065589 0.7139821 0.05065589 0.706201 0.05065589 0.698128 0.05065589 0.6898193 0.05065589 0.6813324 0.05065589 0.6727259 0.06770246 0.7350418 0.06770246 0.7284533 0.06770246 0.721417 0.06770246 0.7139821 0.06770246 0.706201 0.06770246 0.6981281 0.06770246 0.6898193 0.06770246 0.6813324 0.06770246 0.672726 0.08474885 0.7350418 0.08474885 0.7284533 0.08474885 0.7214171 0.08474885 0.7139822 0.08474885 0.706201 0.08474885 0.6981281 0.08474885 0.6898193 0.08474885 0.6813324 0.08474885 0.672726 0.1017951 0.7350418 0.1017952 0.7284533 0.1017952 0.721417 0.1017953 0.7139821 0.1017953 0.706201 0.1017953 0.698128 0.1017953 0.6898193 0.1017953 0.6813324 0.1017953 0.6727259 0.1188418 0.7350417 0.1188419 0.7284532 0.1188418 0.7214168 0.1188418 0.7139821 0.1188419 0.706201 0.1188419 0.698128 0.1188419 0.6898193 0.1188419 0.6813324 0.1188419 0.6727259 0.1358882 0.7350418 0.1358882 0.7284533 0.1358883 0.721417 0.1358883 0.7139821 0.1358883 0.706201 0.1358883 0.6981281 0.1358884 0.6898193 0.1358884 0.6813324 0.1358884 0.672726 0.1529348 0.7350418 0.1529348 0.7284533 0.1529348 0.721417 0.1529349 0.7139821 0.1529349 0.706201 0.1529349 0.6981281 0.1529349 0.6898193 0.1529349 0.6813324 0.1529349 0.672726 0.1699814 0.7350418 0.1699813 0.7284533 0.1699813 0.721417 0.1699813 0.7139821 0.1699813 0.706201 0.1699813 0.6981281 0.1699813 0.6898193 0.1699813 0.6813324 0.1699813 0.672726 0.1870278 0.7350418 0.1870278 0.7284534 0.1870278 0.7214171 0.1870278 0.7139822 0.1870278 0.7062011 0.1870278 0.6981281 0.1870278 0.6898193 0.1870278 0.6813324 0.1870278 0.672726 0.2040743 0.7350418 0.2040743 0.7284533 0.2040743 0.721417 0.2040743 0.7139821 0.2040743 0.706201 0.2040743 0.6981281 0.2040743 0.6898193 0.2040743 0.6813324 0.2040743 0.672726 0.2211208 0.7350418 0.2211208 0.7284533 0.2211207 0.721417 0.2211207 0.7139821 0.2211207 0.706201 0.2211207 0.6981281 0.2211207 0.6898193 0.2211207 0.6813324 0.2211207 0.672726 0.2381669 0.7350418 0.238167 0.7284534 0.238167 0.7214171 0.2381671 0.7139822 0.2381671 0.7062011 0.2381672 0.6981281 0.2381672 0.6898193 0.2381672 0.6813324 0.2381672 0.672726 0.2552136 0.7350419 0.2552136 0.7284535 0.2552137 0.7214171 0.2552137 0.7139822 0.2552137 0.7062011 0.2552137 0.6981281 0.2552137 0.6898193 0.2552138 0.6813324 0.2552138 0.672726 0.2722602 0.7350419 0.2722602 0.7284535 0.2722602 0.7214171 0.2722602 0.7139822 0.2722602 0.7062011 0.2722602 0.6981281 0.2722602 0.6898193 0.2722602 0.6813324 0.2722602 0.672726 0.2893065 0.7350418 0.2893065 0.7284533 0.2893065 0.721417 0.2893066 0.7139821 0.2893066 0.706201 0.2893066 0.6981281 0.2893066 0.6898193 0.2893066 0.6813324 0.2893066 0.672726 0.306353 0.7350418 0.306353 0.7284532 0.306353 0.7214168 0.306353 0.7139821 0.306353 0.706201 0.306353 0.698128 0.306353 0.6898193 0.306353 0.6813324 0.306353 0.6727259 0.3233997 0.7350418 0.3233996 0.7284533 0.3233996 0.721417 0.3233996 0.7139821 0.3233996 0.706201 0.3233995 0.698128 0.3233995 0.6898193 0.3233995 0.6813324 0.3233995 0.6727259 0.3404462 0.7350418 0.3404462 0.7284533 0.3404461 0.721417 0.3404461 0.7139821 0.3404461 0.706201 0.3404461 0.6981281 0.3404461 0.6898193 0.3404461 0.6813324 0.3404461 0.672726 0.3574925 0.7350418 0.3574925 0.7284534 0.3574925 0.7214171 0.3574925 0.7139822 0.3574925 0.7062011 0.3574925 0.6981281 0.3574925 0.6898193 0.3574925 0.6813324 0.3574925 0.672726 0.3745389 0.7350418 0.3745389 0.7284534 0.3745389 0.7214171 0.3745389 0.7139822 0.3745389 0.7062011 0.3745389 0.6981281 0.3745389 0.6898193 0.3745389 0.6813324 0.3745389 0.672726 0.3915852 0.7350418 0.3915852 0.7284534 0.3915852 0.7214171 0.3915852 0.7139822 0.3915852 0.7062011 0.3915852 0.6981281 0.3915854 0.6898193 0.3915854 0.6813324 0.3915854 0.672726 0.4086317 0.7350418 0.4086317 0.7284533 0.4086317 0.721417 0.4086318 0.7139821 0.4086318 0.706201 0.4086319 0.6981281 0.4086319 0.6898193 0.4086319 0.6813324 0.4086319 0.672726 0.4256784 0.7350418 0.4256784 0.7284533 0.4256784 0.721417 0.4256784 0.7139821 0.4256784 0.706201 0.4256784 0.698128 0.4256783 0.6898193 0.4256783 0.6813324 0.4256783 0.6727259 0.4427249 0.7350418 0.4427249 0.7284533 0.4427249 0.7214171 0.4427249 0.7139822 0.4427249 0.706201 0.4427249 0.6981281 0.4427249 0.6898193 0.4427248 0.6813324 0.4427248 0.672726 0.4597711 0.7350418 0.4597712 0.7284533 0.4597712 0.7214171 0.4597712 0.7139822 0.4597712 0.706201 0.4597712 0.6981281 0.4597712 0.6898193 0.4597712 0.6813324 0.4597712 0.672726 0.4768178 0.7350418 0.4768177 0.7284533 0.4768177 0.721417 0.4768177 0.7139821 0.4768177 0.706201 0.4768177 0.6981281 0.4768177 0.6898193 0.4768177 0.6813324 0.4768177 0.672726 0.4938642 0.7350418 0.4938642 0.7284533 0.4938642 0.721417 0.4938642 0.7139821 0.4938642 0.706201 0.4938642 0.6981281 0.4938642 0.6898193 0.4938642 0.6813324 0.4938642 0.672726 0.5109105 0.7350418 0.5109105 0.7284534 0.5109105 0.7214171 0.5109105 0.7139822 0.5109105 0.7062011 0.5109105 0.6981281 0.5109105 0.6898193 0.5109105 0.6813324 0.5109105 0.672726 0.5279567 0.7350423 0.5279567 0.7284535 0.5450041 0.7350416 0.545004 0.7284529 0.527957 0.7214172 0.5450039 0.7214167 0.527957 0.7139823 0.5450038 0.713982 0.527957 0.7062012 0.5450037 0.7062008 0.527957 0.6981281 0.5450037 0.6981279 0.527957 0.6898194 0.5450035 0.6898193 0.527957 0.6813325 0.5450035 0.6813322 0.527957 0.672726 0.5620501 0.7284533 0.5620501 0.721417 0.5620501 0.7139821 0.5620501 0.706201 0.5620501 0.6981281 0.5620501 0.6898193 0.5620501 0.6813324 0.5790966 0.7284533 0.5790967 0.7350418 0.5620501 0.7350418 0.5790966 0.721417 0.5790966 0.7139821 0.5790966 0.706201 0.5790966 0.6981281 0.5790964 0.6898193 0.5790964 0.6813324 0.5961429 0.7350418 0.5961429 0.7284533 0.5961429 0.721417 0.5961429 0.7139821 0.5961429 0.706201 0.5961429 0.698128 0.5961428 0.6898193 0.5961428 0.6813324 0.6131896 0.7350418 0.6131896 0.7284532 0.6131895 0.7214168 0.6131895 0.7139821 0.6131895 0.706201 0.6131895 0.698128 0.6131895 0.6898193 0.6131895 0.6813324 0.6131895 0.6727259 0.6302357 0.7350418 0.6302357 0.7284533 0.6302357 0.721417 0.6302357 0.7139821 0.6302357 0.706201 0.6302359 0.6981281 0.6302359 0.6898193 0.6302359 0.6813324 0.6302359 0.672726 0.6472824 0.7350418 0.6472824 0.7284533 0.6472824 0.7214171 0.6472824 0.7139822 0.6472824 0.706201 0.6472824 0.6981281 0.6472824 0.6898193 0.6472824 0.6813324 0.6472824 0.672726 0.6643288 0.7350418 0.6643288 0.7284532 0.6643288 0.7214168 0.6643288 0.7139821 0.6643288 0.706201 0.6643288 0.698128 0.6643288 0.6898193 0.6643288 0.6813324 0.6643288 0.6727259 0.6813753 0.7350418 0.6813753 0.7284533 0.6813753 0.721417 0.6813753 0.7139821 0.6813753 0.706201 0.6813753 0.6981281 0.6813753 0.6898193 0.6813753 0.6813324 0.6813753 0.672726 0.6984217 0.7350418 0.6984217 0.7284534 0.6984217 0.7214171 0.6984217 0.7139822 0.6984218 0.7062011 0.6984218 0.6981281 0.6984218 0.6898193 0.6984218 0.6813324 0.6984218 0.672726 0.6813753 0.759047 0.6643286 0.759047 0.6472825 0.759047 0.6302355 0.759047 0.6131896 0.759047 0.5961432 0.759047 0.5790972 0.759047 0.5620501 0.759047 0.5450048 0.7590472 0.5279565 0.7590469 0.5109105 0.759047 0.4938642 0.759047 0.476818 0.759047 0.4597709 0.759047 0.4427252 0.759047 0.4256786 0.759047 0.4086316 0.759047 0.3915851 0.759047 0.3745389 0.759047 0.3574925 0.759047 0.3404462 0.759047 0.3233998 0.759047 0.3063529 0.759047 0.2893064 0.759047 0.2722601 0.7590483 0.2552134 0.7590483 0.2381667 0.759047 0.2211209 0.759047 0.2040743 0.759047 0.1870276 0.759047 0.1699816 0.759047 0.1529346 0.759047 0.135888 0.759047 0.1188413 0.759047 0.1017947 0.759047 0.08474897 0.759047 0.06770264 0.759047 0.05065612 0.759047 0.03360967 0.759047 0.01656286 0.759047 0.03360967 0.7632593 0.01656286 0.7632593 0.03360967 0.7680925 0.01656286 0.7680923 0.03360967 0.7732449 0.01656286 0.7732449 0.01656286 0.8393376 0.03360967 0.8393376 0.05065612 0.7732449 0.05065612 0.8393376 0.06770258 0.7732449 0.06770258 0.8393376 0.08474879 0.7732449 0.08474879 0.8393376 0.1017945 0.7732449 0.1017945 0.8393376 0.1188413 0.7732449 0.1188413 0.8393376 0.1358879 0.7732449 0.1358879 0.8393376 0.1529345 0.7732449 0.1529345 0.8393376 0.1699814 0.7732449 0.1699814 0.8393376 0.1870276 0.7732449 0.1870276 0.8393376 0.2040743 0.7732449 0.2040743 0.8393376 0.2211209 0.7732449 0.2211209 0.8393376 0.2381665 0.7732449 0.2381665 0.8393376 0.2552133 0.7732462 0.2552133 0.839339 0.2722601 0.7732462 0.2722601 0.839339 0.2893063 0.7732449 0.2893063 0.8393376 0.3063529 0.7732449 0.3063529 0.8393376 0.3233998 0.7732449 0.3233998 0.8393376 0.3404463 0.7732449 0.3404463 0.8393376 0.3574925 0.7732449 0.3574925 0.8393376 0.3745389 0.7732449 0.3745389 0.8393376 0.391585 0.7732449 0.391585 0.8393376 0.4086314 0.7732449 0.4086314 0.8393376 0.4256787 0.7732449 0.4256787 0.8393376 0.4427252 0.7732449 0.4427252 0.8393376 0.4597709 0.7732449 0.4597709 0.8393376 0.4768181 0.7732449 0.4768181 0.8393376 0.4938641 0.7732449 0.4938641 0.8393376 0.5109105 0.7732449 0.5109105 0.8393376 0.5279562 0.7732449 0.5279562 0.8393376 0.5450052 0.7732449 0.5450052 0.8393376 0.56205 0.7732449 0.56205 0.8393376 0.5790972 0.7732449 0.5790972 0.8393376 0.5961432 0.7732449 0.5961432 0.8393376 0.6131897 0.7732449 0.6131897 0.8393376 0.6302355 0.7732449 0.6302355 0.8393376 0.6472827 0.7732449 0.6472827 0.8393376 0.6643286 0.7732449 0.6643286 0.8393376 0.6813753 0.7732449 0.6813753 0.8393376 0.6984216 0.7732449 0.6984216 0.8393376 0.5790972 0.7680925 0.5961432 0.7680925 0.5790972 0.7632593 0.5620501 0.7632593 0.545005 0.7632593 0.56205 0.7680925 0.5450052 0.7680925 0.5961432 0.7632593 0.6131896 0.7632593 0.6131897 0.7680925 0.6302355 0.7632593 0.6302355 0.7680925 0.6472827 0.7632593 0.6472827 0.7680925 0.6643286 0.7632593 0.6643286 0.7680925 0.6813753 0.7632593 0.6813753 0.7680925 0.6984216 0.7632593 0.6984216 0.759047 0.6984216 0.7680923 0.05065612 0.7632593 0.05065612 0.7680925 0.06770258 0.7632593 0.06770258 0.7680925 0.08474879 0.7632593 0.08474879 0.7680923 0.1017945 0.7632593 0.1017945 0.7680925 0.1188413 0.7632593 0.1188413 0.7680925 0.135888 0.7632593 0.1358879 0.7680925 0.1529346 0.7632593 0.1529345 0.7680925 0.1699814 0.7632593 0.1699814 0.7680925 0.1870276 0.7632593 0.1870276 0.7680923 0.2040743 0.7632593 0.2040743 0.7680925 0.2211209 0.7632593 0.2211209 0.7680925 0.2381666 0.7632593 0.2381667 0.7680923 0.2552133 0.7632606 0.2552133 0.7680938 0.2722601 0.7632606 0.2722601 0.7680938 0.2893063 0.7632593 0.2893063 0.7680925 0.3063529 0.7632593 0.3063529 0.7680925 0.3233998 0.7632593 0.3233998 0.7680925 0.3404463 0.7632593 0.3404463 0.7680925 0.3574925 0.7632593 0.3574925 0.7680923 0.3745389 0.7632593 0.3745389 0.7680923 0.391585 0.7632593 0.391585 0.7680925 0.4086314 0.7632593 0.4086314 0.7680925 0.4256787 0.7632593 0.4256787 0.7680925 0.4427252 0.7632593 0.4427252 0.7680923 0.4597709 0.7632593 0.4597709 0.7680925 0.4768181 0.7632593 0.4768181 0.7680925 0.4938641 0.7632593 0.4938641 0.7680925 0.5109105 0.7632593 0.5109105 0.7680925 0.5279564 0.7632593 0.5279562 0.7680923 0.889635 0.4470035 0.8473382 0.4403043 0.8880663 0.4535376 0.8854947 0.4597459 0.8819836 0.4654756 0.8776194 0.4705853 0.8725095 0.4749497 0.8667799 0.4784608 0.8605715 0.4810323 0.8540374 0.4826011 0.8473383 0.4831282 0.8406391 0.4826011 0.834105 0.4810323 0.8278965 0.4784608 0.822167 0.4749497 0.8170571 0.4705853 0.8126929 0.4654756 0.8091819 0.4597459 0.9006494 0.457626 0.8972832 0.4657524 0.9103388 0.4607744 0.9127656 0.4506668 0.9027028 0.4490732 0.9135809 0.4403043 0.9033927 0.4403043 0.8901622 0.4403043 0.8066103 0.4535376 0.8050415 0.4470035 0.8045142 0.4403043 0.8050415 0.4336051 0.8066103 0.427071 0.8091819 0.4208626 0.8126929 0.415133 0.8170571 0.4100231 0.822167 0.405659 0.8278965 0.4021478 0.834105 0.3995762 0.840639 0.3980075 0.8473382 0.3974802 0.8540374 0.3980075 0.8605715 0.3995762 0.8667799 0.4021478 0.7940274 0.457626 0.7919741 0.4490731 0.7843379 0.4607744 0.7883157 0.4703778 0.7973935 0.4657524 0.7937469 0.4792407 0.8019894 0.4732522 0.8004976 0.4871449 0.8077018 0.4799407 0.8084019 0.4938957 0.8143905 0.4856532 0.8172647 0.499327 0.8218901 0.4902491 0.8268681 0.5033048 0.8300166 0.4936152 0.8369756 0.5057314 0.8385696 0.4956686 0.8473383 0.506547 0.8473383 0.4963587 0.8577009 0.5057314 0.8561071 0.4956686 0.8678083 0.5033048 0.86466 0.4936151 0.8774118 0.499327 0.8727864 0.4902491 0.8862747 0.4938957 0.8802861 0.4856532 0.8941789 0.4871449 0.8869747 0.4799407 0.9009297 0.4792407 0.8926872 0.4732522 0.9063607 0.4703778 0.9191903 0.4636503 0.9219575 0.4521228 0.922888 0.4403043 0.9290154 0.4403043 0.9280096 0.4530814 0.9322603 0.4403043 0.9312146 0.453589 0.9250177 0.4655439 0.9281038 0.4665466 0.9146534 0.4746031 0.9201131 0.4773849 0.9230044 0.4788581 0.9084594 0.4847112 0.9134164 0.4883128 0.9160419 0.49022 0.9007598 0.493726 0.9050926 0.4980586 0.9073874 0.5003532 0.8917452 0.5014251 0.8953468 0.5063823 0.8972541 0.5090075 0.8816371 0.5076195 0.8844187 0.513079 0.885892 0.5159703 0.8706843 0.5121562 0.8725779 0.5179837 0.8735806 0.5210698 0.8591568 0.5149237 0.8601154 0.5209756 0.860623 0.5241807 0.8473383 0.5158539 0.8473383 0.5219813 0.8473383 0.5252262 0.8355197 0.5149237 0.8345612 0.5209756 0.8340535 0.5241807 0.8239922 0.5121562 0.8220987 0.5179837 0.821096 0.5210698 0.8130395 0.5076195 0.8102577 0.513079 0.8087845 0.5159703 0.8029314 0.5014251 0.7993297 0.5063824 0.7974225 0.5090076 0.7939166 0.493726 0.7895841 0.4980586 0.7872893 0.5003532 0.7862172 0.4847112 0.78126 0.4883129 0.778635 0.4902201 0.7800233 0.4746031 0.7745635 0.4773849 0.7716723 0.4788581 0.7754864 0.4636503 0.769659 0.4655439 0.7665727 0.4665466 0.7819113 0.4506668 0.7727188 0.4521228 0.7666668 0.4530815 0.7634618 0.453589 0.7912838 0.4403043 0.7810957 0.4403043 0.7717887 0.4403043 0.7656613 0.4403043 0.7624163 0.4403043 0.7919741 0.4315354 0.7819113 0.4299417 0.7727188 0.4284858 0.7666668 0.4275272 0.7634618 0.4270195 0.7940274 0.4229826 0.7843379 0.4198341 0.7754864 0.4169582 0.769659 0.4150647 0.7665727 0.4140619 0.7973935 0.4148561 0.7883157 0.4102307 0.7800233 0.4060055 0.7745635 0.4032237 0.7716725 0.4017505 0.8019894 0.4073563 0.7937469 0.4013678 0.7862172 0.3958974 0.78126 0.3922957 0.778635 0.3903884 0.8077018 0.4006678 0.8004976 0.3934636 0.7939166 0.3868827 0.7895841 0.3825499 0.7872893 0.3802554 0.8143905 0.3949553 0.8084019 0.3867128 0.8029314 0.3791834 0.7993297 0.3742262 0.7974225 0.371601 0.8218901 0.3903594 0.8172647 0.3812816 0.8130395 0.3729891 0.8102577 0.3675295 0.8087845 0.3646383 0.8300166 0.3869933 0.8268681 0.3773037 0.8239922 0.3684523 0.8220987 0.3626248 0.821096 0.3595387 0.8385695 0.38494 0.8369756 0.3748772 0.8355195 0.3656848 0.8345612 0.3596328 0.8340535 0.3564278 0.8473382 0.3842499 0.8473382 0.3740616 0.8473382 0.3647547 0.8473382 0.3586273 0.8473382 0.3553823 0.856107 0.38494 0.8577008 0.3748772 0.8591568 0.3656848 0.8601154 0.3596328 0.8606229 0.3564278 0.86466 0.3869933 0.8678083 0.3773037 0.8706843 0.3684523 0.8725778 0.3626248 0.8735806 0.3595387 0.8727864 0.3903594 0.8774118 0.3812816 0.8816371 0.3729891 0.8844187 0.3675295 0.885892 0.3646383 0.8725095 0.4056589 0.8776194 0.4100231 0.8819835 0.415133 0.8854947 0.4208626 0.8880662 0.4270709 0.889635 0.4336051 0.8802861 0.3949553 0.8862746 0.3867128 0.8917451 0.3791834 0.8953468 0.3742262 0.8972541 0.371601 0.8869747 0.4006678 0.8941789 0.3934636 0.9007598 0.3868827 0.9050926 0.3825499 0.9073874 0.3802554 0.8926871 0.4073563 0.9009297 0.4013678 0.9084594 0.3958974 0.9134164 0.3922957 0.9160416 0.3903884 0.897283 0.4148561 0.9063607 0.4102307 0.9146534 0.4060055 0.9201128 0.4032237 0.9230044 0.4017505 0.9006492 0.4229826 0.9103388 0.4198341 0.91919 0.4169582 0.9250177 0.4150647 0.9281038 0.4140619 0.9027026 0.4315354 0.9127656 0.4299417 0.9219575 0.4284858 0.9280096 0.4275272 0.9312146 0.4270195 0.9316845 0.4269451 0.9285562 0.413915 0.9234279 0.4015346 0.9164265 0.3901088 0.9327358 0.4403043 0.9316845 0.4536633 0.9285562 0.4666936 0.9234279 0.4790739 0.9164265 0.4904998 0.9077233 0.5006896 0.8975338 0.5093924 0.8861079 0.5163941 0.8737276 0.5215223 0.8606974 0.5246505 0.8473383 0.5257019 0.8339791 0.5246505 0.820949 0.5215223 0.8085685 0.5163941 0.7971428 0.5093924 0.7869532 0.5006896 0.7782502 0.4904998 0.7712485 0.4790741 0.7661203 0.4666936 0.7629922 0.4536635 0.7619407 0.4403043 0.7629922 0.4269451 0.7661203 0.413915 0.7712485 0.4015346 0.7782502 0.3901088 0.7869532 0.3799191 0.7971428 0.3712162 0.8085685 0.3642144 0.8209489 0.3590863 0.8339791 0.3559581 0.8473382 0.3549067 0.8606973 0.3559581 0.8737276 0.3590863 0.8861079 0.3642144 0.8975338 0.3712161 0.9077233 0.3799191 0.3083853 0.9006582 0.3083853 0.9677411 0.3177882 0.9006582 0.3177882 0.9677411 0.3271911 0.9006582 0.3271911 0.9677411 0.336594 0.9006582 0.336594 0.9677411 0.3459969 0.9006582 0.3459969 0.9677411 0.3553998 0.9006582 0.3553998 0.9677411 0.3648027 0.9006582 0.3648027 0.9677411 0.3742055 0.9006582 0.3742055 0.9677411 0.3836085 0.9006582 0.3836085 0.9677411 0.3930114 0.9006582 0.3930114 0.9677411 0.3271911 0.9001899 0.336594 0.9001899 0.3271911 0.8998468 0.3177882 0.8998468 0.3177882 0.8997214 0.3083853 0.8997214 0.3177882 0.8941796 0.3083853 0.8941796 0.3271911 0.8941796 0.3271911 0.8997214 0.336594 0.8941796 0.336594 0.8997214 0.3459969 0.8941796 0.3459969 0.8997214 0.3553998 0.8941796 0.3553998 0.8997214 0.3648027 0.8941796 0.3648027 0.8997214 0.3742055 0.8941796 0.3742055 0.8997214 0.3836085 0.8941796 0.3836085 0.8997214 0.3930114 0.8941796 0.3930114 0.8997214 0.336594 0.8998468 0.3459969 0.9001899 0.3459969 0.8998468 0.3553998 0.8998468 0.3553998 0.9001899 0.3648027 0.8998468 0.3648027 0.9001899 0.3742055 0.8998468 0.3742055 0.9001899 0.3836085 0.8998468 0.3836085 0.9001899 0.3930114 0.8998468 0.3930114 0.9001899 0.01689535 0.9006582 0.01689535 0.9677411 0.02629825 0.9006582 0.02629825 0.9677411 0.03570117 0.9006582 0.03570117 0.9677411 0.04510407 0.9006582 0.04510407 0.9677411 0.054507 0.9006582 0.054507 0.9677411 0.06390987 0.9006582 0.06390987 0.9677411 0.0733128 0.9006582 0.0733128 0.9677411 0.08271566 0.9006582 0.08271566 0.9677411 0.09211861 0.9006582 0.09211861 0.9677411 0.1015215 0.9006582 0.1015215 0.9677411 0.1109244 0.9006582 0.1109244 0.9677411 0.1203273 0.9006582 0.1203273 0.9677411 0.1297302 0.9006582 0.1297302 0.9677411 0.1391331 0.9006582 0.1391331 0.9677411 0.148536 0.9006582 0.148536 0.9677411 0.1579389 0.9006582 0.1579389 0.9677411 0.1673418 0.9006582 0.1673418 0.9677411 0.1767447 0.9006582 0.1767447 0.9677411 0.1861476 0.9006582 0.1861476 0.9677411 0.1955505 0.9006582 0.1955505 0.9677411 0.2049533 0.9006582 0.2049533 0.9677411 0.2143564 0.9006582 0.2143564 0.9677411 0.2237592 0.9006582 0.2237592 0.9677411 0.2331621 0.9006582 0.2331621 0.9677411 0.242565 0.9006582 0.242565 0.9677411 0.2519679 0.9006582 0.2519679 0.9677411 0.2613708 0.9006582 0.2613708 0.9677411 0.2707737 0.9006582 0.2707737 0.9677411 0.2801766 0.9006582 0.2801766 0.9677411 0.2895795 0.9006582 0.2895795 0.9677411 0.2989824 0.9006582 0.2989824 0.9677411 0.242565 0.9001899 0.2519679 0.9001899 0.242565 0.8998468 0.2331621 0.8998468 0.2331621 0.8997214 0.2237592 0.8997214 0.2331621 0.8941796 0.2237592 0.8941796 0.2143564 0.8997214 0.2143564 0.8941796 0.2049533 0.8997214 0.2049533 0.8941796 0.1955505 0.8997214 0.1955505 0.8941796 0.1861476 0.8997214 0.1861476 0.8941796 0.1767447 0.8997214 0.1767447 0.8941796 0.1673418 0.8997214 0.1673418 0.8941796 0.1579389 0.8997214 0.1579389 0.8941796 0.148536 0.8997214 0.148536 0.8941796 0.1391331 0.8997214 0.1391331 0.8941796 0.1297302 0.8997214 0.1297302 0.8941796 0.1203273 0.8997214 0.1203273 0.8941796 0.1109244 0.8997214 0.1109244 0.8941796 0.1015215 0.8997214 0.1015215 0.8941796 0.09211861 0.8997214 0.09211861 0.8941796 0.08271566 0.8997214 0.08271566 0.8941796 0.0733128 0.8997214 0.0733128 0.8941796 0.06390987 0.8997214 0.06390987 0.8941796 0.054507 0.8997214 0.054507 0.8941796 0.04510407 0.8997214 0.04510407 0.8941796 0.03570117 0.8997214 0.03570117 0.8941796 0.02629825 0.8997214 0.02629825 0.8941796 0.01689535 0.8997214 0.01689535 0.8941796 0.02629825 0.8998468 0.01689535 0.8998468 0.02629825 0.9001899 0.01689535 0.9001899 0.03570117 0.8998468 0.03570117 0.9001899 0.04510407 0.8998468 0.04510407 0.9001899 0.054507 0.8998468 0.054507 0.9001899 0.06390987 0.8998468 0.06390987 0.9001899 0.0733128 0.8998468 0.0733128 0.9001899 0.08271566 0.8998468 0.08271566 0.9001899 0.09211861 0.8998468 0.09211861 0.9001899 0.1015215 0.8998468 0.1015215 0.9001899 0.1109244 0.8998468 0.1109244 0.9001899 0.1203273 0.8998468 0.1203273 0.9001899 0.1297302 0.8998468 0.1297302 0.9001899 0.1391331 0.8998468 0.1391331 0.9001899 0.148536 0.8998468 0.148536 0.9001899 0.1579389 0.8998468 0.1579389 0.9001899 0.1673418 0.8998468 0.1673418 0.9001899 0.1767447 0.8998468 0.1767447 0.9001899 0.1861476 0.8998468 0.1861476 0.9001899 0.1955505 0.8998468 0.1955505 0.9001899 0.2049533 0.8998468 0.2049533 0.9001899 0.2143564 0.8998468 0.2143564 0.9001899 0.2237592 0.8998468 0.2237592 0.9001899 0.2331621 0.9001899 0.242565 0.8997214 0.242565 0.8941796 0.2519679 0.8941796 0.2519679 0.8997214 0.2613708 0.8941796 0.2613708 0.8997214 0.2707737 0.8941796 0.2707737 0.8997214 0.2801766 0.8941796 0.2801766 0.8997214 0.2895795 0.8941796 0.2895795 0.8997214 0.2989824 0.8941796 0.2989824 0.8997214 0.2613708 0.8998468 0.2519679 0.8998468 0.2613708 0.9001899 0.2707737 0.9001899 0.2707737 0.8998468 0.2801766 0.8998468 0.2801766 0.9001899 0.2895795 0.8998468 0.2895795 0.9001899 0.2989824 0.8998468 0.2989824 0.9001899 0.3083853 0.8998468 0.3177882 0.9001899 0.3083853 0.9001899 0.3177882 0.8931539 0.3177882 0.8753579 0.3083853 0.8931539 0.3083853 0.8753579 0.3271911 0.8753579 0.3271911 0.8931539 0.336594 0.8753579 0.336594 0.8931539 0.3459969 0.8753579 0.3459969 0.8931539 0.3553998 0.8753579 0.3553998 0.8931539 0.3648027 0.8753579 0.3648027 0.8931539 0.3742055 0.8753579 0.3742055 0.8931539 0.3836085 0.8753579 0.3836085 0.8931539 0.3930114 0.8753579 0.3930114 0.8931539 0.336594 0.893654 0.3271911 0.893654 0.3177882 0.893654 0.3083853 0.893654 0.3177882 0.8940587 0.3083853 0.8940587 0.3271911 0.8940587 0.336594 0.8940587 0.3459969 0.8940587 0.3459969 0.893654 0.3553998 0.893654 0.3553998 0.8940587 0.3648027 0.893654 0.3648027 0.8940587 0.3742055 0.893654 0.3742055 0.8940587 0.3836085 0.893654 0.3836085 0.8940587 0.3930114 0.893654 0.3930114 0.8940587 0.02629825 0.8931539 0.02629825 0.8753579 0.01689535 0.8931539 0.01689535 0.8753579 0.03570117 0.8753579 0.03570117 0.8931539 0.04510407 0.8753579 0.04510407 0.8931539 0.054507 0.8753579 0.054507 0.8931539 0.06390987 0.8753579 0.06390987 0.8931539 0.0733128 0.8753579 0.0733128 0.8931539 0.08271566 0.8753579 0.08271566 0.8931539 0.09211861 0.8753579 0.09211861 0.8931539 0.1015215 0.8753579 0.1015215 0.8931539 0.1109244 0.8753579 0.1109244 0.8931539 0.1203273 0.8753579 0.1203273 0.8931539 0.1297302 0.8753579 0.1297302 0.8931539 0.1391331 0.8753579 0.1391331 0.8931539 0.148536 0.8753579 0.148536 0.8931539 0.1579389 0.8753579 0.1579389 0.8931539 0.1673418 0.8753579 0.1673418 0.8931539 0.1767447 0.8753579 0.1767447 0.8931539 0.1861476 0.8753579 0.1861476 0.8931539 0.1955505 0.8753579 0.1955505 0.8931539 0.2049533 0.8753579 0.2049533 0.8931539 0.2143562 0.8753579 0.2143564 0.8931539 0.2237592 0.8753579 0.2237592 0.8931539 0.2331621 0.8753579 0.2331621 0.8931539 0.242565 0.8753579 0.242565 0.8931539 0.2519679 0.8753579 0.2519679 0.8931539 0.2613708 0.8753579 0.2613708 0.8931539 0.2707737 0.8753579 0.2707737 0.8931539 0.2801766 0.8753579 0.2801766 0.8931539 0.2895795 0.8753579 0.2895795 0.8931539 0.2989824 0.8753579 0.2989824 0.8931539 0.2519679 0.893654 0.242565 0.893654 0.2331621 0.893654 0.2237592 0.893654 0.2143564 0.893654 0.2049533 0.893654 0.1955505 0.893654 0.1861476 0.893654 0.1767447 0.893654 0.1673418 0.893654 0.1579389 0.893654 0.148536 0.893654 0.1391331 0.893654 0.1297302 0.893654 0.1203273 0.893654 0.1109244 0.893654 0.1015215 0.893654 0.09211861 0.893654 0.08271566 0.893654 0.0733128 0.893654 0.06390987 0.893654 0.054507 0.893654 0.04510407 0.893654 0.03570117 0.893654 0.02629825 0.893654 0.01689535 0.893654 0.02629825 0.8940587 0.01689535 0.8940587 0.03570117 0.8940587 0.04510407 0.8940587 0.054507 0.8940587 0.06390987 0.8940587 0.0733128 0.8940587 0.08271566 0.8940587 0.09211861 0.8940587 0.1015215 0.8940587 0.1109244 0.8940587 0.1203273 0.8940587 0.1297302 0.8940587 0.1391331 0.8940587 0.148536 0.8940587 0.1579389 0.8940587 0.1673418 0.8940587 0.1767447 0.8940587 0.1861476 0.8940587 0.1955505 0.8940587 0.2049533 0.8940587 0.2143564 0.8940587 0.2237592 0.8940587 0.2331621 0.8940587 0.242565 0.8940587 0.2519679 0.8940587 0.2613708 0.8940587 0.2613708 0.893654 0.2707737 0.893654 0.2707737 0.8940587 0.2801766 0.893654 0.2801766 0.8940587 0.2895795 0.893654 0.2895795 0.8940587 0.2989824 0.893654 0.2989824 0.8940587 0.2519679 0.9686688 0.2613708 0.9686688 0.242565 0.9686688 0.2331621 0.9686688 0.2237592 0.9686688 0.2143564 0.9686688 0.2049533 0.9686688 0.1955505 0.9686688 0.1861476 0.9686688 0.1767447 0.9686688 0.1673418 0.9686688 0.1579389 0.9686688 0.148536 0.9686688 0.1391331 0.9686688 0.1297302 0.9686688 0.1203273 0.9686688 0.1109244 0.9686688 0.1015215 0.9686688 0.09211861 0.9686688 0.08271566 0.9686688 0.0733128 0.9686688 0.06390987 0.9686688 0.054507 0.9686688 0.04510407 0.9686688 0.03570117 0.9686688 0.02629825 0.9686688 0.01689535 0.9686688 0.3836085 0.9686688 0.3930114 0.9686688 0.3742055 0.9686688 0.3648027 0.9686688 0.3553998 0.9686688 0.3459969 0.9686688 0.336594 0.9686688 0.3271911 0.9686688 0.3177882 0.9686688 0.3083853 0.9686688 0.2989824 0.9686688 0.2895795 0.9686688 0.2801766 0.9686688 0.2707737 0.9686688 0.4254617 0.08600003 0.4254617 0.222 0.4425356 0.08600003 0.4425356 0.222 0.4596095 0.08600003 0.4596095 0.222 0.4715309 0.08600003 0.4756792 0.09046757 0.4756807 0.2167366 0.471669 0.222 0.4596095 0.2635955 0.4757934 0.2267275 0.4766833 0.2635955 0.4766834 0.2657853 0.4596095 0.2657853 0.4425356 0.2635955 0.4425356 0.2657853 0.4254617 0.2635955 0.4254617 0.2657853 0.4083879 0.2635955 0.4083879 0.2657853 0.391314 0.2635955 0.391314 0.2657853 0.3742402 0.2635955 0.3742402 0.2657853 0.3571663 0.2635955 0.3571663 0.2657853 0.3400924 0.2635955 0.3400924 0.2657853 0.3230186 0.2635955 0.3230186 0.2657853 0.3059447 0.2635955 0.3059447 0.2657853 0.2888709 0.2635955 0.2888709 0.2657853 0.2717971 0.2635955 0.2717971 0.2657853 0.2547231 0.2635955 0.2547231 0.2657853 0.2376493 0.2635955 0.2376493 0.2657853 0.2205754 0.2635955 0.2205754 0.2657853 0.2035016 0.2635955 0.2035016 0.2657853 0.1864277 0.2635955 0.1864277 0.2657853 0.1693539 0.2635955 0.1693539 0.2657853 0.15228 0.2635955 0.15228 0.2657853 0.135206 0.2635955 0.135206 0.2657853 0.1181323 0.2635955 0.1181323 0.2657853 0.1010584 0.2635955 0.1010584 0.2657853 0.08398448 0.2635955 0.08398448 0.2657853 0.06691062 0.2635955 0.06691061 0.2657853 0.04983674 0.2635955 0.04983674 0.2657853 0.03276289 0.2635955 0.03276289 0.2657853 0.01568903 0.2635955 0.01568903 0.2657853 0.1343128 0.2265944 0.1300411 0.222 0.1181323 0.222 0.1342022 0.09047127 0.1300535 0.08600003 0.1181323 0.08600003 0.1342033 0.2170087 0.1010584 0.222 0.1010584 0.08600003 0.08398448 0.222 0.08398448 0.08600003 0.1010584 0.05143517 0.08398448 0.05143517 0.07206114 0.08600003 0.06777926 0.08087742 0.06691061 0.05143517 0.1181323 0.05143517 0.1343361 0.08087611 0.135206 0.05143517 0.04983674 0.05143517 0.06338745 0.08399999 0.04982592 0.08399999 0.0327521 0.08399999 0.04982595 0.0865128 0.0327521 0.08651274 0.01567821 0.08399999 0.01567821 0.08651274 0.01567821 0.08830547 0.03275211 0.08830547 0.03275211 0.09000003 0.01567821 0.09000003 0.04982592 0.09000003 0.04982593 0.08830547 0.03276289 0.05143517 0.01568903 0.05143517 0.01568903 0.04770762 0.03276289 0.04770762 0.01568903 0.0445475 0.03276289 0.0445475 0.01568903 0.042436 0.03276289 0.042436 0.04983674 0.0445475 0.04983674 0.042436 0.04983674 0.04770762 0.06691061 0.0445475 0.06691061 0.042436 0.06691061 0.04770762 0.08398448 0.0445475 0.08398448 0.042436 0.08398448 0.04770762 0.1010584 0.0445475 0.1010583 0.042436 0.1010584 0.04770762 0.1181323 0.0445475 0.1181323 0.042436 0.1181323 0.04770762 0.135206 0.0445475 0.135206 0.042436 0.135206 0.04770762 0.15228 0.0445475 0.15228 0.042436 0.15228 0.05143517 0.1387242 0.08399999 0.1522691 0.08399999 0.1693539 0.05143517 0.1693429 0.08399999 0.1693429 0.0865128 0.1864169 0.0865128 0.1864169 0.08399999 0.2034907 0.0865128 0.2034907 0.08399999 0.2205645 0.0865128 0.2205645 0.08399999 0.1522691 0.0865128 0.1522691 0.08830547 0.1693429 0.08830547 0.1693429 0.09000003 0.1522691 0.09000003 0.1864169 0.09000003 0.1864169 0.08830547 0.2034907 0.09000003 0.2034907 0.08830547 0.2205645 0.09000003 0.2205645 0.08830547 0.2035016 0.05143517 0.2205754 0.05143517 0.2341261 0.08399999 0.2385179 0.08087742 0.2376493 0.05143517 0.2547231 0.05143517 0.2427998 0.08600003 0.2547231 0.08600003 0.2717971 0.05143517 0.2717971 0.08600003 0.2547231 0.222 0.2717971 0.222 0.2888709 0.08600003 0.2888709 0.222 0.3007922 0.08600003 0.3049409 0.09047127 0.3007798 0.222 0.3049421 0.2170087 0.3050516 0.2265944 0.2888709 0.05143517 0.3050748 0.08087611 0.3059447 0.05143517 0.3230186 0.05143517 0.3094629 0.08399999 0.3230077 0.08399999 0.3400924 0.05143517 0.3400816 0.08399999 0.3400816 0.0865128 0.3571555 0.0865128 0.3571555 0.08399999 0.3742293 0.0865128 0.3742293 0.08399999 0.3913032 0.0865128 0.3913032 0.08399999 0.3230077 0.0865128 0.3230077 0.08830547 0.3400816 0.08830547 0.3400816 0.09000003 0.3230077 0.09000003 0.3571555 0.09000003 0.3571555 0.08830547 0.3742293 0.09000003 0.3742293 0.08830547 0.3913032 0.09000003 0.3913032 0.08830547 0.3742402 0.05143517 0.391314 0.05143517 0.4048647 0.08399999 0.4092565 0.08087742 0.4083879 0.05143517 0.4254617 0.05143517 0.4135384 0.08600003 0.4425356 0.05143517 0.4596095 0.05143517 0.4758134 0.08087611 0.4766834 0.05143517 0.4937573 0.05143517 0.48021 0.08399999 0.4937463 0.08399999 0.510831 0.05143517 0.5108202 0.08399999 0.5108202 0.0865128 0.5278941 0.0865128 0.5278941 0.08399999 0.5449679 0.0865128 0.5449679 0.08399999 0.5620418 0.0865128 0.5620418 0.08399999 0.4937463 0.0865128 0.4937463 0.08830547 0.5108202 0.08830547 0.5108202 0.09000003 0.4937463 0.09000003 0.5278941 0.09000003 0.5278941 0.08830547 0.5449679 0.09000003 0.5449679 0.08830547 0.5620418 0.09000003 0.5620418 0.08830547 0.5620526 0.05143517 0.5449789 0.05143517 0.5756033 0.08399999 0.5799952 0.08087742 0.5791266 0.05143517 0.5962003 0.05143517 0.584277 0.08600003 0.5962003 0.08600003 0.6132742 0.05143517 0.6132742 0.08600003 0.5962003 0.222 0.6132742 0.222 0.630348 0.08600003 0.630348 0.222 0.6422695 0.08600003 0.646418 0.09047127 0.6422569 0.222 0.6464192 0.2169282 0.630348 0.2635955 0.6465287 0.2265944 0.6474218 0.2635955 0.6474218 0.2657853 0.630348 0.2657853 0.6132742 0.2635955 0.6132742 0.2657853 0.5962003 0.2635955 0.5962003 0.2657853 0.5791266 0.2635955 0.5791266 0.2657853 0.5620526 0.2635955 0.5620526 0.2657853 0.5449789 0.2635955 0.5449789 0.2657853 0.5279049 0.2635955 0.527905 0.2657853 0.6644958 0.2657853 0.6644958 0.2635955 0.6815697 0.2657853 0.6815697 0.2635955 0.6986435 0.2657853 0.6986435 0.2635955 0.510831 0.2635955 0.510831 0.2657853 0.4937573 0.2635955 0.4937573 0.2657853 0.6986327 0.223 0.6815588 0.223 0.6815588 0.2209672 0.6986327 0.2209672 0.6644849 0.2209672 0.6644849 0.223 0.5108202 0.223 0.5278941 0.223 0.5108202 0.2209672 0.5278941 0.2209672 0.5449679 0.223 0.5449679 0.2209672 0.5620418 0.223 0.5620418 0.2209672 0.4937463 0.2209672 0.4937463 0.223 0.5764151 0.223 0.5800212 0.2265958 0.5620418 0.218054 0.5449679 0.218054 0.5449679 0.217 0.5278941 0.217 0.5278941 0.218054 0.5108202 0.217 0.5108202 0.218054 0.4937463 0.217 0.4937463 0.218054 0.5620418 0.217 0.4852558 0.218054 0.4867601 0.217 0.484192 0.216657 0.4860022 0.2160712 0.4851825 0.2142587 0.4829861 0.214785 0.4843052 0.2123188 0.4816728 0.2129426 0.4815206 0.09337819 0.476936 0.09177059 0.4787004 0.08960521 0.4828119 0.09172577 0.4804232 0.08771044 0.4840712 0.08989722 0.4828202 0.0865128 0.4851121 0.08830547 0.4769841 0.2156602 0.483824 0.09411055 0.4864703 0.09000003 0.476276 0.08788675 0.4779053 0.08586794 0.4855779 0.09083188 0.4782791 0.2174896 0.4761887 0.2194676 0.4799153 0.2194903 0.4779583 0.2214537 0.4799563 0.223 0.4816831 0.2209672 0.4757667 0.2236496 0.4739734 0.2219514 0.5449789 0.2657853 0.5279049 0.2657853 0.5449789 0.2635955 0.5279049 0.2635955 0.5620526 0.2635955 0.5620526 0.2657853 0.5791266 0.2635955 0.5791266 0.2657853 0.5962003 0.2635955 0.5962003 0.2657853 0.6132742 0.2635955 0.6132742 0.2657853 0.630348 0.2635955 0.630348 0.2657853 0.6474218 0.2635955 0.6474218 0.2657853 0.6644958 0.2635955 0.6644958 0.2657853 0.6815697 0.2635955 0.6815697 0.2657853 0.6986435 0.2635955 0.6986435 0.2657853 0.6986435 0.2657853 0.6815697 0.2657853 0.6644958 0.2657853 0.6474218 0.2657853 0.630348 0.2657853 0.6132742 0.2657853 0.5962003 0.2657853 0.5791266 0.2657853 0.5620526 0.2657853 0.5449789 0.2657853 0.527905 0.2657853 0.510831 0.2657853 0.510831 0.2635955 0.4937573 0.2657853 0.4937573 0.2635955 0.4766834 0.2657853 0.4766834 0.2635955 0.4596095 0.2657853 0.4596095 0.2635955 0.4425356 0.2657853 0.4425356 0.2635955 0.4254617 0.2657853 0.4254617 0.2635955 0.4083879 0.2657853 0.4083879 0.2635955 0.391314 0.2657853 0.391314 0.2635955 0.3742402 0.2657853 0.3742402 0.2635955 0.3571663 0.2657853 0.3571663 0.2635955 0.3400924 0.2657853 0.3400924 0.2635955 0.3230186 0.2657853 0.3230186 0.2635955 0.3059447 0.2657853 0.3059447 0.2635955 0.2888709 0.2657853 0.2888709 0.2635955 0.2717971 0.2657853 0.2717971 0.2635955 0.2547231 0.2657853 0.2547231 0.2635955 0.2376493 0.2657853 0.2376493 0.2635955 0.2205754 0.2657853 0.2205754 0.2635955 0.2035016 0.2657853 0.2035016 0.2635955 0.1864277 0.2657853 0.1864277 0.2635955 0.1693539 0.2657853 0.1693539 0.2635955 0.15228 0.2657853 0.15228 0.2635955 0.135206 0.2657853 0.135206 0.2635955 0.1181323 0.2657853 0.1181323 0.2635955 0.1010584 0.2657853 0.1010584 0.2635955 0.08398448 0.2657853 0.08398448 0.2635955 0.06691061 0.2657853 0.06691061 0.2635955 0.04983674 0.2657853 0.04983674 0.2635955 0.03276289 0.2657853 0.03276289 0.2635955 0.01568903 0.2657853 0.01568903 0.2635955 0.135206 0.2657853 0.1181323 0.2657853 0.1010584 0.2657853 0.08398448 0.2657853 0.06691061 0.2657853 0.04983674 0.2657853 0.03276289 0.2657853 0.01568903 0.2657853 0.15228 0.2657853 0.1693539 0.2657853 0.1864277 0.2657853 0.2035016 0.2657853 0.2205754 0.2657853 0.2376493 0.2657853 0.2547231 0.2657853 0.2717971 0.2657853 0.2888709 0.2657853 0.3059447 0.2657853 0.3230186 0.2657853 0.3400924 0.2657853 0.3571663 0.2657853 0.3742402 0.2657853 0.391314 0.2657853 0.4083879 0.2657853 0.4254617 0.2657853 0.4425356 0.2657853 0.4596095 0.2657853 0.4766834 0.2657853 0.4937573 0.2657853 0.510831 0.2657853 0.6986327 0.08399999 0.6815588 0.08399999 0.6986327 0.0865128 0.6815588 0.0865128 0.6644849 0.08399999 0.6644849 0.0865128 0.6644849 0.08830547 0.6815588 0.08830547 0.6815588 0.09000003 0.6986327 0.09000003 0.6986327 0.08830547 0.6644849 0.09000003 0.6815697 0.05143517 0.6644958 0.05143517 0.6509401 0.08399999 0.6465519 0.08087611 0.6474218 0.05143517 0.630348 0.05143517 0.6132742 0.04770762 0.5962003 0.04770762 0.5791266 0.04770762 0.5620526 0.04770762 0.5449789 0.04770762 0.5449789 0.0445475 0.5620526 0.0445475 0.5449789 0.042436 0.5620526 0.042436 0.5791266 0.0445475 0.5791266 0.042436 0.5962003 0.0445475 0.5962003 0.042436 0.6132742 0.0445475 0.6132742 0.042436 0.630348 0.0445475 0.630348 0.042436 0.630348 0.04770762 0.6474218 0.0445475 0.6474218 0.042436 0.6474218 0.04770762 0.6644958 0.0445475 0.6644958 0.042436 0.6644958 0.04770762 0.6815697 0.0445475 0.6815697 0.042436 0.6815697 0.04770762 0.6986435 0.0445475 0.6986435 0.042436 0.6986435 0.05143517 0.6986435 0.04770762 0.3913032 0.2209672 0.3742293 0.2209672 0.3913032 0.223 0.3742293 0.223 0.3571555 0.2209672 0.3571555 0.223 0.3400816 0.2209672 0.3400816 0.223 0.3230077 0.2209672 0.3230077 0.223 0.4048643 0.223 0.4092824 0.2265958 0.3571555 0.2180539 0.3742293 0.218054 0.3571555 0.217 0.3400816 0.217 0.3400816 0.218054 0.3230077 0.217 0.3230077 0.218054 0.3742293 0.217 0.3913032 0.218054 0.3913032 0.217 0.3144983 0.218054 0.3157558 0.217 0.3133669 0.2167208 0.3149677 0.216051 0.3141331 0.2143047 0.3121417 0.2148464 0.3132543 0.2124661 0.3109342 0.2129694 0.3130737 0.09444368 0.310782 0.09338725 0.3061973 0.09177059 0.3079626 0.08953559 0.3120748 0.09182304 0.3096833 0.08763957 0.3133092 0.08996516 0.3124876 0.0865128 0.3143799 0.08830547 0.3062454 0.2157095 0.3156359 0.09000003 0.305535 0.08788788 0.3071604 0.08587003 0.3148201 0.09084845 0.3139655 0.0926078 0.3048754 0.08386654 0.3037423 0.08544677 0.2205645 0.2209672 0.2034907 0.2209672 0.2205645 0.223 0.2034907 0.223 0.1864169 0.2209672 0.1864169 0.223 0.1693429 0.2209672 0.1693429 0.223 0.1522691 0.2209672 0.15228 0.223 0.2341256 0.223 0.2385438 0.2265958 0.1864169 0.218054 0.2034907 0.218054 0.1864169 0.217 0.1693429 0.217 0.1693429 0.218054 0.1522691 0.217 0.1522691 0.218054 0.2034907 0.217 0.2205645 0.218054 0.2205645 0.217 0.1436762 0.2180524 0.1451777 0.217 0.142547 0.2166737 0.1443755 0.2159375 0.1435363 0.214186 0.1413082 0.2148216 0.1426616 0.2123606 0.1400791 0.2129633 0.1423647 0.0947603 0.1400574 0.0934782 0.135472 0.2157096 0.1354632 0.09177059 0.1371365 0.08946663 0.1412577 0.09194183 0.1388573 0.08757126 0.1424899 0.09008497 0.1416722 0.0865128 0.1436306 0.08830547 0.144979 0.09000003 0.1347875 0.0878945 0.1364248 0.08587122 0.1441509 0.09107697 0.1432787 0.09287542 0.1341304 0.08386642 0.1318472 0.08554626 0.04982592 0.2209672 0.0327521 0.2209672 0.04982592 0.223 0.0327521 0.223 0.01567821 0.2209672 0.01567821 0.223 0.06338702 0.223 0.06780519 0.2265958 0.04982592 0.218054 0.0327521 0.2180541 0.01567822 0.2180541 0.0327521 0.217 0.01567821 0.217 0.04982592 0.217 0.0720775 0.222 0.06791328 0.09047073 0.06791471 0.2170128 0.06689979 0.2157058 0.065456 0.2176763 0.06758337 0.2198048 0.06570557 0.2215849 0.06370717 0.2195668 0.06118229 0.2209672 0.06689998 0.09177101 0.06211867 0.2128253 0.06211911 0.09337854 0.06474377 0.08956271 0.06092082 0.09174025 0.06309026 0.08760422 0.05966014 0.08989727 0.06037261 0.0865128 0.05850277 0.08830547 0.05972872 0.2123532 0.06093237 0.2147471 0.05882153 0.2142251 0.05969072 0.2166018 0.0579626 0.2159973 0.05715478 0.217 0.05852576 0.2180541 0.05972871 0.09430492 0.05713351 0.09000003 0.06566256 0.08591062 0.06740211 0.08784473 0.07028179 0.08553588 0.06798 0.08387309 0.4135547 0.222 0.4093905 0.09047073 0.4093919 0.2170128 0.4081167 0.2157058 0.4067625 0.2176839 0.4090438 0.2197256 0.4071593 0.2215866 0.4050393 0.2195753 0.4031219 0.2209672 0.4080935 0.09177101 0.403418 0.09337878 0.4034896 0.2129745 0.4011698 0.2125177 0.4007921 0.09430796 0.4021254 0.09175777 0.3999469 0.09255821 0.4008815 0.08990085 0.399119 0.09084463 0.3983091 0.09000003 0.3998517 0.08830547 0.4016441 0.0865128 0.4046381 0.087524 0.4071151 0.08591092 0.4062752 0.08948332 0.40885 0.08784509 0.411752 0.08553594 0.4094476 0.08387321 0.6986327 0.218054 0.6815588 0.218054 0.6644849 0.218054 0.6815588 0.217 0.6644849 0.217 0.6986327 0.217 0.6558794 0.218054 0.6521516 0.2209672 0.6547745 0.2165771 0.6505892 0.2195967 0.6535544 0.2146733 0.6489401 0.2176325 0.6521918 0.2128772 0.6474111 0.2157095 0.6474111 0.09177059 0.6521918 0.09336394 0.6491337 0.08937538 0.6536381 0.09182423 0.6508821 0.0874818 0.6548682 0.09000748 0.6538572 0.0865128 0.6558565 0.08830547 0.6550534 0.09446937 0.654929 0.2118858 0.6575657 0.09000003 0.6470034 0.08788848 0.6486199 0.0858708 0.6567677 0.09084982 0.646347 0.08386683 0.6452149 0.08544707 0.6559296 0.09261918 0.7287118 0.2058842 0.7658358 0.1938218 0.7241404 0.1868427 0.7626942 0.1807365 0.7709858 0.2062547 0.7362058 0.223976 0.7780168 0.2177289 0.7464377 0.2406729 0.7867568 0.2279619 0.7591553 0.2555636 0.7969898 0.2367017 0.7740459 0.2682813 0.8084641 0.2437331 0.7907425 0.2785132 0.8208969 0.2488829 0.8088344 0.286007 0.8339823 0.2520245 0.827876 0.2905785 0.8473982 0.2530804 0.8473982 0.2921151 0.860814 0.2520245 0.8669202 0.2905785 0.8738995 0.2488829 0.8859617 0.286007 0.8863322 0.2437331 0.9040537 0.2785132 0.8978064 0.2367017 0.9207505 0.2682813 0.9080396 0.227962 0.9356411 0.2555636 0.9167794 0.217729 0.948359 0.2406729 0.9238107 0.2062547 0.9585907 0.223976 0.9289606 0.1938218 0.9660847 0.2058842 0.9321022 0.1807364 0.9706562 0.1868427 0.9331579 0.1673206 0.9721928 0.1673206 0.9321022 0.1539048 0.9706562 0.1477985 0.9289606 0.1408194 0.9660847 0.1287571 0.9238107 0.1283865 0.9585907 0.1106651 0.9167794 0.1169123 0.948359 0.09396833 0.9080396 0.1066793 0.9356411 0.07907766 0.8978064 0.09793955 0.9207505 0.06635988 0.8863322 0.09090811 0.9040537 0.05612803 0.8738995 0.08575827 0.8859617 0.04863411 0.860814 0.08261669 0.8669202 0.04406267 0.8473982 0.08156079 0.8473982 0.04252625 0.8339823 0.08261669 0.827876 0.04406267 0.8208969 0.08575827 0.8088347 0.04863411 0.8084641 0.09090811 0.7907428 0.05612803 0.7969898 0.09793955 0.7740462 0.06635988 0.786757 0.1066793 0.7591553 0.07907766 0.778017 0.1169122 0.7464377 0.09396833 0.7709858 0.1283865 0.7362058 0.1106651 0.765836 0.1408194 0.7287121 0.128757 0.7626942 0.1539048 0.7241404 0.1477984 0.7616385 0.1673207 0.7226038 0.1673206 0.8073812 0.1273034 0.8141336 0.1215361 0.8217056 0.1168961 0.82991 0.1134976 0.8385451 0.1114246 0.8473982 0.1107278 0.8562512 0.1114246 0.8648864 0.1134976 0.8730909 0.116896 0.8806627 0.1215361 0.8874154 0.1273035 0.8931828 0.1340562 0.8978227 0.141628 0.9012212 0.1498325 0.9032943 0.1584676 0.903991 0.1673206 0.9032943 0.1761737 0.9012212 0.1848087 0.8978227 0.1930132 0.8931828 0.2005851 0.8874154 0.2073378 0.8806627 0.2131051 0.8730909 0.2177452 0.8648864 0.2211436 0.8562512 0.2232167 0.8473982 0.2239135 0.8385451 0.2232167 0.82991 0.2211436 0.8217056 0.2177452 0.8141336 0.2131051 0.8073809 0.2073378 0.8016136 0.2005851 0.7969735 0.1930132 0.7935752 0.1848087 0.791502 0.1761738 0.7908055 0.1673208 0.7915022 0.1584675 0.7935752 0.1498324 0.7969735 0.141628 0.8016136 0.1340562 0.8148589 0.1778932 0.8136055 0.172673 0.8197186 0.1472102 0.8232054 0.1431278 0.8272879 0.139641 0.8318653 0.1368359 0.8368256 0.1347814 0.842046 0.1335281 0.8473982 0.1331068 0.8527502 0.1335281 0.857971 0.1347814 0.862931 0.1368359 0.8675086 0.139641 0.8715911 0.1431278 0.8750778 0.1472102 0.877883 0.1517879 0.8799374 0.1567479 0.8811908 0.1619684 0.8816119 0.1673206 0.8811908 0.1726729 0.8799374 0.1778933 0.877883 0.1828533 0.8750778 0.187431 0.8715911 0.1915134 0.8675086 0.1950002 0.862931 0.1978053 0.857971 0.1998599 0.8527502 0.2011132 0.8473982 0.2015345 0.842046 0.2011132 0.8368256 0.1998599 0.8318653 0.1978053 0.8272879 0.1950002 0.8232054 0.1915134 0.8197184 0.187431 0.8169135 0.1828535 0.8356268 0.1733185 0.8348334 0.1714028 0.8343495 0.1693876 0.83671 0.175086 0.8380564 0.1766623 0.8396327 0.1780088 0.8414004 0.1790919 0.8433155 0.1798853 0.8453317 0.1803693 0.8473979 0.1805319 0.8494649 0.1803693 0.8514807 0.1798853 0.8533959 0.1790919 0.8551636 0.1780087 0.8567399 0.1766623 0.8580862 0.175086 0.8591694 0.1733184 0.8599627 0.1714031 0.8604468 0.1693873 0.8606097 0.1673206 0.8604468 0.1652539 0.8599627 0.1632382 0.8591694 0.1613228 0.8580862 0.1595553 0.8567399 0.1579789 0.8551636 0.1566324 0.8533959 0.1555493 0.8514807 0.1547561 0.8494649 0.154272 0.8473982 0.1541094 0.8453317 0.154272 0.8433155 0.1547559 0.8414004 0.1555493 0.8396327 0.1566325 0.8380564 0.1579789 0.8367102 0.1595551 0.8356271 0.1613228 0.8169135 0.1517879 0.8148589 0.1567479 0.8136055 0.1619684 0.8131845 0.167321 0.8348336 0.1632382 0.8343498 0.1652538 0.8341869 0.1673211 0.1864277 0.05143517 0.1693539 0.04770762 0.15228 0.04770762 0.1693539 0.0445475 0.1693539 0.042436 0.1864277 0.0445475 0.1864277 0.042436 0.1864277 0.04770762 0.2035016 0.0445475 0.2035016 0.042436 0.2035016 0.04770762 0.2205754 0.0445475 0.2205754 0.042436 0.2205754 0.04770762 0.2376493 0.0445475 0.2376493 0.042436 0.2376493 0.04770762 0.2547231 0.0445475 0.2547231 0.042436 0.2547231 0.04770762 0.2717971 0.0445475 0.2717971 0.042436 0.2717971 0.04770762 0.2888709 0.0445475 0.2888709 0.042436 0.2888709 0.04770762 0.3059447 0.0445475 0.3059447 0.042436 0.3059447 0.04770762 0.3230186 0.0445475 0.3230186 0.042436 0.3230186 0.04770762 0.3400924 0.0445475 0.3400924 0.042436 0.3400924 0.04770762 0.3571663 0.0445475 0.3571663 0.042436 0.3571663 0.05143517 0.3571663 0.04770762 0.3742402 0.0445475 0.3742402 0.042436 0.3742402 0.04770762 0.391314 0.0445475 0.391314 0.042436 0.391314 0.04770762 0.4083879 0.0445475 0.4083879 0.042436 0.4083879 0.04770762 0.4254617 0.0445475 0.4254617 0.042436 0.4254617 0.04770762 0.4425356 0.0445475 0.4425356 0.042436 0.4425356 0.04770762 0.4596095 0.0445475 0.4596095 0.042436 0.4596095 0.04770762 0.4766834 0.0445475 0.4766834 0.042436 0.4766834 0.04770762 0.4937573 0.0445475 0.4937573 0.042436 0.4937573 0.04770762 0.510831 0.0445475 0.510831 0.042436 0.510831 0.04770762 0.527905 0.0445475 0.527905 0.042436 0.5279049 0.05143517 0.5279049 0.04770762 0.7175272 0.2095181 0.7125254 0.1886823 0.7257276 0.2293149 0.7369237 0.2475851 0.7508398 0.263879 0.7671336 0.2777953 0.7854037 0.2889913 0.8052006 0.2971913 0.8260363 0.3021936 0.8473982 0.3038749 0.8687599 0.3021936 0.8895957 0.2971914 0.9093924 0.2889913 0.9276628 0.2777953 0.9439566 0.263879 0.9578729 0.2475852 0.9690688 0.2293149 0.9772689 0.2095182 0.9822712 0.1886824 0.9839525 0.1673206 0.9822712 0.1459588 0.9772689 0.1251231 0.9690688 0.1053263 0.9578729 0.0870561 0.9439566 0.07076222 0.9276628 0.05684596 0.9093924 0.04564995 0.8895957 0.0374499 0.8687599 0.03244764 0.8473982 0.03076643 0.8260363 0.03244764 0.8052006 0.0374499 0.7854037 0.04564995 0.7671336 0.0568459 0.7508398 0.07076222 0.7369237 0.0870561 0.7257276 0.1053263 0.7175274 0.1251231 0.7125254 0.1459588 0.710844 0.1673206 0.7476585 0.06758064 0.7644889 0.05320585 0.7833613 0.04164094 0.8038101 0.0331707 0.8253325 0.02800363 0.8473982 0.02626699 0.8694639 0.02800363 0.8909862 0.0331707 0.9114354 0.04164094 0.9303074 0.05320591 0.9471381 0.0675807 0.9615128 0.08441144 0.9730775 0.1032836 0.9815481 0.1237327 0.9867151 0.145255 0.9884517 0.1673206 0.9867151 0.1893862 0.9815481 0.2109086 0.9730775 0.2313576 0.9615128 0.2502298 0.9471381 0.2670606 0.9303074 0.2814354 0.9114351 0.2930003 0.8909862 0.3014705 0.8694639 0.3066376 0.8473982 0.3083742 0.8253325 0.3066376 0.8038101 0.3014705 0.7833613 0.2930003 0.7644889 0.2814353 0.7476583 0.2670605 0.7332838 0.2502298 0.7217184 0.2313576 0.7132481 0.2109085 0.7080814 0.1893862 0.7063447 0.1673206 0.7080814 0.145255 0.7132484 0.1237327 0.7217187 0.1032836 0.7332838 0.08441138 0.3094625 0.223 0.3113881 0.2209672 0.3092783 0.2196149 0.3072155 0.2215384 0.307645 0.2176484 0.3051579 0.2196929 0.3032253 0.2219346 0.3048787 0.2235909 0.2428162 0.222 0.2386519 0.09047073 0.2386533 0.2170128 0.2373795 0.215682 0.236026 0.2176795 0.238461 0.2197305 0.236426 0.2215856 0.2343038 0.2195717 0.2320596 0.2209493 0.2373545 0.09177005 0.232679 0.09338498 0.2327555 0.2130529 0.2304392 0.2126864 0.2300533 0.09431517 0.2314345 0.0917443 0.2292034 0.09255552 0.2301934 0.08989924 0.2283725 0.09083521 0.2275609 0.09000003 0.2291108 0.08830547 0.2312301 0.0865128 0.2339058 0.08760428 0.2363779 0.08591008 0.2355426 0.08956265 0.2381127 0.08784479 0.2398589 0.08543521 0.2387077 0.08387083 0.1387265 0.223 0.140542 0.2209672 0.1385123 0.2196097 0.136474 0.2215376 0.136876 0.2176449 0.1345769 0.2196921 0.1326711 0.2220292 0.1341407 0.2235926 0.6503711 0.223 0.6486722 0.2215337 0.6467703 0.2194462 0.6447774 0.2219337 0.6463475 0.2235892 0.5842935 0.222 0.5801292 0.09047109 0.5801307 0.2170128 0.5788552 0.2157058 0.5774987 0.2176884 0.5798632 0.2198893 0.5778974 0.2215877 0.5757745 0.2195809 0.5741854 0.2209672 0.5788322 0.09177101 0.5741567 0.09337699 0.5742282 0.2129618 0.5719088 0.2127218 0.5715303 0.09418893 0.5728803 0.09173137 0.5706936 0.09251308 0.5698578 0.09083891 0.571621 0.08987528 0.5690228 0.09000003 0.5705911 0.08830547 0.5725452 0.0865128 0.5754585 0.08760172 0.5778535 0.08590949 0.5770967 0.08956122 0.579589 0.08784455 0.5813357 0.08543509 0.5801845 0.08387065 0.2291696 0.2181008 0.227846 0.217 0.2302898 0.2167446 0.2315327 0.214954 0.2286926 0.2160561 0.2295571 0.2143883 0.3998982 0.218054 0.3986294 0.217 0.4010089 0.2166945 0.4022462 0.2148686 0.399437 0.2160616 0.4002844 0.2143285 0.5706468 0.218054 0.5693639 0.217 0.5717192 0.2167429 0.5729681 0.2149121 0.5701935 0.2161088 0.571042 0.2144334 0.6574196 0.217 0.6566811 0.2160093 0.6558477 0.2140478 0.0588467 0.09255874 0.05798153 0.09084594 0.4846957 0.0924809 0.409466 0.2236007 0.4112623 0.2219256 0.2387217 0.2235992 0.240011 0.2220189 0.06799677 0.2236 0.0696266 0.2219251 0.5802045 0.2236011 0.5820009 0.2219259 0.47561 0.08386272 0.4744742 0.0854407</float_array>
          <technique_common>
            <accessor count="2549" source="#texcoords-array-array" stride="2">
              <param type="float" name="S" />
              <param type="float" name="T" />
            </accessor>
          </technique_common>
        </source>
        <vertices id="verts-array-vertices">
          <input semantic="POSITION" source="#verts-array" />
        </vertices>
        <triangles count="4510" material="material0">
          <input offset="0" semantic="VERTEX" source="#verts-array-vertices" />
          <input offset="1" semantic="NORMAL" source="#normals-array" />
          <input offset="2" semantic="TEXCOORD" source="#texcoords-array" />
          <p>2 2 2 1 1 1 0 0 0 2 2 2 3 3 3 1 1 1 4 4 4 3 3 3 2 2 2 4 4 4 5 5 5 3 3 3 6 6 6 5 5 5 4 4 4 6 6 6 7 7 7 5 5 5 8 8 8 7 7 7 6 6 6 8 8 8 9 9 9 7 7 7 10 10 10 9 9 9 8 8 8 10 10 10 11 11 11 9 9 9 12 12 12 11 11 11 10 10 10 12 12 12 13 13 13 11 11 11 14 14 14 13 13 13 12 12 12 14 14 14 15 15 15 13 13 13 16 16 16 15 15 15 14 14 14 16 16 16 17 17 17 15 15 15 18 18 18 17 17 17 16 16 16 18 18 18 19 19 19 17 17 17 5 5 5 7 7 7 20 20 20 5 5 5 20 20 20 21 21 21 3 3 3 5 5 5 21 21 21 3 3 3 21 21 21 22 22 22 1 1 1 3 3 3 22 22 22 1 1 1 22 22 22 23 23 23 23 23 23 24 24 24 1 1 1 0 0 0 1 1 1 24 24 24 0 0 0 24 24 24 25 25 25 25 25 25 24 24 24 26 26 26 25 25 25 26 26 26 27 27 27 27 27 27 26 26 26 28 28 28 27 27 27 28 28 28 29 29 29 29 29 29 28 28 28 30 30 30 29 29 29 30 30 30 31 31 31 31 31 31 30 30 30 32 32 32 31 31 31 32 32 32 33 33 33 33 33 33 32 32 32 34 34 34 33 33 33 34 34 34 35 35 35 35 35 35 34 34 34 36 36 36 35 35 35 36 36 36 37 37 37 37 37 37 36 36 36 38 38 38 37 37 37 38 38 38 39 39 39 39 39 39 38 38 38 40 40 40 39 39 39 40 40 40 41 41 41 41 41 41 40 40 40 42 42 42 41 41 41 42 42 42 43 43 43 43 43 43 42 42 42 44 44 44 43 43 43 44 44 44 45 45 45 45 45 45 44 44 44 46 46 46 45 45 45 46 46 46 47 47 47 47 47 47 46 46 46 48 48 48 47 47 47 48 48 48 49 49 49 49 49 49 48 48 48 50 50 50 49 49 49 50 50 50 51 51 51 51 51 51 50 50 50 52 52 52 51 51 51 52 52 52 53 53 53 53 53 53 52 52 52 54 54 54 53 53 53 54 54 54 55 55 55 55 55 55 54 54 54 56 56 56 55 55 55 56 56 56 57 57 57 57 57 57 56 56 56 58 58 58 57 57 57 58 58 58 59 59 59 59 59 59 58 58 58 60 60 60 59 59 59 60 60 60 61 61 61 61 61 61 60 60 60 62 62 62 61 61 61 62 62 62 63 63 63 63 63 63 62 62 62 64 64 64 63 63 63 64 64 64 65 65 65 65 65 65 64 64 64 66 66 66 65 65 65 66 66 66 67 67 67 67 67 67 66 66 66 68 68 68 67 67 67 68 68 68 69 69 69 69 69 69 68 68 68 70 70 70 69 69 69 70 70 70 71 71 71 71 71 71 70 70 70 72 72 72 71 71 71 72 72 72 73 73 73 73 73 73 72 72 72 74 74 74 73 73 73 74 74 74 75 75 75 75 75 75 74 74 74 76 76 76 75 75 75 76 76 76 77 77 77 77 77 77 76 76 76 78 78 78 77 77 77 78 78 78 79 79 79 79 79 79 78 78 78 80 80 80 79 79 79 80 80 80 81 81 81 81 81 81 80 80 80 82 82 82 81 81 81 82 82 82 83 83 83 83 83 83 82 82 82 84 84 84 83 83 83 84 84 84 85 85 85 84 84 84 82 82 82 86 86 86 84 84 84 86 86 86 87 87 87 87 87 87 86 86 86 88 88 88 87 87 87 88 88 88 89 89 89 89 89 89 88 88 88 90 90 90 89 89 89 90 90 90 91 91 91 91 91 91 90 90 90 92 92 92 91 91 91 92 92 92 93 93 93 93 93 93 92 92 92 94 94 94 93 93 93 94 94 94 95 95 95 95 95 95 94 94 94 96 96 96 95 95 95 96 96 96 97 97 97 97 97 97 96 96 96 98 98 98 97 97 97 98 98 98 99 99 99 99 99 99 98 98 98 100 100 100 99 99 99 100 100 100 101 101 101 101 101 101 100 100 100 102 102 102 101 101 101 102 102 102 103 103 103 100 100 100 104 104 104 102 102 102 100 100 100 105 105 105 104 104 104 98 98 98 105 105 105 100 100 100 98 98 98 106 106 106 105 105 105 96 96 96 106 106 106 98 98 98 96 96 96 107 107 107 106 106 106 94 94 94 107 107 107 96 96 96 94 94 94 108 108 108 107 107 107 92 92 92 108 108 108 94 94 94 92 92 92 109 109 109 108 108 108 90 90 90 109 109 109 92 92 92 90 90 90 110 110 110 109 109 109 88 88 88 110 110 110 90 90 90 88 88 88 111 111 111 110 110 110 86 86 86 111 111 111 88 88 88 86 86 86 112 112 112 111 111 111 82 82 82 112 112 112 86 86 86 82 82 82 80 80 80 112 112 112 105 105 105 113 113 113 104 104 104 105 105 105 114 114 114 113 113 113 106 106 106 114 114 114 105 105 105 106 106 106 115 115 115 114 114 114 107 107 107 115 115 115 106 106 106 107 107 107 116 116 116 115 115 115 108 108 108 116 116 116 107 107 107 108 108 108 117 117 117 116 116 116 109 109 109 117 117 117 108 108 108 109 109 109 118 118 118 117 117 117 110 110 110 118 118 118 109 109 109 110 110 110 119 119 119 118 118 118 111 111 111 119 119 119 110 110 110 111 111 111 120 120 120 119 119 119 112 112 112 120 120 120 111 111 111 112 112 112 121 121 121 120 120 120 80 80 80 121 121 121 112 112 112 80 80 80 78 78 78 121 121 121 114 114 114 122 122 122 113 113 113 114 114 114 123 123 123 122 122 122 115 115 115 123 123 123 114 114 114 115 115 115 124 124 124 123 123 123 116 116 116 124 124 124 115 115 115 116 116 116 125 125 125 124 124 124 117 117 117 125 125 125 116 116 116 117 117 117 126 126 126 125 125 125 118 118 118 126 126 126 117 117 117 118 118 118 127 127 127 126 126 126 119 119 119 127 127 127 118 118 118 119 119 119 128 128 128 127 127 127 120 120 120 128 128 128 119 119 119 120 120 120 129 129 129 128 128 128 121 121 121 129 129 129 120 120 120 121 121 121 130 130 130 129 129 129 78 78 78 130 130 130 121 121 121 78 78 78 76 76 76 130 130 130 123 123 123 131 131 131 122 122 122 123 123 123 132 132 132 131 131 131 124 124 124 132 132 132 123 123 123 124 124 124 133 133 133 132 132 132 125 125 125 133 133 133 124 124 124 125 125 125 134 134 134 133 133 133 126 126 126 134 134 134 125 125 125 126 126 126 135 135 135 134 134 134 127 127 127 135 135 135 126 126 126 127 127 127 136 136 136 135 135 135 128 128 128 136 136 136 127 127 127 128 128 128 137 137 137 136 136 136 129 129 129 137 137 137 128 128 128 129 129 129 138 138 138 137 137 137 130 130 130 138 138 138 129 129 129 130 130 130 139 139 139 138 138 138 76 76 76 139 139 139 130 130 130 76 76 76 74 74 74 139 139 139 132 132 132 140 140 140 131 131 131 132 132 132 141 141 141 140 140 140 133 133 133 141 141 141 132 132 132 133 133 133 142 142 142 141 141 141 134 134 134 142 142 142 133 133 133 134 134 134 143 143 143 142 142 142 135 135 135 143 143 143 134 134 134 135 135 135 144 144 144 143 143 143 136 136 136 144 144 144 135 135 135 136 136 136 145 145 145 144 144 144 137 137 137 145 145 145 136 136 136 137 137 137 146 146 146 145 145 145 138 138 138 146 146 146 137 137 137 138 138 138 147 147 147 146 146 146 139 139 139 147 147 147 138 138 138 139 139 139 148 148 148 147 147 147 74 74 74 148 148 148 139 139 139 74 74 74 72 72 72 148 148 148 141 141 141 149 149 149 140 140 140 141 141 141 150 150 150 149 149 149 142 142 142 150 150 150 141 141 141 142 142 142 151 151 151 150 150 150 143 143 143 151 151 151 142 142 142 143 143 143 152 152 152 151 151 151 144 144 144 152 152 152 143 143 143 144 144 144 153 153 153 152 152 152 145 145 145 153 153 153 144 144 144 145 145 145 154 154 154 153 153 153 146 146 146 154 154 154 145 145 145 146 146 146 155 155 155 154 154 154 147 147 147 155 155 155 146 146 146 147 147 147 156 156 156 155 155 155 148 148 148 156 156 156 147 147 147 148 148 148 157 157 157 156 156 156 72 72 72 157 157 157 148 148 148 72 72 72 70 70 70 157 157 157 150 150 150 158 158 158 149 149 149 150 150 150 159 159 159 158 158 158 151 151 151 159 159 159 150 150 150 151 151 151 160 160 160 159 159 159 152 152 152 160 160 160 151 151 151 152 152 152 161 161 161 160 160 160 153 153 153 161 161 161 152 152 152 153 153 153 162 162 162 161 161 161 154 154 154 162 162 162 153 153 153 154 154 154 163 163 163 162 162 162 155 155 155 163 163 163 154 154 154 155 155 155 164 164 164 163 163 163 156 156 156 164 164 164 155 155 155 156 156 156 165 165 165 164 164 164 157 157 157 165 165 165 156 156 156 157 157 157 166 166 166 165 165 165 70 70 70 166 166 166 157 157 157 70 70 70 68 68 68 166 166 166 159 159 159 167 167 167 158 158 158 159 159 159 168 168 168 167 167 167 160 160 160 168 168 168 159 159 159 160 160 160 169 169 169 168 168 168 161 161 161 169 169 169 160 160 160 161 161 161 170 170 170 169 169 169 162 162 162 170 170 170 161 161 161 162 162 162 171 171 171 170 170 170 163 163 163 171 171 171 162 162 162 163 163 163 172 172 172 171 171 171 164 164 164 172 172 172 163 163 163 164 164 164 173 173 173 172 172 172 165 165 165 173 173 173 164 164 164 165 165 165 174 174 174 173 173 173 166 166 166 174 174 174 165 165 165 166 166 166 175 175 175 174 174 174 68 68 68 175 175 175 166 166 166 68 68 68 66 66 66 175 175 175 168 168 168 176 176 176 167 167 167 168 168 168 177 177 177 176 176 176 169 169 169 177 177 177 168 168 168 169 169 169 178 178 178 177 177 177 170 170 170 178 178 178 169 169 169 170 170 170 179 179 179 178 178 178 171 171 171 179 179 179 170 170 170 171 171 171 180 180 180 179 179 179 172 172 172 180 180 180 171 171 171 172 172 172 181 181 181 180 180 180 173 173 173 181 181 181 172 172 172 173 173 173 182 182 182 181 181 181 174 174 174 182 182 182 173 173 173 174 174 174 183 183 183 182 182 182 175 175 175 183 183 183 174 174 174 175 175 175 184 184 184 183 183 183 66 66 66 184 184 184 175 175 175 66 66 66 64 64 64 184 184 184 177 177 177 185 185 185 176 176 176 177 177 177 186 186 186 185 185 185 178 178 178 186 186 186 177 177 177 178 178 178 187 187 187 186 186 186 179 179 179 187 187 187 178 178 178 179 179 179 188 188 188 187 187 187 180 180 180 188 188 188 179 179 179 180 180 180 189 189 189 188 188 188 181 181 181 189 189 189 180 180 180 181 181 181 190 190 190 189 189 189 182 182 182 190 190 190 181 181 181 182 182 182 191 191 191 190 190 190 183 183 183 191 191 191 182 182 182 183 183 183 192 192 192 191 191 191 184 184 184 192 192 192 183 183 183 184 184 184 193 193 193 192 192 192 64 64 64 193 193 193 184 184 184 64 64 64 62 62 62 193 193 193 186 186 186 194 194 194 185 185 185 186 186 186 195 195 195 194 194 194 187 187 187 195 195 195 186 186 186 187 187 187 196 196 196 195 195 195 188 188 188 196 196 196 187 187 187 188 188 188 197 197 197 196 196 196 189 189 189 197 197 197 188 188 188 189 189 189 198 198 198 197 197 197 190 190 190 198 198 198 189 189 189 190 190 190 199 199 199 198 198 198 191 191 191 199 199 199 190 190 190 191 191 191 200 200 200 199 199 199 192 192 192 200 200 200 191 191 191 192 192 192 201 201 201 200 200 200 193 193 193 201 201 201 192 192 192 193 193 193 202 202 202 201 201 201 62 62 62 202 202 202 193 193 193 62 62 62 60 60 60 202 202 202 195 195 195 203 203 203 194 194 194 195 195 195 204 204 204 203 203 203 196 196 196 204 204 204 195 195 195 196 196 196 205 205 205 204 204 204 197 197 197 205 205 205 196 196 196 197 197 197 206 206 206 205 205 205 198 198 198 206 206 206 197 197 197 198 198 198 207 207 207 206 206 206 199 199 199 207 207 207 198 198 198 199 199 199 208 208 208 207 207 207 200 200 200 208 208 208 199 199 199 200 200 200 209 209 209 208 208 208 201 201 201 209 209 209 200 200 200 201 201 201 210 210 210 209 209 209 202 202 202 210 210 210 201 201 201 202 202 202 211 211 211 210 210 210 60 60 60 211 211 211 202 202 202 60 60 60 58 58 58 211 211 211 204 204 204 212 212 212 203 203 203 204 204 204 213 213 213 212 212 212 205 205 205 213 213 213 204 204 204 205 205 205 214 214 214 213 213 213 206 206 206 214 214 214 205 205 205 206 206 206 215 215 215 214 214 214 207 207 207 215 215 215 206 206 206 207 207 207 216 216 216 215 215 215 208 208 208 216 216 216 207 207 207 208 208 208 217 217 217 216 216 216 209 209 209 217 217 217 208 208 208 209 209 209 218 218 218 217 217 217 210 210 210 218 218 218 209 209 209 210 210 210 219 219 219 218 218 218 211 211 211 219 219 219 210 210 210 211 211 211 220 220 220 219 219 219 58 58 58 220 220 220 211 211 211 58 58 58 56 56 56 220 220 220 213 213 213 221 221 221 212 212 212 213 213 213 222 222 222 221 221 221 214 214 214 222 222 222 213 213 213 214 214 214 223 223 223 222 222 222 215 215 215 223 223 223 214 214 214 215 215 215 224 224 224 223 223 223 216 216 216 224 224 224 215 215 215 216 216 216 225 225 225 224 224 224 217 217 217 225 225 225 216 216 216 217 217 217 226 226 226 225 225 225 218 218 218 226 226 226 217 217 217 218 218 218 227 227 227 226 226 226 219 219 219 227 227 227 218 218 218 219 219 219 228 228 228 227 227 227 220 220 220 228 228 228 219 219 219 220 220 220 229 229 229 228 228 228 56 56 56 229 229 229 220 220 220 56 56 56 54 54 54 229 229 229 222 222 222 230 230 230 221 221 221 222 222 222 231 231 231 230 230 230 223 223 223 231 231 231 222 222 222 223 223 223 232 232 232 231 231 231 224 224 224 232 232 232 223 223 223 224 224 224 233 233 233 232 232 232 225 225 225 233 233 233 224 224 224 225 225 225 234 234 234 233 233 233 226 226 226 234 234 234 225 225 225 226 226 226 235 235 235 234 234 234 227 227 227 235 235 235 226 226 226 227 227 227 236 236 236 235 235 235 228 228 228 236 236 236 227 227 227 228 228 228 237 237 237 236 236 236 229 229 229 237 237 237 228 228 228 229 229 229 238 238 238 237 237 237 54 54 54 238 238 238 229 229 229 54 54 54 52 52 52 238 238 238 231 231 231 239 239 239 230 230 230 231 231 231 240 240 240 239 239 239 232 232 232 240 240 240 231 231 231 232 232 232 241 241 241 240 240 240 233 233 233 241 241 241 232 232 232 233 233 233 242 242 242 241 241 241 234 234 234 242 242 242 233 233 233 234 234 234 243 243 243 242 242 242 235 235 235 243 243 243 234 234 234 235 235 235 244 244 244 243 243 243 236 236 236 244 244 244 235 235 235 236 236 236 245 245 245 244 244 244 237 237 237 245 245 245 236 236 236 237 237 237 246 246 246 245 245 245 238 238 238 246 246 246 237 237 237 238 238 238 247 247 247 246 246 246 52 52 52 247 247 247 238 238 238 52 52 52 50 50 50 247 247 247 240 240 240 248 248 248 239 239 239 240 240 240 249 249 249 248 248 248 241 241 241 249 249 249 240 240 240 241 241 241 250 250 250 249 249 249 242 242 242 250 250 250 241 241 241 242 242 242 251 251 251 250 250 250 243 243 243 251 251 251 242 242 242 243 243 243 252 252 252 251 251 251 244 244 244 252 252 252 243 243 243 244 244 244 253 253 253 252 252 252 245 245 245 253 253 253 244 244 244 245 245 245 254 254 254 253 253 253 246 246 246 254 254 254 245 245 245 246 246 246 255 255 255 254 254 254 247 247 247 255 255 255 246 246 246 247 247 247 256 256 256 255 255 255 50 50 50 256 256 256 247 247 247 50 50 50 48 48 48 256 256 256 249 249 249 257 257 257 248 248 248 249 249 249 258 258 258 257 257 257 250 250 250 258 258 258 249 249 249 250 250 250 259 259 259 258 258 258 251 251 251 259 259 259 250 250 250 251 251 251 260 260 260 259 259 259 252 252 252 260 260 260 251 251 251 252 252 252 261 261 261 260 260 260 253 253 253 261 261 261 252 252 252 253 253 253 262 262 262 261 261 261 254 254 254 262 262 262 253 253 253 254 254 254 263 263 263 262 262 262 255 255 255 263 263 263 254 254 254 255 255 255 264 264 264 263 263 263 256 256 256 264 264 264 255 255 255 256 256 256 265 265 265 264 264 264 48 48 48 265 265 265 256 256 256 48 48 48 46 46 46 265 265 265 258 258 258 266 266 266 257 257 257 258 258 258 267 267 267 266 266 266 259 259 259 267 267 267 258 258 258 259 259 259 268 268 268 267 267 267 260 260 260 268 268 268 259 259 259 260 260 260 269 269 269 268 268 268 261 261 261 269 269 269 260 260 260 261 261 261 270 270 270 269 269 269 262 262 262 270 270 270 261 261 261 262 262 262 271 271 271 270 270 270 263 263 263 271 271 271 262 262 262 263 263 263 272 272 272 271 271 271 264 264 264 272 272 272 263 263 263 264 264 264 273 273 273 272 272 272 265 265 265 273 273 273 264 264 264 265 265 265 274 274 274 273 273 273 46 46 46 274 274 274 265 265 265 46 46 46 44 44 44 274 274 274 267 267 267 275 275 275 266 266 266 267 267 267 276 276 276 275 275 275 268 268 268 276 276 276 267 267 267 268 268 268 277 277 277 276 276 276 269 269 269 277 277 277 268 268 268 269 269 269 278 278 278 277 277 277 270 270 270 278 278 278 269 269 269 270 270 270 279 279 279 278 278 278 271 271 271 279 279 279 270 270 270 271 271 271 280 280 280 279 279 279 272 272 272 280 280 280 271 271 271 272 272 272 281 281 281 280 280 280 273 273 273 281 281 281 272 272 272 273 273 273 282 282 282 281 281 281 274 274 274 282 282 282 273 273 273 274 274 274 283 283 283 282 282 282 44 44 44 283 283 283 274 274 274 44 44 44 42 42 42 283 283 283 276 276 276 284 284 284 275 275 275 276 276 276 285 285 285 284 284 284 277 277 277 285 285 285 276 276 276 277 277 277 286 286 286 285 285 285 278 278 278 286 286 286 277 277 277 278 278 278 287 287 287 286 286 286 279 279 279 287 287 287 278 278 278 279 279 279 288 288 288 287 287 287 280 280 280 288 288 288 279 279 279 280 280 280 289 289 289 288 288 288 281 281 281 289 289 289 280 280 280 281 281 281 290 290 290 289 289 289 282 282 282 290 290 290 281 281 281 282 282 282 291 291 291 290 290 290 283 283 283 291 291 291 282 282 282 283 283 283 292 292 292 291 291 291 42 42 42 292 292 292 283 283 283 42 42 42 40 40 40 292 292 292 285 285 285 293 293 293 284 284 284 285 285 285 294 294 294 293 293 293 286 286 286 294 294 294 285 285 285 286 286 286 295 295 295 294 294 294 287 287 287 295 295 295 286 286 286 287 287 287 296 296 296 295 295 295 288 288 288 296 296 296 287 287 287 288 288 288 297 297 297 296 296 296 289 289 289 297 297 297 288 288 288 289 289 289 298 298 298 297 297 297 290 290 290 298 298 298 289 289 289 290 290 290 299 299 299 298 298 298 291 291 291 299 299 299 290 290 290 291 291 291 300 300 300 299 299 299 292 292 292 300 300 300 291 291 291 292 292 292 301 301 301 300 300 300 40 40 40 301 301 301 292 292 292 40 40 40 38 38 38 301 301 301 294 294 294 302 302 302 293 293 293 294 294 294 303 303 303 302 302 302 295 295 295 303 303 303 294 294 294 295 295 295 304 304 304 303 303 303 296 296 296 304 304 304 295 295 295 296 296 296 305 305 305 304 304 304 297 297 297 305 305 305 296 296 296 297 297 297 306 306 306 305 305 305 298 298 298 306 306 306 297 297 297 298 298 298 307 307 307 306 306 306 299 299 299 307 307 307 298 298 298 299 299 299 308 308 308 307 307 307 300 300 300 308 308 308 299 299 299 300 300 300 309 309 309 308 308 308 301 301 301 309 309 309 300 300 300 301 301 301 310 310 310 309 309 309 38 38 38 310 310 310 301 301 301 38 38 38 36 36 36 310 310 310 303 303 303 311 311 311 302 302 302 303 303 303 312 312 312 311 311 311 304 304 304 312 312 312 303 303 303 304 304 304 313 313 313 312 312 312 305 305 305 313 313 313 304 304 304 305 305 305 314 314 314 313 313 313 306 306 306 314 314 314 305 305 305 306 306 306 315 315 315 314 314 314 307 307 307 315 315 315 306 306 306 307 307 307 316 316 316 315 315 315 308 308 308 316 316 316 307 307 307 308 308 308 317 317 317 316 316 316 309 309 309 317 317 317 308 308 308 309 309 309 318 318 318 317 317 317 310 310 310 318 318 318 309 309 309 310 310 310 319 319 319 318 318 318 36 36 36 319 319 319 310 310 310 36 36 36 34 34 34 319 319 319 312 312 312 320 320 320 311 311 311 312 312 312 321 321 321 320 320 320 313 313 313 321 321 321 312 312 312 313 313 313 322 322 322 321 321 321 314 314 314 322 322 322 313 313 313 314 314 314 323 323 323 322 322 322 315 315 315 323 323 323 314 314 314 315 315 315 324 324 324 323 323 323 316 316 316 324 324 324 315 315 315 316 316 316 325 325 325 324 324 324 317 317 317 325 325 325 316 316 316 317 317 317 326 326 326 325 325 325 318 318 318 326 326 326 317 317 317 318 318 318 327 327 327 326 326 326 319 319 319 327 327 327 318 318 318 319 319 319 328 328 328 327 327 327 34 34 34 328 328 328 319 319 319 34 34 34 32 32 32 328 328 328 321 321 321 329 329 329 320 320 320 321 321 321 330 330 330 329 329 329 322 322 322 330 330 330 321 321 321 322 322 322 331 331 331 330 330 330 323 323 323 331 331 331 322 322 322 323 323 323 332 332 332 331 331 331 324 324 324 332 332 332 323 323 323 324 324 324 333 333 333 332 332 332 325 325 325 333 333 333 324 324 324 325 325 325 334 334 334 333 333 333 326 326 326 334 334 334 325 325 325 326 326 326 335 335 335 334 334 334 327 327 327 335 335 335 326 326 326 327 327 327 336 336 336 335 335 335 328 328 328 336 336 336 327 327 327 328 328 328 337 337 337 336 336 336 32 32 32 337 337 337 328 328 328 32 32 32 30 30 30 337 337 337 330 330 330 338 338 338 329 329 329 330 330 330 339 339 339 338 338 338 331 331 331 339 339 339 330 330 330 331 331 331 340 340 340 339 339 339 332 332 332 340 340 340 331 331 331 332 332 332 341 341 341 340 340 340 333 333 333 341 341 341 332 332 332 333 333 333 342 342 342 341 341 341 334 334 334 342 342 342 333 333 333 334 334 334 343 343 343 342 342 342 335 335 335 343 343 343 334 334 334 335 335 335 344 344 344 343 343 343 336 336 336 344 344 344 335 335 335 336 336 336 345 345 345 344 344 344 337 337 337 345 345 345 336 336 336 337 337 337 346 346 346 345 345 345 30 30 30 346 346 346 337 337 337 30 30 30 28 28 28 346 346 346 339 339 339 347 347 347 338 338 338 339 339 339 348 348 348 347 347 347 340 340 340 348 348 348 339 339 339 340 340 340 349 349 349 348 348 348 341 341 341 349 349 349 340 340 340 341 341 341 350 350 350 349 349 349 342 342 342 350 350 350 341 341 341 342 342 342 351 351 351 350 350 350 343 343 343 351 351 351 342 342 342 343 343 343 352 352 352 351 351 351 344 344 344 352 352 352 343 343 343 344 344 344 353 353 353 352 352 352 345 345 345 353 353 353 344 344 344 345 345 345 354 354 354 353 353 353 346 346 346 354 354 354 345 345 345 346 346 346 355 355 355 354 354 354 28 28 28 355 355 355 346 346 346 28 28 28 26 26 26 355 355 355 348 348 348 356 356 356 347 347 347 348 348 348 357 357 357 356 356 356 349 349 349 357 357 357 348 348 348 358 358 358 356 356 356 357 357 357 358 358 358 357 357 357 359 359 359 359 359 359 357 357 357 360 360 360 349 349 349 360 360 360 357 357 357 350 350 350 360 360 360 349 349 349 359 359 359 360 360 360 361 361 361 361 361 361 360 360 360 362 362 362 350 350 350 362 362 362 360 360 360 351 351 351 362 362 362 350 350 350 361 361 361 362 362 362 363 363 363 363 363 363 362 362 362 364 364 364 351 351 351 364 364 364 362 362 362 352 352 352 364 364 364 351 351 351 363 363 363 364 364 364 365 365 365 365 365 365 364 364 364 366 366 366 352 352 352 366 366 366 364 364 364 353 353 353 366 366 366 352 352 352 365 365 365 366 366 366 367 367 367 367 367 367 366 366 366 368 368 368 367 367 367 368 368 368 369 369 369 369 369 369 368 368 368 370 370 370 369 369 369 370 370 370 371 371 371 371 371 371 370 370 370 372 372 372 371 371 371 372 372 372 23 23 23 23 23 23 372 372 372 24 24 24 361 361 361 373 373 373 359 359 359 361 361 361 374 374 374 373 373 373 363 363 363 374 374 374 361 361 361 363 363 363 375 375 375 374 374 374 365 365 365 375 375 375 363 363 363 365 365 365 376 376 376 375 375 375 367 367 367 376 376 376 365 365 365 367 367 367 377 377 377 376 376 376 369 369 369 377 377 377 367 367 367 369 369 369 378 378 378 377 377 377 371 371 371 378 378 378 369 369 369 371 371 371 379 379 379 378 378 378 23 23 23 379 379 379 371 371 371 23 23 23 22 22 22 379 379 379 374 374 374 380 380 380 373 373 373 373 373 373 380 380 380 381 381 381 373 373 373 381 381 381 382 382 382 359 359 359 373 373 373 382 382 382 359 359 359 382 382 382 358 358 358 374 374 374 383 383 383 380 380 380 375 375 375 383 383 383 374 374 374 375 375 375 384 384 384 383 383 383 376 376 376 384 384 384 375 375 375 376 376 376 385 385 385 384 384 384 377 377 377 385 385 385 376 376 376 377 377 377 386 386 386 385 385 385 378 378 378 386 386 386 377 377 377 378 378 378 387 387 387 386 386 386 379 379 379 387 387 387 378 378 378 379 379 379 388 388 388 387 387 387 22 22 22 388 388 388 379 379 379 22 22 22 21 21 21 388 388 388 380 380 380 389 389 389 381 381 381 380 380 380 390 390 390 389 389 389 383 383 383 390 390 390 380 380 380 383 383 383 391 391 391 390 390 390 384 384 384 391 391 391 383 383 383 384 384 384 392 392 392 391 391 391 385 385 385 392 392 392 384 384 384 385 385 385 393 393 393 392 392 392 386 386 386 393 393 393 385 385 385 386 386 386 394 394 394 393 393 393 387 387 387 394 394 394 386 386 386 387 387 387 395 395 395 394 394 394 388 388 388 395 395 395 387 387 387 388 388 388 396 396 396 395 395 395 21 21 21 396 396 396 388 388 388 21 21 21 20 20 20 396 396 396 390 390 390 397 397 397 389 389 389 390 390 390 398 398 398 397 397 397 391 391 391 398 398 398 390 390 390 391 391 391 399 399 399 398 398 398 392 392 392 399 399 399 391 391 391 392 392 392 400 400 400 399 399 399 393 393 393 400 400 400 392 392 392 393 393 393 401 401 401 400 400 400 394 394 394 401 401 401 393 393 393 394 394 394 402 402 402 401 401 401 395 395 395 402 402 402 394 394 394 395 395 395 403 403 403 402 402 402 396 396 396 403 403 403 395 395 395 396 396 396 404 404 404 403 403 403 20 20 20 404 404 404 396 396 396 20 20 20 405 405 405 404 404 404 7 7 7 405 405 405 20 20 20 7 7 7 9 9 9 405 405 405 398 398 398 406 406 406 397 397 397 398 398 398 407 407 407 406 406 406 399 399 399 407 407 407 398 398 398 399 399 399 408 408 408 407 407 407 400 400 400 408 408 408 399 399 399 400 400 400 409 409 409 408 408 408 401 401 401 409 409 409 400 400 400 401 401 401 410 410 410 409 409 409 402 402 402 410 410 410 401 401 401 402 402 402 411 411 411 410 410 410 403 403 403 411 411 411 402 402 402 403 403 403 412 412 412 411 411 411 404 404 404 412 412 412 403 403 403 404 404 404 413 413 413 412 412 412 405 405 405 413 413 413 404 404 404 405 405 405 414 414 414 413 413 413 9 9 9 414 414 414 405 405 405 9 9 9 11 11 11 414 414 414 407 407 407 415 415 415 406 406 406 407 407 407 416 416 416 415 415 415 408 408 408 416 416 416 407 407 407 408 408 408 417 417 417 416 416 416 409 409 409 417 417 417 408 408 408 409 409 409 418 418 418 417 417 417 410 410 410 418 418 418 409 409 409 410 410 410 419 419 419 418 418 418 411 411 411 419 419 419 410 410 410 411 411 411 420 420 420 419 419 419 412 412 412 420 420 420 411 411 411 412 412 412 421 421 421 420 420 420 413 413 413 421 421 421 412 412 412 413 413 413 422 422 422 421 421 421 414 414 414 422 422 422 413 413 413 414 414 414 423 423 423 422 422 422 11 11 11 423 423 423 414 414 414 11 11 11 13 13 13 423 423 423 416 416 416 424 424 424 415 415 415 416 416 416 425 425 425 424 424 424 417 417 417 425 425 425 416 416 416 417 417 417 426 426 426 425 425 425 418 418 418 426 426 426 417 417 417 418 418 418 427 427 427 426 426 426 419 419 419 427 427 427 418 418 418 419 419 419 428 428 428 427 427 427 420 420 420 428 428 428 419 419 419 420 420 420 429 429 429 428 428 428 421 421 421 429 429 429 420 420 420 421 421 421 430 430 430 429 429 429 422 422 422 430 430 430 421 421 421 422 422 422 431 431 431 430 430 430 423 423 423 431 431 431 422 422 422 423 423 423 432 432 432 431 431 431 13 13 13 432 432 432 423 423 423 13 13 13 15 15 15 432 432 432 425 425 425 433 433 433 424 424 424 425 425 425 434 434 434 433 433 433 426 426 426 434 434 434 425 425 425 426 426 426 435 435 435 434 434 434 427 427 427 435 435 435 426 426 426 427 427 427 436 436 436 435 435 435 428 428 428 436 436 436 427 427 427 428 428 428 437 437 437 436 436 436 429 429 429 437 437 437 428 428 428 429 429 429 438 438 438 437 437 437 430 430 430 438 438 438 429 429 429 430 430 430 439 439 439 438 438 438 431 431 431 439 439 439 430 430 430 431 431 431 440 440 440 439 439 439 432 432 432 440 440 440 431 431 431 432 432 432 441 441 441 440 440 440 15 15 15 441 441 441 432 432 432 15 15 15 17 17 17 441 441 441 434 434 434 442 442 442 433 433 433 434 434 434 443 443 443 442 442 442 435 435 435 443 443 443 434 434 434 435 435 435 444 444 444 443 443 443 436 436 436 444 444 444 435 435 435 436 436 436 445 445 445 444 444 444 437 437 437 445 445 445 436 436 436 437 437 437 446 446 446 445 445 445 438 438 438 446 446 446 437 437 437 438 438 438 447 447 447 446 446 446 439 439 439 447 447 447 438 438 438 439 439 439 448 448 448 447 447 447 440 440 440 448 448 448 439 439 439 440 440 440 449 449 449 448 448 448 441 441 441 449 449 449 440 440 440 441 441 441 450 450 450 449 449 449 17 17 17 450 450 450 441 441 441 17 17 17 19 19 19 450 450 450 442 442 442 451 451 451 433 433 433 433 433 433 451 451 451 452 452 452 433 433 433 452 452 452 424 424 424 424 424 424 452 452 452 453 453 453 424 424 424 453 453 453 415 415 415 415 415 415 453 453 453 454 454 454 415 415 415 454 454 454 406 406 406 406 406 406 454 454 454 455 455 455 406 406 406 455 455 455 397 397 397 397 397 397 455 455 455 456 456 456 397 397 397 456 456 456 389 389 389 389 389 389 456 456 456 457 457 457 389 389 389 457 457 457 381 381 381 381 381 381 457 457 457 458 458 458 381 381 381 458 458 458 382 382 382 382 382 382 458 458 458 459 459 459 382 382 382 459 459 459 358 358 358 358 358 358 459 459 459 460 460 460 358 358 358 460 460 460 356 356 356 356 356 356 460 460 460 461 461 461 356 356 356 461 461 461 347 347 347 347 347 347 461 461 461 462 462 462 347 347 347 462 462 462 338 338 338 338 338 338 462 462 462 463 463 463 338 338 338 463 463 463 329 329 329 329 329 329 463 463 463 464 464 464 329 329 329 464 464 464 320 320 320 320 320 320 464 464 464 465 465 465 320 320 320 465 465 465 311 311 311 311 311 311 465 465 465 466 466 466 311 311 311 466 466 466 302 302 302 302 302 302 466 466 466 467 467 467 302 302 302 467 467 467 293 293 293 293 293 293 467 467 467 468 468 468 293 293 293 468 468 468 284 284 284 284 284 284 468 468 468 469 469 469 284 284 284 469 469 469 275 275 275 275 275 275 469 469 469 470 470 470 275 275 275 470 470 470 266 266 266 266 266 266 470 470 470 471 471 471 266 266 266 471 471 471 257 257 257 257 257 257 471 471 471 472 472 472 257 257 257 472 472 472 248 248 248 248 248 248 472 472 472 473 473 473 248 248 248 473 473 473 239 239 239 239 239 239 473 473 473 474 474 474 239 239 239 474 474 474 230 230 230 230 230 230 474 474 474 475 475 475 230 230 230 475 475 475 221 221 221 221 221 221 475 475 475 476 476 476 221 221 221 476 476 476 212 212 212 212 212 212 476 476 476 477 477 477 212 212 212 477 477 477 203 203 203 203 203 203 477 477 477 478 478 478 203 203 203 478 478 478 194 194 194 194 194 194 478 478 478 479 479 479 194 194 194 479 479 479 185 185 185 185 185 185 479 479 479 480 480 480 185 185 185 480 480 480 176 176 176 176 176 176 480 480 480 481 481 481 176 176 176 481 481 481 167 167 167 167 167 167 481 481 481 482 482 482 167 167 167 482 482 482 158 158 158 158 158 158 482 482 482 483 483 483 158 158 158 483 483 483 149 149 149 149 149 149 483 483 483 484 484 484 149 149 149 484 484 484 140 140 140 140 140 140 484 484 484 485 485 485 140 140 140 485 485 485 131 131 131 131 131 131 485 485 485 486 486 486 131 131 131 486 486 486 122 122 122 122 122 122 486 486 486 487 487 487 122 122 122 487 487 487 113 113 113 113 113 113 487 487 487 488 488 488 113 113 113 488 488 488 104 104 104 104 104 104 488 488 488 489 489 489 104 104 104 489 489 489 102 102 102 102 102 102 489 489 489 490 490 490 102 102 102 490 490 490 103 103 103 490 490 490 489 489 489 491 491 491 490 490 490 491 491 491 492 492 492 492 492 492 491 491 491 493 493 493 492 492 492 493 493 493 494 494 494 494 494 494 493 493 493 495 495 495 494 494 494 495 495 495 496 496 496 495 495 495 497 497 497 496 496 496 495 495 495 498 498 498 497 497 497 499 499 499 498 498 498 495 495 495 493 493 493 499 499 499 495 495 495 499 499 499 500 500 500 498 498 498 501 501 501 500 500 500 499 499 499 501 501 501 502 502 502 500 500 500 503 503 503 502 502 502 501 501 501 503 503 503 504 504 504 502 502 502 505 505 505 504 504 504 503 503 503 505 505 505 506 506 506 504 504 504 507 507 507 506 506 506 505 505 505 507 507 507 508 508 508 506 506 506 509 509 509 508 508 508 507 507 507 509 509 509 510 510 510 508 508 508 511 511 511 510 510 510 509 509 509 511 511 511 512 512 512 510 510 510 513 513 513 512 512 512 511 511 511 513 513 513 514 514 514 512 512 512 515 515 515 514 514 514 513 513 513 515 515 515 516 516 516 514 514 514 517 517 517 516 516 516 515 515 515 517 517 517 518 518 518 516 516 516 519 519 519 518 518 518 517 517 517 519 519 519 520 520 520 518 518 518 521 521 521 520 520 520 519 519 519 521 521 521 522 522 522 520 520 520 523 523 523 522 522 522 521 521 521 523 523 523 524 524 524 522 522 522 525 525 525 524 524 524 523 523 523 525 525 525 526 526 526 524 524 524 527 527 527 526 526 526 525 525 525 527 527 527 528 528 528 526 526 526 529 529 529 528 528 528 527 527 527 529 529 529 530 530 530 528 528 528 531 531 531 530 530 530 529 529 529 531 531 531 532 532 532 530 530 530 533 533 533 532 532 532 531 531 531 533 533 533 534 534 534 532 532 532 535 535 535 534 534 534 533 533 533 535 535 535 536 536 536 534 534 534 537 537 537 536 536 536 535 535 535 537 537 537 538 538 538 536 536 536 539 539 539 538 538 538 537 537 537 539 539 539 540 540 540 538 538 538 541 541 541 540 540 540 539 539 539 541 541 541 542 542 542 540 540 540 543 543 543 542 542 542 541 541 541 543 543 543 544 544 544 542 542 542 545 545 545 544 544 544 543 543 543 545 545 545 546 546 546 544 544 544 547 547 547 546 546 546 545 545 545 547 547 547 548 548 548 546 546 546 549 549 549 548 548 548 547 547 547 549 549 549 550 550 550 548 548 548 551 551 551 550 550 550 549 549 549 551 551 551 552 552 552 550 550 550 553 553 553 552 552 552 551 551 551 553 553 553 554 554 554 552 552 552 555 555 555 554 554 554 553 553 553 555 555 555 556 556 556 554 554 554 557 557 557 556 556 556 555 555 555 557 557 557 558 558 558 556 556 556 559 559 559 558 558 558 557 557 557 559 559 559 560 560 560 558 558 558 561 561 561 560 560 560 559 559 559 561 561 561 562 562 562 560 560 560 563 563 563 562 562 562 561 561 561 563 563 563 564 564 564 562 562 562 565 565 565 564 564 564 563 563 563 565 565 565 566 566 566 564 564 564 567 567 567 566 566 566 565 565 565 567 567 567 568 568 568 566 566 566 569 569 569 568 568 568 567 567 567 569 569 569 570 570 570 568 568 568 571 571 571 570 570 570 569 569 569 571 571 571 572 572 572 570 570 570 573 573 573 572 572 572 571 571 571 573 573 573 574 574 574 572 572 572 575 575 575 574 574 574 573 573 573 575 575 575 576 576 576 574 574 574 577 577 577 563 563 563 561 561 561 577 577 577 578 578 578 563 563 563 578 578 578 565 565 565 563 563 563 579 579 579 578 578 578 577 577 577 580 580 580 579 579 579 577 577 577 458 458 458 579 579 579 580 580 580 459 459 459 458 458 458 580 580 580 459 459 459 580 580 580 581 581 581 581 581 581 580 580 580 582 582 582 580 580 580 577 577 577 582 582 582 581 581 581 582 582 582 583 583 583 583 583 583 582 582 582 559 559 559 583 583 583 559 559 559 557 557 557 458 458 458 457 457 457 579 579 579 582 582 582 561 561 561 559 559 559 582 582 582 577 577 577 561 561 561 457 457 457 584 584 584 579 579 579 579 579 579 584 584 584 578 578 578 457 457 457 456 456 456 584 584 584 456 456 456 585 585 585 584 584 584 456 456 456 455 455 455 585 585 585 584 584 584 586 586 586 578 578 578 584 584 584 585 585 585 586 586 586 455 455 455 587 587 587 585 585 585 455 455 455 454 454 454 587 587 587 585 585 585 588 588 588 586 586 586 585 585 585 587 587 587 588 588 588 586 586 586 588 588 588 567 567 567 586 586 586 567 567 567 565 565 565 578 578 578 586 586 586 565 565 565 454 454 454 589 589 589 587 587 587 454 454 454 453 453 453 589 589 589 588 588 588 569 569 569 567 567 567 588 588 588 590 590 590 569 569 569 587 587 587 590 590 590 588 588 588 587 587 587 589 589 589 590 590 590 453 453 453 591 591 591 589 589 589 453 453 453 452 452 452 591 591 591 590 590 590 571 571 571 569 569 569 590 590 590 592 592 592 571 571 571 589 589 589 592 592 592 590 590 590 589 589 589 591 591 591 592 592 592 452 452 452 593 593 593 591 591 591 452 452 452 451 451 451 593 593 593 592 592 592 573 573 573 571 571 571 592 592 592 594 594 594 573 573 573 591 591 591 594 594 594 592 592 592 591 591 591 593 593 593 594 594 594 451 451 451 595 595 595 593 593 593 451 451 451 596 596 596 595 595 595 442 442 442 596 596 596 451 451 451 594 594 594 575 575 575 573 573 573 594 594 594 597 597 597 575 575 575 593 593 593 597 597 597 594 594 594 593 593 593 595 595 595 597 597 597 353 353 353 368 368 368 366 366 366 354 354 354 368 368 368 353 353 353 354 354 354 370 370 370 368 368 368 355 355 355 370 370 370 354 354 354 355 355 355 372 372 372 370 370 370 26 26 26 372 372 372 355 355 355 26 26 26 24 24 24 372 372 372 489 489 489 598 598 598 491 491 491 489 489 489 488 488 488 598 598 598 491 491 491 598 598 598 599 599 599 491 491 491 599 599 599 493 493 493 493 493 493 599 599 599 499 499 499 488 488 488 600 600 600 598 598 598 488 488 488 487 487 487 600 600 600 599 599 599 501 501 501 499 499 499 599 599 599 601 601 601 501 501 501 598 598 598 601 601 601 599 599 599 598 598 598 600 600 600 601 601 601 487 487 487 602 602 602 600 600 600 487 487 487 486 486 486 602 602 602 601 601 601 503 503 503 501 501 501 601 601 601 603 603 603 503 503 503 600 600 600 603 603 603 601 601 601 600 600 600 602 602 602 603 603 603 486 486 486 604 604 604 602 602 602 486 486 486 485 485 485 604 604 604 603 603 603 505 505 505 503 503 503 603 603 603 605 605 605 505 505 505 602 602 602 605 605 605 603 603 603 602 602 602 604 604 604 605 605 605 485 485 485 606 606 606 604 604 604 485 485 485 484 484 484 606 606 606 605 605 605 507 507 507 505 505 505 605 605 605 607 607 607 507 507 507 604 604 604 607 607 607 605 605 605 604 604 604 606 606 606 607 607 607 484 484 484 608 608 608 606 606 606 484 484 484 483 483 483 608 608 608 607 607 607 509 509 509 507 507 507 607 607 607 609 609 609 509 509 509 606 606 606 609 609 609 607 607 607 606 606 606 608 608 608 609 609 609 483 483 483 610 610 610 608 608 608 483 483 483 482 482 482 610 610 610 609 609 609 511 511 511 509 509 509 609 609 609 611 611 611 511 511 511 608 608 608 611 611 611 609 609 609 608 608 608 610 610 610 611 611 611 482 482 482 612 612 612 610 610 610 482 482 482 481 481 481 612 612 612 611 611 611 513 513 513 511 511 511 611 611 611 613 613 613 513 513 513 610 610 610 613 613 613 611 611 611 610 610 610 612 612 612 613 613 613 481 481 481 614 614 614 612 612 612 481 481 481 480 480 480 614 614 614 613 613 613 515 515 515 513 513 513 613 613 613 615 615 615 515 515 515 612 612 612 615 615 615 613 613 613 612 612 612 614 614 614 615 615 615 480 480 480 616 616 616 614 614 614 480 480 480 479 479 479 616 616 616 615 615 615 517 517 517 515 515 515 615 615 615 617 617 617 517 517 517 614 614 614 617 617 617 615 615 615 614 614 614 616 616 616 617 617 617 479 479 479 618 618 618 616 616 616 479 479 479 478 478 478 618 618 618 617 617 617 519 519 519 517 517 517 617 617 617 619 619 619 519 519 519 616 616 616 619 619 619 617 617 617 616 616 616 618 618 618 619 619 619 478 478 478 620 620 620 618 618 618 478 478 478 477 477 477 620 620 620 619 619 619 521 521 521 519 519 519 619 619 619 621 621 621 521 521 521 618 618 618 621 621 621 619 619 619 618 618 618 620 620 620 621 621 621 477 477 477 622 622 622 620 620 620 477 477 477 476 476 476 622 622 622 621 621 621 523 523 523 521 521 521 621 621 621 623 623 623 523 523 523 620 620 620 623 623 623 621 621 621 620 620 620 622 622 622 623 623 623 476 476 476 624 624 624 622 622 622 476 476 476 475 475 475 624 624 624 623 623 623 525 525 525 523 523 523 623 623 623 625 625 625 525 525 525 622 622 622 625 625 625 623 623 623 622 622 622 624 624 624 625 625 625 475 475 475 626 626 626 624 624 624 475 475 475 474 474 474 626 626 626 625 625 625 527 527 527 525 525 525 625 625 625 627 627 627 527 527 527 624 624 624 627 627 627 625 625 625 624 624 624 626 626 626 627 627 627 474 474 474 628 628 628 626 626 626 474 474 474 473 473 473 628 628 628 627 627 627 529 529 529 527 527 527 627 627 627 629 629 629 529 529 529 626 626 626 629 629 629 627 627 627 626 626 626 628 628 628 629 629 629 473 473 473 630 630 630 628 628 628 473 473 473 472 472 472 630 630 630 629 629 629 531 531 531 529 529 529 629 629 629 631 631 631 531 531 531 628 628 628 631 631 631 629 629 629 628 628 628 630 630 630 631 631 631 472 472 472 632 632 632 630 630 630 472 472 472 471 471 471 632 632 632 631 631 631 533 533 533 531 531 531 631 631 631 633 633 633 533 533 533 630 630 630 633 633 633 631 631 631 630 630 630 632 632 632 633 633 633 471 471 471 634 634 634 632 632 632 471 471 471 470 470 470 634 634 634 633 633 633 535 535 535 533 533 533 633 633 633 635 635 635 535 535 535 632 632 632 635 635 635 633 633 633 632 632 632 634 634 634 635 635 635 470 470 470 636 636 636 634 634 634 470 470 470 469 469 469 636 636 636 635 635 635 537 537 537 535 535 535 635 635 635 637 637 637 537 537 537 634 634 634 637 637 637 635 635 635 634 634 634 636 636 636 637 637 637 469 469 469 638 638 638 636 636 636 469 469 469 468 468 468 638 638 638 637 637 637 539 539 539 537 537 537 637 637 637 639 639 639 539 539 539 636 636 636 639 639 639 637 637 637 636 636 636 638 638 638 639 639 639 468 468 468 640 640 640 638 638 638 468 468 468 467 467 467 640 640 640 639 639 639 541 541 541 539 539 539 639 639 639 641 641 641 541 541 541 638 638 638 641 641 641 639 639 639 638 638 638 640 640 640 641 641 641 467 467 467 642 642 642 640 640 640 467 467 467 466 466 466 642 642 642 641 641 641 543 543 543 541 541 541 641 641 641 643 643 643 543 543 543 640 640 640 643 643 643 641 641 641 640 640 640 642 642 642 643 643 643 466 466 466 644 644 644 642 642 642 466 466 466 465 465 465 644 644 644 643 643 643 545 545 545 543 543 543 643 643 643 645 645 645 545 545 545 642 642 642 645 645 645 643 643 643 642 642 642 644 644 644 645 645 645 465 465 465 646 646 646 644 644 644 465 465 465 464 464 464 646 646 646 645 645 645 547 547 547 545 545 545 645 645 645 647 647 647 547 547 547 644 644 644 647 647 647 645 645 645 644 644 644 646 646 646 647 647 647 464 464 464 648 648 648 646 646 646 464 464 464 463 463 463 648 648 648 647 647 647 549 549 549 547 547 547 647 647 647 649 649 649 549 549 549 646 646 646 649 649 649 647 647 647 646 646 646 648 648 648 649 649 649 463 463 463 650 650 650 648 648 648 463 463 463 462 462 462 650 650 650 649 649 649 551 551 551 549 549 549 649 649 649 651 651 651 551 551 551 648 648 648 651 651 651 649 649 649 648 648 648 650 650 650 651 651 651 462 462 462 652 652 652 650 650 650 462 462 462 461 461 461 652 652 652 651 651 651 553 553 553 551 551 551 651 651 651 653 653 653 553 553 553 650 650 650 653 653 653 651 651 651 650 650 650 652 652 652 653 653 653 461 461 461 654 654 654 652 652 652 461 461 461 460 460 460 654 654 654 653 653 653 555 555 555 553 553 553 653 653 653 655 655 655 555 555 555 652 652 652 655 655 655 653 653 653 652 652 652 654 654 654 655 655 655 581 581 581 654 654 654 460 460 460 581 581 581 460 460 460 459 459 459 583 583 583 654 654 654 581 581 581 583 583 583 655 655 655 654 654 654 557 557 557 655 655 655 583 583 583 557 557 557 555 555 555 655 655 655 658 658 658 657 657 657 656 656 656 659 659 659 657 657 657 658 658 658 660 660 660 657 657 657 659 659 659 661 661 661 657 657 657 660 660 660 662 662 662 657 657 657 661 661 661 663 663 663 657 657 657 662 662 662 664 664 664 657 657 657 663 663 663 665 665 665 657 657 657 664 664 664 666 666 666 657 657 657 665 665 665 667 667 667 657 657 657 666 666 666 668 668 668 657 657 657 667 667 667 669 669 669 657 657 657 668 668 668 670 670 670 657 657 657 669 669 669 671 671 671 657 657 657 670 670 670 672 672 672 657 657 657 671 671 671 673 673 673 657 657 657 672 672 672 674 674 674 659 659 659 658 658 658 674 674 674 675 675 675 659 659 659 676 676 676 675 675 675 674 674 674 677 677 677 676 676 676 674 674 674 677 677 677 674 674 674 678 678 678 678 678 678 679 679 679 677 677 677 678 678 678 680 680 680 679 679 679 656 656 656 680 680 680 678 678 678 656 656 656 681 681 681 680 680 680 656 656 656 657 657 657 681 681 681 682 682 682 657 657 657 673 673 673 683 683 683 657 657 657 682 682 682 684 684 684 657 657 657 683 683 683 685 685 685 657 657 657 684 684 684 686 686 686 657 657 657 685 685 685 687 687 687 657 657 657 686 686 686 688 688 688 657 657 657 687 687 687 689 689 689 657 657 657 688 688 688 690 690 690 657 657 657 689 689 689 691 691 691 657 657 657 690 690 690 692 692 692 657 657 657 691 691 691 693 693 693 657 657 657 692 692 692 694 694 694 657 657 657 693 693 693 695 695 695 657 657 657 694 694 694 696 696 696 657 657 657 695 695 695 697 697 697 657 657 657 696 696 696 698 698 698 683 683 683 682 682 682 698 698 698 699 699 699 683 683 683 700 700 700 699 699 699 698 698 698 701 701 701 700 700 700 698 698 698 701 701 701 698 698 698 702 702 702 703 703 703 701 701 701 702 702 702 703 703 703 702 702 702 704 704 704 705 705 705 703 703 703 704 704 704 705 705 705 704 704 704 706 706 706 707 707 707 705 705 705 706 706 706 707 707 707 706 706 706 708 708 708 709 709 709 707 707 707 708 708 708 709 709 709 708 708 708 710 710 710 711 711 711 709 709 709 710 710 710 711 711 711 710 710 710 712 712 712 713 713 713 711 711 711 712 712 712 713 713 713 712 712 712 714 714 714 715 715 715 713 713 713 714 714 714 715 715 715 714 714 714 716 716 716 717 717 717 715 715 715 716 716 716 717 717 717 716 716 716 718 718 718 719 719 719 717 717 717 718 718 718 719 719 719 718 718 718 720 720 720 721 721 721 719 719 719 720 720 720 721 721 721 720 720 720 722 722 722 723 723 723 721 721 721 722 722 722 723 723 723 722 722 722 724 724 724 725 725 725 723 723 723 724 724 724 725 725 725 724 724 724 726 726 726 727 727 727 725 725 725 726 726 726 727 727 727 726 726 726 728 728 728 729 729 729 727 727 727 728 728 728 729 729 729 728 728 728 675 675 675 676 676 676 729 729 729 675 675 675 730 730 730 729 729 729 676 676 676 731 731 731 730 730 730 676 676 676 731 731 731 676 676 676 677 677 677 677 677 677 732 732 732 731 731 731 677 677 677 679 679 679 732 732 732 731 731 731 732 732 732 733 733 733 731 731 731 733 733 733 734 734 734 734 734 734 730 730 730 731 731 731 734 734 734 733 733 733 735 735 735 734 734 734 735 735 735 736 736 736 734 734 734 737 737 737 730 730 730 736 736 736 737 737 737 734 734 734 736 736 736 738 738 738 737 737 737 730 730 730 739 739 739 729 729 729 737 737 737 739 739 739 730 730 730 737 737 737 740 740 740 739 739 739 738 738 738 740 740 740 737 737 737 738 738 738 741 741 741 740 740 740 740 740 740 742 742 742 739 739 739 739 739 739 742 742 742 727 727 727 739 739 739 727 727 727 729 729 729 740 740 740 743 743 743 742 742 742 741 741 741 743 743 743 740 740 740 741 741 741 744 744 744 743 743 743 742 742 742 725 725 725 727 727 727 742 742 742 745 745 745 725 725 725 743 743 743 745 745 745 742 742 742 743 743 743 746 746 746 745 745 745 744 744 744 746 746 746 743 743 743 744 744 744 747 747 747 746 746 746 745 745 745 723 723 723 725 725 725 745 745 745 748 748 748 723 723 723 746 746 746 748 748 748 745 745 745 746 746 746 749 749 749 748 748 748 747 747 747 749 749 749 746 746 746 747 747 747 750 750 750 749 749 749 748 748 748 721 721 721 723 723 723 748 748 748 751 751 751 721 721 721 749 749 749 751 751 751 748 748 748 749 749 749 752 752 752 751 751 751 750 750 750 752 752 752 749 749 749 750 750 750 753 753 753 752 752 752 751 751 751 719 719 719 721 721 721 751 751 751 754 754 754 719 719 719 752 752 752 754 754 754 751 751 751 752 752 752 755 755 755 754 754 754 753 753 753 755 755 755 752 752 752 753 753 753 756 756 756 755 755 755 754 754 754 717 717 717 719 719 719 754 754 754 757 757 757 717 717 717 755 755 755 757 757 757 754 754 754 755 755 755 758 758 758 757 757 757 756 756 756 758 758 758 755 755 755 756 756 756 759 759 759 758 758 758 757 757 757 715 715 715 717 717 717 757 757 757 760 760 760 715 715 715 758 758 758 760 760 760 757 757 757 758 758 758 761 761 761 760 760 760 759 759 759 761 761 761 758 758 758 759 759 759 762 762 762 761 761 761 760 760 760 713 713 713 715 715 715 760 760 760 763 763 763 713 713 713 761 761 761 763 763 763 760 760 760 761 761 761 764 764 764 763 763 763 762 762 762 764 764 764 761 761 761 762 762 762 765 765 765 764 764 764 763 763 763 711 711 711 713 713 713 763 763 763 766 766 766 711 711 711 764 764 764 766 766 766 763 763 763 764 764 764 767 767 767 766 766 766 765 765 765 767 767 767 764 764 764 765 765 765 768 768 768 767 767 767 766 766 766 709 709 709 711 711 711 766 766 766 769 769 769 709 709 709 767 767 767 769 769 769 766 766 766 767 767 767 770 770 770 769 769 769 768 768 768 770 770 770 767 767 767 768 768 768 771 771 771 770 770 770 769 769 769 707 707 707 709 709 709 769 769 769 772 772 772 707 707 707 770 770 770 772 772 772 769 769 769 770 770 770 773 773 773 772 772 772 771 771 771 773 773 773 770 770 770 771 771 771 774 774 774 773 773 773 772 772 772 705 705 705 707 707 707 772 772 772 775 775 775 705 705 705 773 773 773 775 775 775 772 772 772 773 773 773 776 776 776 775 775 775 774 774 774 776 776 776 773 773 773 774 774 774 777 777 777 776 776 776 775 775 775 703 703 703 705 705 705 775 775 775 778 778 778 703 703 703 776 776 776 778 778 778 775 775 775 776 776 776 779 779 779 778 778 778 777 777 777 779 779 779 776 776 776 777 777 777 780 780 780 779 779 779 778 778 778 701 701 701 703 703 703 778 778 778 781 781 781 701 701 701 779 779 779 781 781 781 778 778 778 779 779 779 782 782 782 781 781 781 780 780 780 782 782 782 779 779 779 780 780 780 783 783 783 782 782 782 781 781 781 700 700 700 701 701 701 781 781 781 784 784 784 700 700 700 782 782 782 784 784 784 781 781 781 782 782 782 785 785 785 784 784 784 783 783 783 785 785 785 782 782 782 783 783 783 786 786 786 785 785 785 784 784 784 787 787 787 700 700 700 700 700 700 787 787 787 699 699 699 784 784 784 788 788 788 787 787 787 785 785 785 788 788 788 784 784 784 785 785 785 789 789 789 788 788 788 786 786 786 789 789 789 785 785 785 786 786 786 790 790 790 789 789 789 787 787 787 791 791 791 699 699 699 699 699 699 791 791 791 684 684 684 699 699 699 684 684 684 683 683 683 787 787 787 792 792 792 791 791 791 788 788 788 792 792 792 787 787 787 788 788 788 793 793 793 792 792 792 789 789 789 793 793 793 788 788 788 789 789 789 794 794 794 793 793 793 790 790 790 794 794 794 789 789 789 790 790 790 795 795 795 794 794 794 791 791 791 685 685 685 684 684 684 791 791 791 796 796 796 685 685 685 792 792 792 796 796 796 791 791 791 792 792 792 797 797 797 796 796 796 793 793 793 797 797 797 792 792 792 793 793 793 798 798 798 797 797 797 794 794 794 798 798 798 793 793 793 794 794 794 799 799 799 798 798 798 795 795 795 799 799 799 794 794 794 795 795 795 800 800 800 799 799 799 796 796 796 686 686 686 685 685 685 796 796 796 801 801 801 686 686 686 797 797 797 801 801 801 796 796 796 797 797 797 802 802 802 801 801 801 798 798 798 802 802 802 797 797 797 798 798 798 803 803 803 802 802 802 799 799 799 803 803 803 798 798 798 799 799 799 804 804 804 803 803 803 800 800 800 804 804 804 799 799 799 800 800 800 805 805 805 804 804 804 801 801 801 687 687 687 686 686 686 801 801 801 806 806 806 687 687 687 802 802 802 806 806 806 801 801 801 802 802 802 807 807 807 806 806 806 803 803 803 807 807 807 802 802 802 803 803 803 808 808 808 807 807 807 804 804 804 808 808 808 803 803 803 804 804 804 809 809 809 808 808 808 805 805 805 809 809 809 804 804 804 805 805 805 810 810 810 809 809 809 806 806 806 688 688 688 687 687 687 806 806 806 811 811 811 688 688 688 807 807 807 811 811 811 806 806 806 807 807 807 812 812 812 811 811 811 808 808 808 812 812 812 807 807 807 808 808 808 813 813 813 812 812 812 809 809 809 813 813 813 808 808 808 809 809 809 814 814 814 813 813 813 810 810 810 814 814 814 809 809 809 810 810 810 815 815 815 814 814 814 811 811 811 689 689 689 688 688 688 811 811 811 816 816 816 689 689 689 812 812 812 816 816 816 811 811 811 812 812 812 817 817 817 816 816 816 813 813 813 817 817 817 812 812 812 813 813 813 818 818 818 817 817 817 814 814 814 818 818 818 813 813 813 814 814 814 819 819 819 818 818 818 815 815 815 819 819 819 814 814 814 815 815 815 820 820 820 819 819 819 816 816 816 690 690 690 689 689 689 816 816 816 821 821 821 690 690 690 817 817 817 821 821 821 816 816 816 817 817 817 822 822 822 821 821 821 818 818 818 822 822 822 817 817 817 818 818 818 823 823 823 822 822 822 819 819 819 823 823 823 818 818 818 819 819 819 824 824 824 823 823 823 820 820 820 824 824 824 819 819 819 820 820 820 825 825 825 824 824 824 821 821 821 691 691 691 690 690 690 821 821 821 826 826 826 691 691 691 822 822 822 826 826 826 821 821 821 822 822 822 827 827 827 826 826 826 823 823 823 827 827 827 822 822 822 823 823 823 828 828 828 827 827 827 824 824 824 828 828 828 823 823 823 824 824 824 829 829 829 828 828 828 825 825 825 829 829 829 824 824 824 825 825 825 830 830 830 829 829 829 826 826 826 692 692 692 691 691 691 826 826 826 831 831 831 692 692 692 827 827 827 831 831 831 826 826 826 827 827 827 832 832 832 831 831 831 828 828 828 832 832 832 827 827 827 828 828 828 833 833 833 832 832 832 829 829 829 833 833 833 828 828 828 829 829 829 834 834 834 833 833 833 830 830 830 834 834 834 829 829 829 830 830 830 835 835 835 834 834 834 831 831 831 693 693 693 692 692 692 831 831 831 836 836 836 693 693 693 832 832 832 836 836 836 831 831 831 832 832 832 837 837 837 836 836 836 833 833 833 837 837 837 832 832 832 833 833 833 838 838 838 837 837 837 834 834 834 838 838 838 833 833 833 834 834 834 839 839 839 838 838 838 835 835 835 839 839 839 834 834 834 835 835 835 840 840 840 839 839 839 836 836 836 694 694 694 693 693 693 836 836 836 841 841 841 694 694 694 837 837 837 841 841 841 836 836 836 837 837 837 842 842 842 841 841 841 838 838 838 842 842 842 837 837 837 838 838 838 843 843 843 842 842 842 839 839 839 843 843 843 838 838 838 839 839 839 844 844 844 843 843 843 840 840 840 844 844 844 839 839 839 840 840 840 845 845 845 844 844 844 841 841 841 695 695 695 694 694 694 841 841 841 846 846 846 695 695 695 842 842 842 846 846 846 841 841 841 842 842 842 847 847 847 846 846 846 843 843 843 847 847 847 842 842 842 843 843 843 848 848 848 847 847 847 844 844 844 848 848 848 843 843 843 844 844 844 849 849 849 848 848 848 845 845 845 849 849 849 844 844 844 845 845 845 850 850 850 849 849 849 846 846 846 696 696 696 695 695 695 846 846 846 851 851 851 696 696 696 847 847 847 851 851 851 846 846 846 847 847 847 852 852 852 851 851 851 848 848 848 852 852 852 847 847 847 848 848 848 853 853 853 852 852 852 849 849 849 853 853 853 848 848 848 849 849 849 854 854 854 853 853 853 850 850 850 854 854 854 849 849 849 850 850 850 855 855 855 854 854 854 851 851 851 697 697 697 696 696 696 851 851 851 856 856 856 697 697 697 852 852 852 856 856 856 851 851 851 852 852 852 857 857 857 856 856 856 853 853 853 857 857 857 852 852 852 853 853 853 858 858 858 857 857 857 854 854 854 858 858 858 853 853 853 854 854 854 859 859 859 858 858 858 855 855 855 859 859 859 854 854 854 855 855 855 860 860 860 859 859 859 856 856 856 861 861 861 697 697 697 861 861 861 657 657 657 697 697 697 862 862 862 657 657 657 861 861 861 863 863 863 657 657 657 862 862 862 864 864 864 657 657 657 863 863 863 865 865 865 657 657 657 864 864 864 866 866 866 657 657 657 865 865 865 681 681 681 657 657 657 866 866 866 856 856 856 867 867 867 861 861 861 857 857 857 867 867 867 856 856 856 867 867 867 862 862 862 861 861 861 857 857 857 868 868 868 867 867 867 858 858 858 868 868 868 857 857 857 858 858 858 869 869 869 868 868 868 859 859 859 869 869 869 858 858 858 859 859 859 870 870 870 869 869 869 860 860 860 870 870 870 859 859 859 860 860 860 871 871 871 870 870 870 867 867 867 872 872 872 862 862 862 868 868 868 872 872 872 867 867 867 872 872 872 863 863 863 862 862 862 868 868 868 873 873 873 872 872 872 869 869 869 873 873 873 868 868 868 869 869 869 874 874 874 873 873 873 870 870 870 874 874 874 869 869 869 870 870 870 875 875 875 874 874 874 871 871 871 875 875 875 870 870 870 871 871 871 876 876 876 875 875 875 872 872 872 877 877 877 863 863 863 873 873 873 877 877 877 872 872 872 877 877 877 864 864 864 863 863 863 873 873 873 878 878 878 877 877 877 874 874 874 878 878 878 873 873 873 874 874 874 879 879 879 878 878 878 875 875 875 879 879 879 874 874 874 875 875 875 880 880 880 879 879 879 876 876 876 880 880 880 875 875 875 876 876 876 881 881 881 880 880 880 878 878 878 882 882 882 877 877 877 877 877 877 882 882 882 864 864 864 878 878 878 883 883 883 882 882 882 879 879 879 883 883 883 878 878 878 879 879 879 884 884 884 883 883 883 880 880 880 884 884 884 879 879 879 880 880 880 885 885 885 884 884 884 881 881 881 885 885 885 880 880 880 881 881 881 886 886 886 885 885 885 882 882 882 865 865 865 864 864 864 882 882 882 887 887 887 865 865 865 883 883 883 887 887 887 882 882 882 883 883 883 888 888 888 887 887 887 884 884 884 888 888 888 883 883 883 884 884 884 889 889 889 888 888 888 885 885 885 889 889 889 884 884 884 885 885 885 890 890 890 889 889 889 886 886 886 890 890 890 885 885 885 886 886 886 891 891 891 890 890 890 887 887 887 866 866 866 865 865 865 887 887 887 892 892 892 866 866 866 888 888 888 892 892 892 887 887 887 888 888 888 893 893 893 892 892 892 889 889 889 893 893 893 888 888 888 889 889 889 894 894 894 893 893 893 890 890 890 894 894 894 889 889 889 890 890 890 895 895 895 894 894 894 891 891 891 895 895 895 890 890 890 891 891 891 896 896 896 895 895 895 892 892 892 681 681 681 866 866 866 892 892 892 680 680 680 681 681 681 893 893 893 680 680 680 892 892 892 893 893 893 679 679 679 680 680 680 894 894 894 679 679 679 893 893 893 894 894 894 732 732 732 679 679 679 895 895 895 732 732 732 894 894 894 895 895 895 733 733 733 732 732 732 896 896 896 733 733 733 895 895 895 896 896 896 735 735 735 733 733 733 891 891 891 897 897 897 896 896 896 891 891 891 898 898 898 897 897 897 886 886 886 898 898 898 891 891 891 886 886 886 899 899 899 898 898 898 900 900 900 899 899 899 886 886 886 900 900 900 886 886 886 881 881 881 896 896 896 901 901 901 735 735 735 896 896 896 897 897 897 901 901 901 736 736 736 735 735 735 901 901 901 736 736 736 901 901 901 902 902 902 736 736 736 902 902 902 903 903 903 736 736 736 903 903 903 738 738 738 738 738 738 903 903 903 904 904 904 738 738 738 904 904 904 741 741 741 741 741 741 904 904 904 905 905 905 741 741 741 905 905 905 744 744 744 744 744 744 905 905 905 906 906 906 744 744 744 906 906 906 747 747 747 747 747 747 906 906 906 907 907 907 747 747 747 907 907 907 750 750 750 750 750 750 907 907 907 908 908 908 750 750 750 908 908 908 753 753 753 753 753 753 908 908 908 909 909 909 753 753 753 909 909 909 756 756 756 756 756 756 909 909 909 910 910 910 756 756 756 910 910 910 759 759 759 759 759 759 910 910 910 911 911 911 759 759 759 911 911 911 762 762 762 762 762 762 911 911 911 912 912 912 762 762 762 912 912 912 765 765 765 765 765 765 912 912 912 913 913 913 765 765 765 913 913 913 768 768 768 768 768 768 913 913 913 914 914 914 768 768 768 914 914 914 771 771 771 771 771 771 914 914 914 915 915 915 771 771 771 915 915 915 774 774 774 774 774 774 915 915 915 916 916 916 774 774 774 916 916 916 777 777 777 777 777 777 916 916 916 917 917 917 777 777 777 917 917 917 780 780 780 780 780 780 917 917 917 918 918 918 780 780 780 918 918 918 783 783 783 783 783 783 918 918 918 919 919 919 783 783 783 919 919 919 786 786 786 786 786 786 919 919 919 920 920 920 786 786 786 920 920 920 790 790 790 790 790 790 920 920 920 921 921 921 790 790 790 921 921 921 795 795 795 795 795 795 921 921 921 922 922 922 795 795 795 922 922 922 800 800 800 800 800 800 922 922 922 923 923 923 800 800 800 923 923 923 805 805 805 805 805 805 923 923 923 924 924 924 805 805 805 924 924 924 810 810 810 810 810 810 924 924 924 925 925 925 810 810 810 925 925 925 815 815 815 815 815 815 925 925 925 926 926 926 815 815 815 926 926 926 820 820 820 820 820 820 926 926 926 927 927 927 820 820 820 927 927 927 825 825 825 825 825 825 927 927 927 928 928 928 825 825 825 928 928 928 830 830 830 830 830 830 928 928 928 929 929 929 830 830 830 929 929 929 835 835 835 835 835 835 929 929 929 930 930 930 835 835 835 930 930 930 840 840 840 840 840 840 930 930 930 931 931 931 840 840 840 931 931 931 845 845 845 845 845 845 931 931 931 932 932 932 845 845 845 932 932 932 850 850 850 850 850 850 932 932 932 933 933 933 850 850 850 933 933 933 855 855 855 855 855 855 933 933 933 934 934 934 855 855 855 934 934 934 860 860 860 860 860 860 934 934 934 935 935 935 860 860 860 935 935 935 871 871 871 871 871 871 935 935 935 936 936 936 871 871 871 936 936 936 876 876 876 876 876 876 936 936 936 900 900 900 876 876 876 900 900 900 881 881 881 678 678 678 658 658 658 656 656 656 678 678 678 674 674 674 658 658 658 675 675 675 660 660 660 659 659 659 675 675 675 728 728 728 660 660 660 728 728 728 661 661 661 660 660 660 728 728 728 726 726 726 661 661 661 726 726 726 662 662 662 661 661 661 726 726 726 724 724 724 662 662 662 724 724 724 663 663 663 662 662 662 724 724 724 722 722 722 663 663 663 722 722 722 664 664 664 663 663 663 722 722 722 720 720 720 664 664 664 720 720 720 665 665 665 664 664 664 720 720 720 718 718 718 665 665 665 718 718 718 666 666 666 665 665 665 718 718 718 716 716 716 666 666 666 716 716 716 667 667 667 666 666 666 716 716 716 714 714 714 667 667 667 714 714 714 668 668 668 667 667 667 714 714 714 712 712 712 668 668 668 712 712 712 669 669 669 668 668 668 712 712 712 710 710 710 669 669 669 710 710 710 670 670 670 669 669 669 710 710 710 708 708 708 670 670 670 708 708 708 671 671 671 670 670 670 708 708 708 706 706 706 671 671 671 706 706 706 672 672 672 671 671 671 706 706 706 704 704 704 672 672 672 704 704 704 673 673 673 672 672 672 704 704 704 702 702 702 673 673 673 702 702 702 682 682 682 673 673 673 702 702 702 698 698 698 682 682 682 939 939 939 938 938 938 937 937 937 939 939 939 940 940 940 938 938 938 941 941 941 940 940 940 939 939 939 941 941 941 942 942 942 940 940 940 943 943 943 942 942 942 941 941 941 943 943 943 944 944 944 942 942 942 945 945 945 944 944 944 943 943 943 945 945 945 946 946 946 944 944 944 947 947 947 946 946 946 945 945 945 947 947 947 948 948 948 946 946 946 949 949 949 948 948 948 947 947 947 949 949 949 950 950 950 948 948 948 951 951 951 950 950 950 949 949 949 951 951 951 952 952 952 950 950 950 953 953 953 952 952 952 951 951 951 953 953 953 954 954 954 952 952 952 955 955 955 954 954 954 953 953 953 955 955 955 956 956 956 954 954 954 957 957 957 943 943 943 941 941 941 957 957 957 958 958 958 943 943 943 958 958 958 945 945 945 943 943 943 959 959 959 958 958 958 957 957 957 960 960 960 959 959 959 957 957 957 961 961 961 959 959 959 960 960 960 962 962 962 961 961 961 960 960 960 962 962 962 963 963 963 961 961 961 962 962 962 964 964 964 963 963 963 961 961 961 963 963 963 965 965 965 961 961 961 965 965 965 966 966 966 961 961 961 966 966 966 959 959 959 966 966 966 965 965 965 967 967 967 966 966 966 967 967 967 968 968 968 968 968 968 967 967 967 969 969 969 968 968 968 969 969 969 970 970 970 970 970 970 969 969 969 971 971 971 970 970 970 971 971 971 972 972 972 972 972 972 971 971 971 973 973 973 972 972 972 973 973 973 974 974 974 974 974 974 973 973 973 975 975 975 974 974 974 975 975 975 976 976 976 976 976 976 975 975 975 977 977 977 976 976 976 977 977 977 978 978 978 978 978 978 977 977 977 979 979 979 978 978 978 979 979 979 980 980 980 966 966 966 968 968 968 981 981 981 966 966 966 981 981 981 959 959 959 959 959 959 981 981 981 958 958 958 981 981 981 982 982 982 958 958 958 958 958 958 982 982 982 945 945 945 981 981 981 983 983 983 982 982 982 968 968 968 983 983 983 981 981 981 968 968 968 970 970 970 983 983 983 970 970 970 984 984 984 983 983 983 970 970 970 972 972 972 984 984 984 982 982 982 947 947 947 945 945 945 982 982 982 985 985 985 947 947 947 983 983 983 985 985 985 982 982 982 983 983 983 984 984 984 985 985 985 972 972 972 986 986 986 984 984 984 972 972 972 974 974 974 986 986 986 985 985 985 949 949 949 947 947 947 985 985 985 987 987 987 949 949 949 984 984 984 987 987 987 985 985 985 984 984 984 986 986 986 987 987 987 974 974 974 988 988 988 986 986 986 974 974 974 976 976 976 988 988 988 987 987 987 951 951 951 949 949 949 987 987 987 989 989 989 951 951 951 986 986 986 989 989 989 987 987 987 986 986 986 988 988 988 989 989 989 976 976 976 990 990 990 988 988 988 976 976 976 978 978 978 990 990 990 989 989 989 953 953 953 951 951 951 989 989 989 991 991 991 953 953 953 988 988 988 991 991 991 989 989 989 988 988 988 990 990 990 991 991 991 978 978 978 992 992 992 990 990 990 978 978 978 980 980 980 992 992 992 991 991 991 955 955 955 953 953 953 991 991 991 993 993 993 955 955 955 990 990 990 993 993 993 991 991 991 990 990 990 992 992 992 993 993 993 996 996 996 995 995 995 994 994 994 996 996 996 997 997 997 995 995 995 998 998 998 997 997 997 996 996 996 998 998 998 999 999 999 997 997 997 1000 1000 1000 999 999 999 998 998 998 1000 1000 1000 1001 1001 1001 999 999 999 1002 1002 1002 1001 1001 1001 1000 1000 1000 1002 1002 1002 1003 1003 1003 1001 1001 1001 1004 1004 1004 1003 1003 1003 1002 1002 1002 1004 1004 1004 1005 1005 1005 1003 1003 1003 1006 1006 1006 1005 1005 1005 1004 1004 1004 1006 1006 1006 1007 1007 1007 1005 1005 1005 1008 1008 1008 1007 1007 1007 1006 1006 1006 1008 1008 1008 1009 1009 1009 1007 1007 1007 1010 1010 1010 1009 1009 1009 1008 1008 1008 1010 1010 1010 1011 1011 1011 1009 1009 1009 1012 1012 1012 1011 1011 1011 1010 1010 1010 1012 1012 1012 1013 1013 1013 1011 1011 1011 1014 1014 1014 1013 1013 1013 1012 1012 1012 1014 1014 1014 1015 1015 1015 1013 1013 1013 1016 1016 1016 1015 1015 1015 1014 1014 1014 1016 1016 1016 1017 1017 1017 1015 1015 1015 1018 1018 1018 1017 1017 1017 1016 1016 1016 1018 1018 1018 1019 1019 1019 1017 1017 1017 1020 1020 1020 1019 1019 1019 1018 1018 1018 1020 1020 1020 1021 1021 1021 1019 1019 1019 1022 1022 1022 1021 1021 1021 1020 1020 1020 1022 1022 1022 1023 1023 1023 1021 1021 1021 1024 1024 1024 1023 1023 1023 1022 1022 1022 1024 1024 1024 1025 1025 1025 1023 1023 1023 1026 1026 1026 1025 1025 1025 1024 1024 1024 1026 1026 1026 1027 1027 1027 1025 1025 1025 1028 1028 1028 1027 1027 1027 1026 1026 1026 1028 1028 1028 1029 1029 1029 1027 1027 1027 1030 1030 1030 1029 1029 1029 1028 1028 1028 1030 1030 1030 1031 1031 1031 1029 1029 1029 1032 1032 1032 1031 1031 1031 1030 1030 1030 1032 1032 1032 1033 1033 1033 1031 1031 1031 1034 1034 1034 1033 1033 1033 1032 1032 1032 1034 1034 1034 1035 1035 1035 1033 1033 1033 1036 1036 1036 1035 1035 1035 1034 1034 1034 1036 1036 1036 1037 1037 1037 1035 1035 1035 1038 1038 1038 1037 1037 1037 1036 1036 1036 1038 1038 1038 1039 1039 1039 1037 1037 1037 1040 1040 1040 1039 1039 1039 1038 1038 1038 1040 1040 1040 1041 1041 1041 1039 1039 1039 1042 1042 1042 1041 1041 1041 1040 1040 1040 1042 1042 1042 1043 1043 1043 1041 1041 1041 1044 1044 1044 1043 1043 1043 1042 1042 1042 1044 1044 1044 1045 1045 1045 1043 1043 1043 1046 1046 1046 1045 1045 1045 1044 1044 1044 1046 1046 1046 1047 1047 1047 1045 1045 1045 1048 1048 1048 1047 1047 1047 1046 1046 1046 1048 1048 1048 1049 1049 1049 1047 1047 1047 1050 1050 1050 1049 1049 1049 1048 1048 1048 1050 1050 1050 1051 1051 1051 1049 1049 1049 1052 1052 1052 1051 1051 1051 1050 1050 1050 1052 1052 1052 1053 1053 1053 1051 1051 1051 1054 1054 1054 1053 1053 1053 1052 1052 1052 1054 1054 1054 1055 1055 1055 1053 1053 1053 937 937 937 1055 1055 1055 1054 1054 1054 937 937 937 938 938 938 1055 1055 1055 1056 1056 1056 1044 1044 1044 1042 1042 1042 1056 1056 1056 1057 1057 1057 1044 1044 1044 1057 1057 1057 1046 1046 1046 1044 1044 1044 1058 1058 1058 1057 1057 1057 1056 1056 1056 1059 1059 1059 1058 1058 1058 1056 1056 1056 1060 1060 1060 1058 1058 1058 1059 1059 1059 1061 1061 1061 1060 1060 1060 1059 1059 1059 1061 1061 1061 1062 1062 1062 1060 1060 1060 1061 1061 1061 1063 1063 1063 1062 1062 1062 1064 1064 1064 1063 1063 1063 1061 1061 1061 1064 1064 1064 1065 1065 1065 1063 1063 1063 1066 1066 1066 1065 1065 1065 1064 1064 1064 1066 1066 1066 1067 1067 1067 1065 1065 1065 1068 1068 1068 1067 1067 1067 1066 1066 1066 1068 1068 1068 1069 1069 1069 1067 1067 1067 1070 1070 1070 1069 1069 1069 1068 1068 1068 1070 1070 1070 1071 1071 1071 1069 1069 1069 1072 1072 1072 1071 1071 1071 1070 1070 1070 1072 1072 1072 1073 1073 1073 1071 1071 1071 1074 1074 1074 1073 1073 1073 1072 1072 1072 1074 1074 1074 1075 1075 1075 1073 1073 1073 1076 1076 1076 1075 1075 1075 1074 1074 1074 1076 1076 1076 1077 1077 1077 1075 1075 1075 1078 1078 1078 1077 1077 1077 1076 1076 1076 1078 1078 1078 1079 1079 1079 1077 1077 1077 1080 1080 1080 1079 1079 1079 1078 1078 1078 1080 1080 1080 1081 1081 1081 1079 1079 1079 1082 1082 1082 1081 1081 1081 1080 1080 1080 1082 1082 1082 1083 1083 1083 1081 1081 1081 1084 1084 1084 1083 1083 1083 1082 1082 1082 1084 1084 1084 1085 1085 1085 1083 1083 1083 1086 1086 1086 1085 1085 1085 1084 1084 1084 1086 1086 1086 1087 1087 1087 1085 1085 1085 1088 1088 1088 1087 1087 1087 1086 1086 1086 1088 1088 1088 1089 1089 1089 1087 1087 1087 1090 1090 1090 1089 1089 1089 1088 1088 1088 1090 1090 1090 1091 1091 1091 1089 1089 1089 1092 1092 1092 1091 1091 1091 1090 1090 1090 1092 1092 1092 1093 1093 1093 1091 1091 1091 1094 1094 1094 1093 1093 1093 1092 1092 1092 1094 1094 1094 1095 1095 1095 1093 1093 1093 1096 1096 1096 1095 1095 1095 1094 1094 1094 1096 1096 1096 1097 1097 1097 1095 1095 1095 1098 1098 1098 1097 1097 1097 1096 1096 1096 1098 1098 1098 1099 1099 1099 1097 1097 1097 1100 1100 1100 1099 1099 1099 1098 1098 1098 1100 1100 1100 1101 1101 1101 1099 1099 1099 1102 1102 1102 1101 1101 1101 1100 1100 1100 1102 1102 1102 1103 1103 1103 1101 1101 1101 1104 1104 1104 1103 1103 1103 1102 1102 1102 1104 1104 1104 1105 1105 1105 1103 1103 1103 1106 1106 1106 1105 1105 1105 1104 1104 1104 1106 1106 1106 1107 1107 1107 1105 1105 1105 1106 1106 1106 1104 1104 1104 1108 1108 1108 1106 1106 1106 1108 1108 1108 1109 1109 1109 1109 1109 1109 1108 1108 1108 1110 1110 1110 1109 1109 1109 1110 1110 1110 1111 1111 1111 1111 1111 1111 1110 1110 1110 996 996 996 1111 1111 1111 996 996 996 994 994 994 1104 1104 1104 1112 1112 1112 1108 1108 1108 1104 1104 1104 1102 1102 1102 1112 1112 1112 1110 1110 1110 998 998 998 996 996 996 1110 1110 1110 1113 1113 1113 998 998 998 1108 1108 1108 1113 1113 1113 1110 1110 1110 1108 1108 1108 1112 1112 1112 1113 1113 1113 1102 1102 1102 1114 1114 1114 1112 1112 1112 1102 1102 1102 1100 1100 1100 1114 1114 1114 1113 1113 1113 1000 1000 1000 998 998 998 1113 1113 1113 1115 1115 1115 1000 1000 1000 1112 1112 1112 1115 1115 1115 1113 1113 1113 1112 1112 1112 1114 1114 1114 1115 1115 1115 1100 1100 1100 1116 1116 1116 1114 1114 1114 1100 1100 1100 1098 1098 1098 1116 1116 1116 1115 1115 1115 1002 1002 1002 1000 1000 1000 1115 1115 1115 1117 1117 1117 1002 1002 1002 1114 1114 1114 1117 1117 1117 1115 1115 1115 1114 1114 1114 1116 1116 1116 1117 1117 1117 1098 1098 1098 1118 1118 1118 1116 1116 1116 1098 1098 1098 1096 1096 1096 1118 1118 1118 1117 1117 1117 1004 1004 1004 1002 1002 1002 1117 1117 1117 1119 1119 1119 1004 1004 1004 1116 1116 1116 1119 1119 1119 1117 1117 1117 1116 1116 1116 1118 1118 1118 1119 1119 1119 1096 1096 1096 1120 1120 1120 1118 1118 1118 1096 1096 1096 1094 1094 1094 1120 1120 1120 1119 1119 1119 1006 1006 1006 1004 1004 1004 1119 1119 1119 1121 1121 1121 1006 1006 1006 1118 1118 1118 1121 1121 1121 1119 1119 1119 1118 1118 1118 1120 1120 1120 1121 1121 1121 1094 1094 1094 1122 1122 1122 1120 1120 1120 1094 1094 1094 1092 1092 1092 1122 1122 1122 1121 1121 1121 1008 1008 1008 1006 1006 1006 1121 1121 1121 1123 1123 1123 1008 1008 1008 1120 1120 1120 1123 1123 1123 1121 1121 1121 1120 1120 1120 1122 1122 1122 1123 1123 1123 1092 1092 1092 1124 1124 1124 1122 1122 1122 1092 1092 1092 1090 1090 1090 1124 1124 1124 1123 1123 1123 1010 1010 1010 1008 1008 1008 1123 1123 1123 1125 1125 1125 1010 1010 1010 1122 1122 1122 1125 1125 1125 1123 1123 1123 1122 1122 1122 1124 1124 1124 1125 1125 1125 1090 1090 1090 1126 1126 1126 1124 1124 1124 1090 1090 1090 1088 1088 1088 1126 1126 1126 1125 1125 1125 1012 1012 1012 1010 1010 1010 1125 1125 1125 1127 1127 1127 1012 1012 1012 1124 1124 1124 1127 1127 1127 1125 1125 1125 1124 1124 1124 1126 1126 1126 1127 1127 1127 1088 1088 1088 1128 1128 1128 1126 1126 1126 1088 1088 1088 1086 1086 1086 1128 1128 1128 1127 1127 1127 1014 1014 1014 1012 1012 1012 1127 1127 1127 1129 1129 1129 1014 1014 1014 1126 1126 1126 1129 1129 1129 1127 1127 1127 1126 1126 1126 1128 1128 1128 1129 1129 1129 1086 1086 1086 1130 1130 1130 1128 1128 1128 1086 1086 1086 1084 1084 1084 1130 1130 1130 1129 1129 1129 1016 1016 1016 1014 1014 1014 1129 1129 1129 1131 1131 1131 1016 1016 1016 1128 1128 1128 1131 1131 1131 1129 1129 1129 1128 1128 1128 1130 1130 1130 1131 1131 1131 1084 1084 1084 1132 1132 1132 1130 1130 1130 1084 1084 1084 1082 1082 1082 1132 1132 1132 1131 1131 1131 1018 1018 1018 1016 1016 1016 1131 1131 1131 1133 1133 1133 1018 1018 1018 1130 1130 1130 1133 1133 1133 1131 1131 1131 1130 1130 1130 1132 1132 1132 1133 1133 1133 1082 1082 1082 1134 1134 1134 1132 1132 1132 1082 1082 1082 1080 1080 1080 1134 1134 1134 1133 1133 1133 1020 1020 1020 1018 1018 1018 1133 1133 1133 1135 1135 1135 1020 1020 1020 1132 1132 1132 1135 1135 1135 1133 1133 1133 1132 1132 1132 1134 1134 1134 1135 1135 1135 1080 1080 1080 1136 1136 1136 1134 1134 1134 1080 1080 1080 1078 1078 1078 1136 1136 1136 1135 1135 1135 1022 1022 1022 1020 1020 1020 1135 1135 1135 1137 1137 1137 1022 1022 1022 1134 1134 1134 1137 1137 1137 1135 1135 1135 1134 1134 1134 1136 1136 1136 1137 1137 1137 1078 1078 1078 1138 1138 1138 1136 1136 1136 1078 1078 1078 1076 1076 1076 1138 1138 1138 1137 1137 1137 1024 1024 1024 1022 1022 1022 1137 1137 1137 1139 1139 1139 1024 1024 1024 1136 1136 1136 1139 1139 1139 1137 1137 1137 1136 1136 1136 1138 1138 1138 1139 1139 1139 1076 1076 1076 1140 1140 1140 1138 1138 1138 1076 1076 1076 1074 1074 1074 1140 1140 1140 1139 1139 1139 1026 1026 1026 1024 1024 1024 1139 1139 1139 1141 1141 1141 1026 1026 1026 1138 1138 1138 1141 1141 1141 1139 1139 1139 1138 1138 1138 1140 1140 1140 1141 1141 1141 1074 1074 1074 1142 1142 1142 1140 1140 1140 1074 1074 1074 1072 1072 1072 1142 1142 1142 1141 1141 1141 1028 1028 1028 1026 1026 1026 1141 1141 1141 1143 1143 1143 1028 1028 1028 1140 1140 1140 1143 1143 1143 1141 1141 1141 1140 1140 1140 1142 1142 1142 1143 1143 1143 1072 1072 1072 1144 1144 1144 1142 1142 1142 1072 1072 1072 1070 1070 1070 1144 1144 1144 1143 1143 1143 1030 1030 1030 1028 1028 1028 1143 1143 1143 1145 1145 1145 1030 1030 1030 1142 1142 1142 1145 1145 1145 1143 1143 1143 1142 1142 1142 1144 1144 1144 1145 1145 1145 1070 1070 1070 1146 1146 1146 1144 1144 1144 1070 1070 1070 1068 1068 1068 1146 1146 1146 1145 1145 1145 1032 1032 1032 1030 1030 1030 1145 1145 1145 1147 1147 1147 1032 1032 1032 1144 1144 1144 1147 1147 1147 1145 1145 1145 1144 1144 1144 1146 1146 1146 1147 1147 1147 1068 1068 1068 1148 1148 1148 1146 1146 1146 1068 1068 1068 1066 1066 1066 1148 1148 1148 1147 1147 1147 1034 1034 1034 1032 1032 1032 1147 1147 1147 1149 1149 1149 1034 1034 1034 1146 1146 1146 1149 1149 1149 1147 1147 1147 1146 1146 1146 1148 1148 1148 1149 1149 1149 1066 1066 1066 1150 1150 1150 1148 1148 1148 1066 1066 1066 1064 1064 1064 1150 1150 1150 1149 1149 1149 1036 1036 1036 1034 1034 1034 1149 1149 1149 1151 1151 1151 1036 1036 1036 1148 1148 1148 1151 1151 1151 1149 1149 1149 1148 1148 1148 1150 1150 1150 1151 1151 1151 1064 1064 1064 1152 1152 1152 1150 1150 1150 1064 1064 1064 1061 1061 1061 1152 1152 1152 1151 1151 1151 1038 1038 1038 1036 1036 1036 1151 1151 1151 1153 1153 1153 1038 1038 1038 1150 1150 1150 1153 1153 1153 1151 1151 1151 1150 1150 1150 1152 1152 1152 1153 1153 1153 1061 1061 1061 1059 1059 1059 1152 1152 1152 1153 1153 1153 1040 1040 1040 1038 1038 1038 1153 1153 1153 1154 1154 1154 1040 1040 1040 1152 1152 1152 1154 1154 1154 1153 1153 1153 1152 1152 1152 1059 1059 1059 1154 1154 1154 1154 1154 1154 1042 1042 1042 1040 1040 1040 1154 1154 1154 1056 1056 1056 1042 1042 1042 1059 1059 1059 1056 1056 1056 1154 1154 1154 1060 1060 1060 1156 1156 1156 1155 1155 1155 1060 1060 1060 1062 1062 1062 1156 1156 1156 1155 1155 1155 1156 1156 1156 1157 1157 1157 1155 1155 1155 1157 1157 1157 1158 1158 1158 1158 1158 1158 1157 1157 1157 1159 1159 1159 1158 1158 1158 1159 1159 1159 1160 1160 1160 1160 1160 1160 1159 1159 1159 1161 1161 1161 1160 1160 1160 1161 1161 1161 1162 1162 1162 1162 1162 1162 1161 1161 1161 1163 1163 1163 1162 1162 1162 1163 1163 1163 1164 1164 1164 1164 1164 1164 1163 1163 1163 1165 1165 1165 1164 1164 1164 1165 1165 1165 1166 1166 1166 1166 1166 1166 1165 1165 1165 1167 1167 1167 1166 1166 1166 1167 1167 1167 1168 1168 1168 1168 1168 1168 1167 1167 1167 964 964 964 1168 1168 1168 964 964 964 962 962 962 1158 1158 1158 1160 1160 1160 1169 1169 1169 1158 1158 1158 1169 1169 1169 1170 1170 1170 1155 1155 1155 1158 1158 1158 1170 1170 1170 1155 1155 1155 1170 1170 1170 1058 1058 1058 1060 1060 1060 1155 1155 1155 1058 1058 1058 1058 1058 1058 1170 1170 1170 1057 1057 1057 1170 1170 1170 1171 1171 1171 1057 1057 1057 1170 1170 1170 1169 1169 1169 1171 1171 1171 1057 1057 1057 1171 1171 1171 1046 1046 1046 1171 1171 1171 1048 1048 1048 1046 1046 1046 1171 1171 1171 1172 1172 1172 1048 1048 1048 1169 1169 1169 1172 1172 1172 1171 1171 1171 1169 1169 1169 1173 1173 1173 1172 1172 1172 1160 1160 1160 1173 1173 1173 1169 1169 1169 1160 1160 1160 1162 1162 1162 1173 1173 1173 1162 1162 1162 1174 1174 1174 1173 1173 1173 1162 1162 1162 1164 1164 1164 1174 1174 1174 1172 1172 1172 1050 1050 1050 1048 1048 1048 1172 1172 1172 1175 1175 1175 1050 1050 1050 1173 1173 1173 1175 1175 1175 1172 1172 1172 1173 1173 1173 1174 1174 1174 1175 1175 1175 1164 1164 1164 1176 1176 1176 1174 1174 1174 1164 1164 1164 1166 1166 1166 1176 1176 1176 1175 1175 1175 1052 1052 1052 1050 1050 1050 1175 1175 1175 1177 1177 1177 1052 1052 1052 1174 1174 1174 1177 1177 1177 1175 1175 1175 1174 1174 1174 1176 1176 1176 1177 1177 1177 1166 1166 1166 1178 1178 1178 1176 1176 1176 1166 1166 1166 1168 1168 1168 1178 1178 1178 1177 1177 1177 1054 1054 1054 1052 1052 1052 1177 1177 1177 1179 1179 1179 1054 1054 1054 1176 1176 1176 1179 1179 1179 1177 1177 1177 1176 1176 1176 1178 1178 1178 1179 1179 1179 1180 1180 1180 1178 1178 1178 1168 1168 1168 1180 1180 1180 1168 1168 1168 962 962 962 962 962 962 960 960 960 1180 1180 1180 1180 1180 1180 960 960 960 1181 1181 1181 1180 1180 1180 1181 1181 1181 1182 1182 1182 1182 1182 1182 1178 1178 1178 1180 1180 1180 1182 1182 1182 1179 1179 1179 1178 1178 1178 1182 1182 1182 1181 1181 1181 939 939 939 1182 1182 1182 939 939 939 937 937 937 937 937 937 1179 1179 1179 1182 1182 1182 937 937 937 1054 1054 1054 1179 1179 1179 1181 1181 1181 941 941 941 939 939 939 1181 1181 1181 957 957 957 941 941 941 960 960 960 957 957 957 1181 1181 1181 1185 1185 1185 1184 1184 1184 1183 1183 1183 1185 1185 1185 1186 1186 1186 1184 1184 1184 1183 1183 1183 1184 1184 1184 1187 1187 1187 1183 1183 1183 1187 1187 1187 1188 1188 1188 1188 1188 1188 1187 1187 1187 1189 1189 1189 1188 1188 1188 1189 1189 1189 1190 1190 1190 1190 1190 1190 1189 1189 1189 1191 1191 1191 1190 1190 1190 1191 1191 1191 1192 1192 1192 1192 1192 1192 1191 1191 1191 1193 1193 1193 1192 1192 1192 1193 1193 1193 1194 1194 1194 1194 1194 1194 1193 1193 1193 1195 1195 1195 1194 1194 1194 1195 1195 1195 1196 1196 1196 1196 1196 1196 1195 1195 1195 1197 1197 1197 1196 1196 1196 1197 1197 1197 1198 1198 1198 1198 1198 1198 1197 1197 1197 1199 1199 1199 1198 1198 1198 1199 1199 1199 1200 1200 1200 1200 1200 1200 1199 1199 1199 1201 1201 1201 1200 1200 1200 1201 1201 1201 1202 1202 1202 1188 1188 1188 1190 1190 1190 1203 1203 1203 1188 1188 1188 1203 1203 1203 1204 1204 1204 1183 1183 1183 1188 1188 1188 1204 1204 1204 1183 1183 1183 1204 1204 1204 1205 1205 1205 1185 1185 1185 1183 1183 1183 1205 1205 1205 1185 1185 1185 1205 1205 1205 1206 1206 1206 1206 1206 1206 1205 1205 1205 1207 1207 1207 1206 1206 1206 1207 1207 1207 1208 1208 1208 1208 1208 1208 1207 1207 1207 963 963 963 1208 1208 1208 963 963 963 964 964 964 1207 1207 1207 965 965 965 963 963 963 1207 1207 1207 1209 1209 1209 965 965 965 1205 1205 1205 1209 1209 1209 1207 1207 1207 1205 1205 1205 1204 1204 1204 1209 1209 1209 1209 1209 1209 967 967 967 965 965 965 1209 1209 1209 1210 1210 1210 967 967 967 1204 1204 1204 1210 1210 1210 1209 1209 1209 1204 1204 1204 1203 1203 1203 1210 1210 1210 1210 1210 1210 969 969 969 967 967 967 1210 1210 1210 1211 1211 1211 969 969 969 1203 1203 1203 1211 1211 1211 1210 1210 1210 1203 1203 1203 1212 1212 1212 1211 1211 1211 1190 1190 1190 1212 1212 1212 1203 1203 1203 1190 1190 1190 1192 1192 1192 1212 1212 1212 1192 1192 1192 1213 1213 1213 1212 1212 1212 1192 1192 1192 1194 1194 1194 1213 1213 1213 1211 1211 1211 971 971 971 969 969 969 1211 1211 1211 1214 1214 1214 971 971 971 1212 1212 1212 1214 1214 1214 1211 1211 1211 1212 1212 1212 1213 1213 1213 1214 1214 1214 1194 1194 1194 1215 1215 1215 1213 1213 1213 1194 1194 1194 1196 1196 1196 1215 1215 1215 1214 1214 1214 973 973 973 971 971 971 1214 1214 1214 1216 1216 1216 973 973 973 1213 1213 1213 1216 1216 1216 1214 1214 1214 1213 1213 1213 1215 1215 1215 1216 1216 1216 1196 1196 1196 1217 1217 1217 1215 1215 1215 1196 1196 1196 1198 1198 1198 1217 1217 1217 1216 1216 1216 975 975 975 973 973 973 1216 1216 1216 1218 1218 1218 975 975 975 1215 1215 1215 1218 1218 1218 1216 1216 1216 1215 1215 1215 1217 1217 1217 1218 1218 1218 1198 1198 1198 1219 1219 1219 1217 1217 1217 1198 1198 1198 1200 1200 1200 1219 1219 1219 1218 1218 1218 977 977 977 975 975 975 1218 1218 1218 1220 1220 1220 977 977 977 1217 1217 1217 1220 1220 1220 1218 1218 1218 1217 1217 1217 1219 1219 1219 1220 1220 1220 1200 1200 1200 1221 1221 1221 1219 1219 1219 1200 1200 1200 1202 1202 1202 1221 1221 1221 1220 1220 1220 979 979 979 977 977 977 1220 1220 1220 1222 1222 1222 979 979 979 1219 1219 1219 1222 1222 1222 1220 1220 1220 1219 1219 1219 1221 1221 1221 1222 1222 1222 1225 1225 1225 1224 1224 1224 1223 1223 1223 1225 1225 1225 1226 1226 1226 1224 1224 1224 1223 1223 1223 1224 1224 1224 1227 1227 1227 1223 1223 1223 1227 1227 1227 1228 1228 1228 1228 1228 1228 1227 1227 1227 1229 1229 1229 1228 1228 1228 1229 1229 1229 1230 1230 1230 1230 1230 1230 1229 1229 1229 1231 1231 1231 1230 1230 1230 1231 1231 1231 1232 1232 1232 1232 1232 1232 1231 1231 1231 1233 1233 1233 1232 1232 1232 1233 1233 1233 1234 1234 1234 1234 1234 1234 1233 1233 1233 1235 1235 1235 1234 1234 1234 1235 1235 1235 1236 1236 1236 1236 1236 1236 1235 1235 1235 1237 1237 1237 1236 1236 1236 1237 1237 1237 1238 1238 1238 1238 1238 1238 1237 1237 1237 1239 1239 1239 1238 1238 1238 1239 1239 1239 1240 1240 1240 1240 1240 1240 1239 1239 1239 1241 1241 1241 1240 1240 1240 1241 1241 1241 1242 1242 1242 1242 1242 1242 1241 1241 1241 1243 1243 1243 1242 1242 1242 1243 1243 1243 1244 1244 1244 1244 1244 1244 1243 1243 1243 1245 1245 1245 1244 1244 1244 1245 1245 1245 1246 1246 1246 1246 1246 1246 1245 1245 1245 1247 1247 1247 1246 1246 1246 1247 1247 1247 1248 1248 1248 1248 1248 1248 1247 1247 1247 1249 1249 1249 1248 1248 1248 1249 1249 1249 1250 1250 1250 1250 1250 1250 1249 1249 1249 1251 1251 1251 1250 1250 1250 1251 1251 1251 1252 1252 1252 1252 1252 1252 1251 1251 1251 1253 1253 1253 1252 1252 1252 1253 1253 1253 1254 1254 1254 1254 1254 1254 1253 1253 1253 1255 1255 1255 1254 1254 1254 1255 1255 1255 1256 1256 1256 1256 1256 1256 1255 1255 1255 1257 1257 1257 1256 1256 1256 1257 1257 1257 1258 1258 1258 1258 1258 1258 1257 1257 1257 1259 1259 1259 1258 1258 1258 1259 1259 1259 1260 1260 1260 1260 1260 1260 1259 1259 1259 1261 1261 1261 1260 1260 1260 1261 1261 1261 1262 1262 1262 1262 1262 1262 1261 1261 1261 1263 1263 1263 1262 1262 1262 1263 1263 1263 1264 1264 1264 1264 1264 1264 1263 1263 1263 1265 1265 1265 1264 1264 1264 1265 1265 1265 1266 1266 1266 1266 1266 1266 1265 1265 1265 1267 1267 1267 1266 1266 1266 1267 1267 1267 1268 1268 1268 1268 1268 1268 1267 1267 1267 1269 1269 1269 1268 1268 1268 1269 1269 1269 1270 1270 1270 1270 1270 1270 1269 1269 1269 1271 1271 1271 1270 1270 1270 1271 1271 1271 1272 1272 1272 1272 1272 1272 1271 1271 1271 1273 1273 1273 1272 1272 1272 1273 1273 1273 1274 1274 1274 1274 1274 1274 1273 1273 1273 1275 1275 1275 1274 1274 1274 1275 1275 1275 1276 1276 1276 1276 1276 1276 1275 1275 1275 1277 1277 1277 1276 1276 1276 1277 1277 1277 1278 1278 1278 1278 1278 1278 1277 1277 1277 1279 1279 1279 1278 1278 1278 1279 1279 1279 1280 1280 1280 1280 1280 1280 1279 1279 1279 1281 1281 1281 1280 1280 1280 1281 1281 1281 1282 1282 1282 1282 1282 1282 1281 1281 1281 1283 1283 1283 1282 1282 1282 1283 1283 1283 1284 1284 1284 1284 1284 1284 1283 1283 1283 1186 1186 1186 1284 1284 1284 1186 1186 1186 1185 1185 1185 1272 1272 1272 1274 1274 1274 1285 1285 1285 1272 1272 1272 1285 1285 1285 1286 1286 1286 1270 1270 1270 1272 1272 1272 1286 1286 1286 1270 1270 1270 1286 1286 1286 1287 1287 1287 1268 1268 1268 1270 1270 1270 1287 1287 1287 1268 1268 1268 1287 1287 1287 1288 1288 1288 1266 1266 1266 1268 1268 1268 1288 1288 1288 1266 1266 1266 1288 1288 1288 1289 1289 1289 1264 1264 1264 1266 1266 1266 1289 1289 1289 1264 1264 1264 1289 1289 1289 1290 1290 1290 1262 1262 1262 1264 1264 1264 1290 1290 1290 1262 1262 1262 1290 1290 1290 1291 1291 1291 1260 1260 1260 1262 1262 1262 1291 1291 1291 1260 1260 1260 1291 1291 1291 1292 1292 1292 1258 1258 1258 1260 1260 1260 1292 1292 1292 1258 1258 1258 1292 1292 1292 1293 1293 1293 1256 1256 1256 1258 1258 1258 1293 1293 1293 1256 1256 1256 1293 1293 1293 1294 1294 1294 1254 1254 1254 1256 1256 1256 1294 1294 1294 1254 1254 1254 1294 1294 1294 1295 1295 1295 1252 1252 1252 1254 1254 1254 1295 1295 1295 1252 1252 1252 1295 1295 1295 1296 1296 1296 1250 1250 1250 1252 1252 1252 1296 1296 1296 1250 1250 1250 1296 1296 1296 1297 1297 1297 1248 1248 1248 1250 1250 1250 1297 1297 1297 1248 1248 1248 1297 1297 1297 1298 1298 1298 1246 1246 1246 1248 1248 1248 1298 1298 1298 1246 1246 1246 1298 1298 1298 1299 1299 1299 1244 1244 1244 1246 1246 1246 1299 1299 1299 1244 1244 1244 1299 1299 1299 1300 1300 1300 1242 1242 1242 1244 1244 1244 1300 1300 1300 1242 1242 1242 1300 1300 1300 1301 1301 1301 1240 1240 1240 1242 1242 1242 1301 1301 1301 1240 1240 1240 1301 1301 1301 1302 1302 1302 1238 1238 1238 1240 1240 1240 1302 1302 1302 1238 1238 1238 1302 1302 1302 1303 1303 1303 1236 1236 1236 1238 1238 1238 1303 1303 1303 1236 1236 1236 1303 1303 1303 1304 1304 1304 1234 1234 1234 1236 1236 1236 1304 1304 1304 1234 1234 1234 1304 1304 1304 1305 1305 1305 1232 1232 1232 1234 1234 1234 1305 1305 1305 1232 1232 1232 1305 1305 1305 1306 1306 1306 1230 1230 1230 1232 1232 1232 1306 1306 1306 1230 1230 1230 1306 1306 1306 1307 1307 1307 1228 1228 1228 1230 1230 1230 1307 1307 1307 1228 1228 1228 1307 1307 1307 1308 1308 1308 1223 1223 1223 1228 1228 1228 1308 1308 1308 1223 1223 1223 1308 1308 1308 1309 1309 1309 1225 1225 1225 1223 1223 1223 1309 1309 1309 1225 1225 1225 1309 1309 1309 1310 1310 1310 1310 1310 1310 1309 1309 1309 1311 1311 1311 1310 1310 1310 1311 1311 1311 1312 1312 1312 1312 1312 1312 1311 1311 1311 1105 1105 1105 1312 1312 1312 1105 1105 1105 1107 1107 1107 1311 1311 1311 1103 1103 1103 1105 1105 1105 1311 1311 1311 1313 1313 1313 1103 1103 1103 1309 1309 1309 1313 1313 1313 1311 1311 1311 1309 1309 1309 1308 1308 1308 1313 1313 1313 1313 1313 1313 1101 1101 1101 1103 1103 1103 1313 1313 1313 1314 1314 1314 1101 1101 1101 1308 1308 1308 1314 1314 1314 1313 1313 1313 1308 1308 1308 1307 1307 1307 1314 1314 1314 1314 1314 1314 1099 1099 1099 1101 1101 1101 1314 1314 1314 1315 1315 1315 1099 1099 1099 1307 1307 1307 1315 1315 1315 1314 1314 1314 1307 1307 1307 1306 1306 1306 1315 1315 1315 1315 1315 1315 1097 1097 1097 1099 1099 1099 1315 1315 1315 1316 1316 1316 1097 1097 1097 1306 1306 1306 1316 1316 1316 1315 1315 1315 1306 1306 1306 1305 1305 1305 1316 1316 1316 1316 1316 1316 1095 1095 1095 1097 1097 1097 1316 1316 1316 1317 1317 1317 1095 1095 1095 1305 1305 1305 1317 1317 1317 1316 1316 1316 1305 1305 1305 1304 1304 1304 1317 1317 1317 1317 1317 1317 1093 1093 1093 1095 1095 1095 1317 1317 1317 1318 1318 1318 1093 1093 1093 1304 1304 1304 1318 1318 1318 1317 1317 1317 1304 1304 1304 1303 1303 1303 1318 1318 1318 1318 1318 1318 1091 1091 1091 1093 1093 1093 1318 1318 1318 1319 1319 1319 1091 1091 1091 1303 1303 1303 1319 1319 1319 1318 1318 1318 1303 1303 1303 1302 1302 1302 1319 1319 1319 1319 1319 1319 1089 1089 1089 1091 1091 1091 1319 1319 1319 1320 1320 1320 1089 1089 1089 1302 1302 1302 1320 1320 1320 1319 1319 1319 1302 1302 1302 1301 1301 1301 1320 1320 1320 1320 1320 1320 1087 1087 1087 1089 1089 1089 1320 1320 1320 1321 1321 1321 1087 1087 1087 1301 1301 1301 1321 1321 1321 1320 1320 1320 1301 1301 1301 1300 1300 1300 1321 1321 1321 1321 1321 1321 1085 1085 1085 1087 1087 1087 1321 1321 1321 1322 1322 1322 1085 1085 1085 1300 1300 1300 1322 1322 1322 1321 1321 1321 1300 1300 1300 1299 1299 1299 1322 1322 1322 1322 1322 1322 1083 1083 1083 1085 1085 1085 1322 1322 1322 1323 1323 1323 1083 1083 1083 1299 1299 1299 1323 1323 1323 1322 1322 1322 1299 1299 1299 1298 1298 1298 1323 1323 1323 1323 1323 1323 1081 1081 1081 1083 1083 1083 1323 1323 1323 1324 1324 1324 1081 1081 1081 1298 1298 1298 1324 1324 1324 1323 1323 1323 1298 1298 1298 1297 1297 1297 1324 1324 1324 1324 1324 1324 1079 1079 1079 1081 1081 1081 1324 1324 1324 1325 1325 1325 1079 1079 1079 1297 1297 1297 1325 1325 1325 1324 1324 1324 1297 1297 1297 1296 1296 1296 1325 1325 1325 1325 1325 1325 1077 1077 1077 1079 1079 1079 1325 1325 1325 1326 1326 1326 1077 1077 1077 1296 1296 1296 1326 1326 1326 1325 1325 1325 1296 1296 1296 1295 1295 1295 1326 1326 1326 1326 1326 1326 1075 1075 1075 1077 1077 1077 1326 1326 1326 1327 1327 1327 1075 1075 1075 1295 1295 1295 1327 1327 1327 1326 1326 1326 1295 1295 1295 1294 1294 1294 1327 1327 1327 1327 1327 1327 1073 1073 1073 1075 1075 1075 1327 1327 1327 1328 1328 1328 1073 1073 1073 1294 1294 1294 1328 1328 1328 1327 1327 1327 1294 1294 1294 1293 1293 1293 1328 1328 1328 1328 1328 1328 1071 1071 1071 1073 1073 1073 1328 1328 1328 1329 1329 1329 1071 1071 1071 1293 1293 1293 1329 1329 1329 1328 1328 1328 1293 1293 1293 1292 1292 1292 1329 1329 1329 1329 1329 1329 1069 1069 1069 1071 1071 1071 1329 1329 1329 1330 1330 1330 1069 1069 1069 1292 1292 1292 1330 1330 1330 1329 1329 1329 1292 1292 1292 1291 1291 1291 1330 1330 1330 1330 1330 1330 1067 1067 1067 1069 1069 1069 1330 1330 1330 1331 1331 1331 1067 1067 1067 1291 1291 1291 1331 1331 1331 1330 1330 1330 1291 1291 1291 1290 1290 1290 1331 1331 1331 1331 1331 1331 1065 1065 1065 1067 1067 1067 1331 1331 1331 1332 1332 1332 1065 1065 1065 1290 1290 1290 1332 1332 1332 1331 1331 1331 1290 1290 1290 1289 1289 1289 1332 1332 1332 1332 1332 1332 1063 1063 1063 1065 1065 1065 1332 1332 1332 1333 1333 1333 1063 1063 1063 1289 1289 1289 1333 1333 1333 1332 1332 1332 1289 1289 1289 1288 1288 1288 1333 1333 1333 1333 1333 1333 1062 1062 1062 1063 1063 1063 1333 1333 1333 1334 1334 1334 1062 1062 1062 1288 1288 1288 1334 1334 1334 1333 1333 1333 1288 1288 1288 1287 1287 1287 1334 1334 1334 1334 1334 1334 1156 1156 1156 1062 1062 1062 1334 1334 1334 1335 1335 1335 1156 1156 1156 1287 1287 1287 1335 1335 1335 1334 1334 1334 1287 1287 1287 1286 1286 1286 1335 1335 1335 1335 1335 1335 1157 1157 1157 1156 1156 1156 1335 1335 1335 1336 1336 1336 1157 1157 1157 1286 1286 1286 1336 1336 1336 1335 1335 1335 1286 1286 1286 1285 1285 1285 1336 1336 1336 1336 1336 1336 1159 1159 1159 1157 1157 1157 1336 1336 1336 1337 1337 1337 1159 1159 1159 1285 1285 1285 1337 1337 1337 1336 1336 1336 1285 1285 1285 1338 1338 1338 1337 1337 1337 1274 1274 1274 1338 1338 1338 1285 1285 1285 1274 1274 1274 1276 1276 1276 1338 1338 1338 1276 1276 1276 1339 1339 1339 1338 1338 1338 1276 1276 1276 1278 1278 1278 1339 1339 1339 1337 1337 1337 1161 1161 1161 1159 1159 1159 1337 1337 1337 1340 1340 1340 1161 1161 1161 1338 1338 1338 1340 1340 1340 1337 1337 1337 1338 1338 1338 1339 1339 1339 1340 1340 1340 1278 1278 1278 1341 1341 1341 1339 1339 1339 1278 1278 1278 1280 1280 1280 1341 1341 1341 1340 1340 1340 1163 1163 1163 1161 1161 1161 1340 1340 1340 1342 1342 1342 1163 1163 1163 1339 1339 1339 1342 1342 1342 1340 1340 1340 1339 1339 1339 1341 1341 1341 1342 1342 1342 1280 1280 1280 1343 1343 1343 1341 1341 1341 1280 1280 1280 1282 1282 1282 1343 1343 1343 1342 1342 1342 1165 1165 1165 1163 1163 1163 1342 1342 1342 1344 1344 1344 1165 1165 1165 1341 1341 1341 1344 1344 1344 1342 1342 1342 1341 1341 1341 1343 1343 1343 1344 1344 1344 1282 1282 1282 1345 1345 1345 1343 1343 1343 1282 1282 1282 1284 1284 1284 1345 1345 1345 1344 1344 1344 1167 1167 1167 1165 1165 1165 1344 1344 1344 1346 1346 1346 1167 1167 1167 1343 1343 1343 1346 1346 1346 1344 1344 1344 1343 1343 1343 1345 1345 1345 1346 1346 1346 1206 1206 1206 1345 1345 1345 1284 1284 1284 1206 1206 1206 1284 1284 1284 1185 1185 1185 1208 1208 1208 1345 1345 1345 1206 1206 1206 1208 1208 1208 1346 1346 1346 1345 1345 1345 964 964 964 1346 1346 1346 1208 1208 1208 964 964 964 1167 1167 1167 1346 1346 1346 1047 1047 1047 1347 1347 1347 1045 1045 1045 1047 1047 1047 1348 1348 1348 1347 1347 1347 1045 1045 1045 1347 1347 1347 1349 1349 1349 1045 1045 1045 1349 1349 1349 1043 1043 1043 1043 1043 1043 1349 1349 1349 1350 1350 1350 1043 1043 1043 1350 1350 1350 1041 1041 1041 1041 1041 1041 1350 1350 1350 1351 1351 1351 1041 1041 1041 1351 1351 1351 1039 1039 1039 1039 1039 1039 1351 1351 1351 1352 1352 1352 1039 1039 1039 1352 1352 1352 1037 1037 1037 1037 1037 1037 1352 1352 1352 1353 1353 1353 1037 1037 1037 1353 1353 1353 1035 1035 1035 1035 1035 1035 1353 1353 1353 1354 1354 1354 1035 1035 1035 1354 1354 1354 1033 1033 1033 1033 1033 1033 1354 1354 1354 1355 1355 1355 1033 1033 1033 1355 1355 1355 1031 1031 1031 1031 1031 1031 1355 1355 1355 1356 1356 1356 1031 1031 1031 1356 1356 1356 1029 1029 1029 1029 1029 1029 1356 1356 1356 1357 1357 1357 1029 1029 1029 1357 1357 1357 1027 1027 1027 1027 1027 1027 1357 1357 1357 1358 1358 1358 1027 1027 1027 1358 1358 1358 1025 1025 1025 1025 1025 1025 1358 1358 1358 1359 1359 1359 1025 1025 1025 1359 1359 1359 1023 1023 1023 1023 1023 1023 1359 1359 1359 1360 1360 1360 1023 1023 1023 1360 1360 1360 1021 1021 1021 1021 1021 1021 1360 1360 1360 1361 1361 1361 1021 1021 1021 1361 1361 1361 1019 1019 1019 1019 1019 1019 1361 1361 1361 1362 1362 1362 1019 1019 1019 1362 1362 1362 1017 1017 1017 1017 1017 1017 1362 1362 1362 1363 1363 1363 1017 1017 1017 1363 1363 1363 1015 1015 1015 1015 1015 1015 1363 1363 1363 1364 1364 1364 1015 1015 1015 1364 1364 1364 1013 1013 1013 1013 1013 1013 1364 1364 1364 1365 1365 1365 1013 1013 1013 1365 1365 1365 1011 1011 1011 1011 1011 1011 1365 1365 1365 1366 1366 1366 1011 1011 1011 1366 1366 1366 1009 1009 1009 1009 1009 1009 1366 1366 1366 1367 1367 1367 1009 1009 1009 1367 1367 1367 1007 1007 1007 1007 1007 1007 1367 1367 1367 1368 1368 1368 1007 1007 1007 1368 1368 1368 1005 1005 1005 1005 1005 1005 1368 1368 1368 1369 1369 1369 1005 1005 1005 1369 1369 1369 1003 1003 1003 1003 1003 1003 1369 1369 1369 1370 1370 1370 1003 1003 1003 1370 1370 1370 1001 1001 1001 1001 1001 1001 1370 1370 1370 1371 1371 1371 1001 1001 1001 1371 1371 1371 999 999 999 999 999 999 1371 1371 1371 1372 1372 1372 999 999 999 1372 1372 1372 997 997 997 997 997 997 1372 1372 1372 1373 1373 1373 997 997 997 1373 1373 1373 995 995 995 956 956 956 1374 1374 1374 954 954 954 956 956 956 1375 1375 1375 1374 1374 1374 954 954 954 1374 1374 1374 1376 1376 1376 954 954 954 1376 1376 1376 952 952 952 952 952 952 1376 1376 1376 1377 1377 1377 952 952 952 1377 1377 1377 950 950 950 950 950 950 1377 1377 1377 1378 1378 1378 950 950 950 1378 1378 1378 948 948 948 948 948 948 1378 1378 1378 1379 1379 1379 948 948 948 1379 1379 1379 946 946 946 946 946 946 1379 1379 1379 1380 1380 1380 946 946 946 1380 1380 1380 944 944 944 944 944 944 1380 1380 1380 1381 1381 1381 944 944 944 1381 1381 1381 942 942 942 942 942 942 1381 1381 1381 1382 1382 1382 942 942 942 1382 1382 1382 940 940 940 940 940 940 1382 1382 1382 1383 1383 1383 940 940 940 1383 1383 1383 938 938 938 938 938 938 1383 1383 1383 1384 1384 1384 938 938 938 1384 1384 1384 1055 1055 1055 1055 1055 1055 1384 1384 1384 1385 1385 1385 1055 1055 1055 1385 1385 1385 1053 1053 1053 1053 1053 1053 1385 1385 1385 1386 1386 1386 1053 1053 1053 1386 1386 1386 1051 1051 1051 1051 1051 1051 1386 1386 1386 1387 1387 1387 1051 1051 1051 1387 1387 1387 1049 1049 1049 1049 1049 1049 1387 1387 1387 1348 1348 1348 1049 1049 1049 1348 1348 1348 1047 1047 1047 1390 1390 1390 1389 1389 1389 1388 1388 1388 1390 1390 1390 1391 1391 1391 1389 1389 1389 1392 1392 1392 1391 1391 1391 1390 1390 1390 1392 1392 1392 1393 1393 1393 1391 1391 1391 1394 1394 1394 1393 1393 1393 1392 1392 1392 1395 1395 1395 1393 1393 1393 1394 1394 1394 1396 1396 1396 1393 1393 1393 1395 1395 1395 1397 1397 1397 1393 1393 1393 1396 1396 1396 1397 1397 1397 1398 1398 1398 1393 1393 1393 1399 1399 1399 1398 1398 1398 1397 1397 1397 1400 1400 1400 1398 1398 1398 1399 1399 1399 1398 1398 1398 1400 1400 1400 1401 1401 1401 1398 1398 1398 1401 1401 1401 1402 1402 1402 1403 1403 1403 1398 1398 1398 1402 1402 1402 1393 1393 1393 1403 1403 1403 1391 1391 1391 1393 1393 1393 1398 1398 1398 1403 1403 1403 1403 1403 1403 1402 1402 1402 1404 1404 1404 1405 1405 1405 1403 1403 1403 1404 1404 1404 1391 1391 1391 1403 1403 1403 1405 1405 1405 1405 1405 1405 1404 1404 1404 1406 1406 1406 1407 1407 1407 1405 1405 1405 1406 1406 1406 1407 1407 1407 1406 1406 1406 1408 1408 1408 1409 1409 1409 1407 1407 1407 1408 1408 1408 1409 1409 1409 1408 1408 1408 1410 1410 1410 1411 1411 1411 1409 1409 1409 1410 1410 1410 1411 1411 1411 1410 1410 1410 1412 1412 1412 1413 1413 1413 1411 1411 1411 1412 1412 1412 1413 1413 1413 1412 1412 1412 1414 1414 1414 1415 1415 1415 1413 1413 1413 1414 1414 1414 1415 1415 1415 1414 1414 1414 1416 1416 1416 1417 1417 1417 1415 1415 1415 1416 1416 1416 1417 1417 1417 1416 1416 1416 1418 1418 1418 1419 1419 1419 1417 1417 1417 1418 1418 1418 1419 1419 1419 1418 1418 1418 1420 1420 1420 1421 1421 1421 1419 1419 1419 1420 1420 1420 1421 1421 1421 1420 1420 1420 1422 1422 1422 1423 1423 1423 1421 1421 1421 1422 1422 1422 1423 1423 1423 1422 1422 1422 1424 1424 1424 1425 1425 1425 1423 1423 1423 1424 1424 1424 1425 1425 1425 1424 1424 1424 1426 1426 1426 1427 1427 1427 1425 1425 1425 1426 1426 1426 1427 1427 1427 1426 1426 1426 1428 1428 1428 1429 1429 1429 1427 1427 1427 1428 1428 1428 1429 1429 1429 1428 1428 1428 1430 1430 1430 1431 1431 1431 1429 1429 1429 1430 1430 1430 1431 1431 1431 1430 1430 1430 1432 1432 1432 1433 1433 1433 1431 1431 1431 1432 1432 1432 1433 1433 1433 1432 1432 1432 1434 1434 1434 1435 1435 1435 1433 1433 1433 1434 1434 1434 1435 1435 1435 1434 1434 1434 1436 1436 1436 1437 1437 1437 1435 1435 1435 1436 1436 1436 1437 1437 1437 1436 1436 1436 1438 1438 1438 1439 1439 1439 1437 1437 1437 1438 1438 1438 1439 1439 1439 1438 1438 1438 1440 1440 1440 1441 1441 1441 1439 1439 1439 1440 1440 1440 1441 1441 1441 1440 1440 1440 1442 1442 1442 1443 1443 1443 1441 1441 1441 1442 1442 1442 1443 1443 1443 1442 1442 1442 1444 1444 1444 1445 1445 1445 1443 1443 1443 1444 1444 1444 1445 1445 1445 1444 1444 1444 1446 1446 1446 1447 1447 1447 1445 1445 1445 1446 1446 1446 1447 1447 1447 1446 1446 1446 1448 1448 1448 1449 1449 1449 1447 1447 1447 1448 1448 1448 1449 1449 1449 1448 1448 1448 1450 1450 1450 1451 1451 1451 1449 1449 1449 1450 1450 1450 1451 1451 1451 1450 1450 1450 1452 1452 1452 1453 1453 1453 1451 1451 1451 1452 1452 1452 1453 1453 1453 1452 1452 1452 1454 1454 1454 1441 1441 1441 1455 1455 1455 1439 1439 1439 1455 1455 1455 1441 1441 1441 1456 1456 1456 1456 1456 1456 1441 1441 1441 1457 1457 1457 1457 1457 1457 1441 1441 1441 1443 1443 1443 1458 1458 1458 1456 1456 1456 1457 1457 1457 1458 1458 1458 1457 1457 1457 1459 1459 1459 1459 1459 1459 1457 1457 1457 1460 1460 1460 1461 1461 1461 1456 1456 1456 1458 1458 1458 1460 1460 1460 1457 1457 1457 1462 1462 1462 1460 1460 1460 1462 1462 1462 1463 1463 1463 1463 1463 1463 1462 1462 1462 1464 1464 1464 1463 1463 1463 1464 1464 1464 1465 1465 1465 1457 1457 1457 1443 1443 1443 1462 1462 1462 1462 1462 1462 1445 1445 1445 1464 1464 1464 1462 1462 1462 1443 1443 1443 1445 1445 1445 1466 1466 1466 1463 1463 1463 1465 1465 1465 1466 1466 1466 1465 1465 1465 1467 1467 1467 1468 1468 1468 1467 1467 1467 1465 1465 1465 1464 1464 1464 1468 1468 1468 1465 1465 1465 1468 1468 1468 1469 1469 1469 1467 1467 1467 1467 1467 1467 1469 1469 1469 1470 1470 1470 1471 1471 1471 1463 1463 1463 1466 1466 1466 1471 1471 1471 1460 1460 1460 1463 1463 1463 1471 1471 1471 1459 1459 1459 1460 1460 1460 1472 1472 1472 1459 1459 1459 1471 1471 1471 1472 1472 1472 1471 1471 1471 1473 1473 1473 1470 1470 1470 1469 1469 1469 1474 1474 1474 1474 1474 1474 1469 1469 1469 1475 1475 1475 1474 1474 1474 1475 1475 1475 1476 1476 1476 1474 1474 1474 1476 1476 1476 1477 1477 1477 1478 1478 1478 1477 1477 1477 1476 1476 1476 1478 1478 1478 1479 1479 1479 1477 1477 1477 1479 1479 1479 1480 1480 1480 1477 1477 1477 1479 1479 1479 1481 1481 1481 1480 1480 1480 1479 1479 1479 1482 1482 1482 1481 1481 1481 1479 1479 1479 1483 1483 1483 1482 1482 1482 1478 1478 1478 1483 1483 1483 1479 1479 1479 1482 1482 1482 1483 1483 1483 1484 1484 1484 1482 1482 1482 1484 1484 1484 1485 1485 1485 1483 1483 1483 1486 1486 1486 1484 1484 1484 1483 1483 1483 1487 1487 1487 1486 1486 1486 1478 1478 1478 1487 1487 1487 1483 1483 1483 1488 1488 1488 1477 1477 1477 1480 1480 1480 1474 1474 1474 1477 1477 1477 1488 1488 1488 1488 1488 1488 1480 1480 1480 1489 1489 1489 1490 1490 1490 1488 1488 1488 1489 1489 1489 1490 1490 1490 1491 1491 1491 1488 1488 1488 1492 1492 1492 1491 1491 1491 1490 1490 1490 1492 1492 1492 1493 1493 1493 1491 1491 1491 1494 1494 1494 1493 1493 1493 1492 1492 1492 1494 1494 1494 1495 1495 1495 1493 1493 1493 1495 1495 1495 1496 1496 1496 1493 1493 1493 1495 1495 1495 1497 1497 1497 1496 1496 1496 1491 1491 1491 1474 1474 1474 1488 1488 1488 1491 1491 1491 1498 1498 1498 1474 1474 1474 1493 1493 1493 1498 1498 1498 1491 1491 1491 1493 1493 1493 1496 1496 1496 1498 1498 1498 1497 1497 1497 1499 1499 1499 1496 1496 1496 1497 1497 1497 1500 1500 1500 1499 1499 1499 1498 1498 1498 1470 1470 1470 1474 1474 1474 1498 1498 1498 1501 1501 1501 1470 1470 1470 1496 1496 1496 1501 1501 1501 1498 1498 1498 1496 1496 1496 1499 1499 1499 1501 1501 1501 1500 1500 1500 1502 1502 1502 1499 1499 1499 1500 1500 1500 1503 1503 1503 1502 1502 1502 1501 1501 1501 1467 1467 1467 1470 1470 1470 1501 1501 1501 1504 1504 1504 1467 1467 1467 1499 1499 1499 1504 1504 1504 1501 1501 1501 1499 1499 1499 1502 1502 1502 1504 1504 1504 1503 1503 1503 1505 1505 1505 1502 1502 1502 1503 1503 1503 1506 1506 1506 1505 1505 1505 1504 1504 1504 1466 1466 1466 1467 1467 1467 1504 1504 1504 1507 1507 1507 1466 1466 1466 1502 1502 1502 1507 1507 1507 1504 1504 1504 1502 1502 1502 1505 1505 1505 1507 1507 1507 1506 1506 1506 1508 1508 1508 1505 1505 1505 1506 1506 1506 1509 1509 1509 1508 1508 1508 1507 1507 1507 1471 1471 1471 1466 1466 1466 1507 1507 1507 1510 1510 1510 1471 1471 1471 1505 1505 1505 1510 1510 1510 1507 1507 1507 1505 1505 1505 1508 1508 1508 1510 1510 1510 1509 1509 1509 1511 1511 1511 1508 1508 1508 1509 1509 1509 1512 1512 1512 1511 1511 1511 1510 1510 1510 1473 1473 1473 1471 1471 1471 1510 1510 1510 1513 1513 1513 1473 1473 1473 1508 1508 1508 1513 1513 1513 1510 1510 1510 1508 1508 1508 1511 1511 1511 1513 1513 1513 1512 1512 1512 1514 1514 1514 1511 1511 1511 1512 1512 1512 1515 1515 1515 1514 1514 1514 1513 1513 1513 1516 1516 1516 1473 1473 1473 1516 1516 1516 1472 1472 1472 1473 1473 1473 1472 1472 1472 1516 1516 1516 1517 1517 1517 1517 1517 1517 1516 1516 1516 1518 1518 1518 1519 1519 1519 1518 1518 1518 1516 1516 1516 1519 1519 1519 1520 1520 1520 1518 1518 1518 1521 1521 1521 1518 1518 1518 1520 1520 1520 1522 1522 1522 1521 1521 1521 1520 1520 1520 1522 1522 1522 1520 1520 1520 1523 1523 1523 1524 1524 1524 1522 1522 1522 1523 1523 1523 1524 1524 1524 1523 1523 1523 1525 1525 1525 1526 1526 1526 1524 1524 1524 1525 1525 1525 1526 1526 1526 1525 1525 1525 1527 1527 1527 1521 1521 1521 1528 1528 1528 1518 1518 1518 1521 1521 1521 1529 1529 1529 1528 1528 1528 1521 1521 1521 1530 1530 1530 1529 1529 1529 1522 1522 1522 1530 1530 1530 1521 1521 1521 1529 1529 1529 1530 1530 1530 1531 1531 1531 1529 1529 1529 1531 1531 1531 1532 1532 1532 1530 1530 1530 1533 1533 1533 1531 1531 1531 1530 1530 1530 1534 1534 1534 1533 1533 1533 1522 1522 1522 1534 1534 1534 1530 1530 1530 1524 1524 1524 1534 1534 1534 1522 1522 1522 1534 1534 1534 1535 1535 1535 1533 1533 1533 1534 1534 1534 1536 1536 1536 1535 1535 1535 1524 1524 1524 1536 1536 1536 1534 1534 1534 1526 1526 1526 1536 1536 1536 1524 1524 1524 1536 1536 1536 1537 1537 1537 1535 1535 1535 1536 1536 1536 1538 1538 1538 1537 1537 1537 1526 1526 1526 1538 1538 1538 1536 1536 1536 1539 1539 1539 1525 1525 1525 1523 1523 1523 1540 1540 1540 1525 1525 1525 1539 1539 1539 1540 1540 1540 1527 1527 1527 1525 1525 1525 1540 1540 1540 1541 1541 1541 1527 1527 1527 1540 1540 1540 1542 1542 1542 1541 1541 1541 1543 1543 1543 1542 1542 1542 1540 1540 1540 1544 1544 1544 1542 1542 1542 1543 1543 1543 1545 1545 1545 1542 1542 1542 1544 1544 1544 1545 1545 1545 1544 1544 1544 1546 1546 1546 1547 1547 1547 1546 1546 1546 1544 1544 1544 1547 1547 1547 1548 1548 1548 1546 1546 1546 1548 1548 1548 1549 1549 1549 1546 1546 1546 1549 1549 1549 1545 1545 1545 1546 1546 1546 1548 1548 1548 1550 1550 1550 1549 1549 1549 1551 1551 1551 1550 1550 1550 1548 1548 1548 1551 1551 1551 1552 1552 1552 1550 1550 1550 1553 1553 1553 1552 1552 1552 1551 1551 1551 1554 1554 1554 1552 1552 1552 1553 1553 1553 1554 1554 1554 1555 1555 1555 1552 1552 1552 1556 1556 1556 1555 1555 1555 1554 1554 1554 1555 1555 1555 1421 1421 1421 1552 1552 1552 1557 1557 1557 1421 1421 1421 1555 1555 1555 1419 1419 1419 1421 1421 1421 1557 1557 1557 1552 1552 1552 1423 1423 1423 1550 1550 1550 1552 1552 1552 1421 1421 1421 1423 1423 1423 1550 1550 1550 1425 1425 1425 1549 1549 1549 1550 1550 1550 1423 1423 1423 1425 1425 1425 1558 1558 1558 1548 1548 1548 1547 1547 1547 1558 1558 1558 1551 1551 1551 1548 1548 1548 1558 1558 1558 1553 1553 1553 1551 1551 1551 1559 1559 1559 1553 1553 1553 1558 1558 1558 1559 1559 1559 1558 1558 1558 1560 1560 1560 1561 1561 1561 1559 1559 1559 1560 1560 1560 1559 1559 1559 1561 1561 1561 1562 1562 1562 1562 1562 1562 1561 1561 1561 1563 1563 1563 1564 1564 1564 1563 1563 1563 1561 1561 1561 1564 1564 1564 1565 1565 1565 1563 1563 1563 1566 1566 1566 1563 1563 1563 1565 1565 1565 1567 1567 1567 1566 1566 1566 1565 1565 1565 1567 1567 1567 1565 1565 1565 1568 1568 1568 1569 1569 1569 1567 1567 1567 1568 1568 1568 1569 1569 1569 1568 1568 1568 1570 1570 1570 1571 1571 1571 1569 1569 1569 1570 1570 1570 1571 1571 1571 1570 1570 1570 1572 1572 1572 1566 1566 1566 1573 1573 1573 1563 1563 1563 1566 1566 1566 1574 1574 1574 1573 1573 1573 1566 1566 1566 1575 1575 1575 1574 1574 1574 1567 1567 1567 1575 1575 1575 1566 1566 1566 1574 1574 1574 1575 1575 1575 1576 1576 1576 1574 1574 1574 1576 1576 1576 1577 1577 1577 1575 1575 1575 1578 1578 1578 1576 1576 1576 1575 1575 1575 1579 1579 1579 1578 1578 1578 1567 1567 1567 1579 1579 1579 1575 1575 1575 1569 1569 1569 1579 1579 1579 1567 1567 1567 1579 1579 1579 1580 1580 1580 1578 1578 1578 1579 1579 1579 1581 1581 1581 1580 1580 1580 1569 1569 1569 1581 1581 1581 1579 1579 1579 1571 1571 1571 1581 1581 1581 1569 1569 1569 1581 1581 1581 1582 1582 1582 1580 1580 1580 1581 1581 1581 1583 1583 1583 1582 1582 1582 1571 1571 1571 1583 1583 1583 1581 1581 1581 1584 1584 1584 1570 1570 1570 1568 1568 1568 1585 1585 1585 1570 1570 1570 1584 1584 1584 1585 1585 1585 1572 1572 1572 1570 1570 1570 1585 1585 1585 1586 1586 1586 1572 1572 1572 1585 1585 1585 1587 1587 1587 1586 1586 1586 1588 1588 1588 1587 1587 1587 1585 1585 1585 1589 1589 1589 1587 1587 1587 1588 1588 1588 1590 1590 1590 1587 1587 1587 1589 1589 1589 1590 1590 1590 1589 1589 1589 1388 1388 1388 1591 1591 1591 1388 1388 1388 1589 1589 1589 1591 1591 1591 1390 1390 1390 1388 1388 1388 1592 1592 1592 1390 1390 1390 1591 1591 1591 1592 1592 1592 1392 1392 1392 1390 1390 1390 1592 1592 1592 1394 1394 1394 1392 1392 1392 1593 1593 1593 1394 1394 1394 1592 1592 1592 1593 1593 1593 1592 1592 1592 1594 1594 1594 1595 1595 1595 1593 1593 1593 1594 1594 1594 1593 1593 1593 1595 1595 1595 1596 1596 1596 1596 1596 1596 1595 1595 1595 1597 1597 1597 1598 1598 1598 1597 1597 1597 1595 1595 1595 1598 1598 1598 1599 1599 1599 1597 1597 1597 1600 1600 1600 1597 1597 1597 1599 1599 1599 1601 1601 1601 1600 1600 1600 1599 1599 1599 1601 1601 1601 1599 1599 1599 1602 1602 1602 1603 1603 1603 1601 1601 1601 1602 1602 1602 1603 1603 1603 1602 1602 1602 1604 1604 1604 1605 1605 1605 1603 1603 1603 1604 1604 1604 1605 1605 1605 1604 1604 1604 1606 1606 1606 1600 1600 1600 1607 1607 1607 1597 1597 1597 1600 1600 1600 1608 1608 1608 1607 1607 1607 1600 1600 1600 1609 1609 1609 1608 1608 1608 1601 1601 1601 1609 1609 1609 1600 1600 1600 1608 1608 1608 1609 1609 1609 1610 1610 1610 1608 1608 1608 1610 1610 1610 1611 1611 1611 1609 1609 1609 1612 1612 1612 1610 1610 1610 1609 1609 1609 1613 1613 1613 1612 1612 1612 1601 1601 1601 1613 1613 1613 1609 1609 1609 1603 1603 1603 1613 1613 1613 1601 1601 1601 1613 1613 1613 1614 1614 1614 1612 1612 1612 1613 1613 1613 1615 1615 1615 1614 1614 1614 1603 1603 1603 1615 1615 1615 1613 1613 1613 1605 1605 1605 1615 1615 1615 1603 1603 1603 1615 1615 1615 1616 1616 1616 1614 1614 1614 1615 1615 1615 1617 1617 1617 1616 1616 1616 1605 1605 1605 1617 1617 1617 1615 1615 1615 1618 1618 1618 1606 1606 1606 1604 1604 1604 1618 1618 1618 1604 1604 1604 1619 1619 1619 1618 1618 1618 1620 1620 1620 1606 1606 1606 1618 1618 1618 1621 1621 1621 1620 1620 1620 1622 1622 1622 1621 1621 1621 1618 1618 1618 1623 1623 1623 1621 1621 1621 1622 1622 1622 1624 1624 1624 1621 1621 1621 1623 1623 1623 1624 1624 1624 1623 1623 1623 1625 1625 1625 1626 1626 1626 1625 1625 1625 1623 1623 1623 1626 1626 1626 1627 1627 1627 1625 1625 1625 1627 1627 1627 1628 1628 1628 1625 1625 1625 1628 1628 1628 1624 1624 1624 1625 1625 1625 1627 1627 1627 1629 1629 1629 1628 1628 1628 1630 1630 1630 1629 1629 1629 1627 1627 1627 1630 1630 1630 1631 1631 1631 1629 1629 1629 1632 1632 1632 1631 1631 1631 1630 1630 1630 1633 1633 1633 1631 1631 1631 1632 1632 1632 1633 1633 1633 1634 1634 1634 1631 1631 1631 1635 1635 1635 1634 1634 1634 1633 1633 1633 1634 1634 1634 1636 1636 1636 1631 1631 1631 1637 1637 1637 1636 1636 1636 1634 1634 1634 1638 1638 1638 1636 1636 1636 1637 1637 1637 1636 1636 1636 1638 1638 1638 1639 1639 1639 1636 1636 1636 1639 1639 1639 1640 1640 1640 1641 1641 1641 1636 1636 1636 1640 1640 1640 1631 1631 1631 1641 1641 1641 1629 1629 1629 1631 1631 1631 1636 1636 1636 1641 1641 1641 1641 1641 1641 1640 1640 1640 1642 1642 1642 1643 1643 1643 1641 1641 1641 1642 1642 1642 1629 1629 1629 1643 1643 1643 1628 1628 1628 1629 1629 1629 1641 1641 1641 1643 1643 1643 1643 1643 1643 1642 1642 1642 1644 1644 1644 1645 1645 1645 1643 1643 1643 1644 1644 1644 1645 1645 1645 1644 1644 1644 1646 1646 1646 1647 1647 1647 1645 1645 1645 1646 1646 1646 1647 1647 1647 1646 1646 1646 1648 1648 1648 1649 1649 1649 1647 1647 1647 1648 1648 1648 1649 1649 1649 1648 1648 1648 1650 1650 1650 1650 1650 1650 1651 1651 1651 1649 1649 1649 1650 1650 1650 1652 1652 1652 1651 1651 1651 1638 1638 1638 1653 1653 1653 1639 1639 1639 1638 1638 1638 1654 1654 1654 1653 1653 1653 1654 1654 1654 1655 1655 1655 1653 1653 1653 1654 1654 1654 1656 1656 1656 1655 1655 1655 1656 1656 1656 1657 1657 1657 1655 1655 1655 1656 1656 1656 1658 1658 1658 1657 1657 1657 1659 1659 1659 1651 1651 1651 1652 1652 1652 1659 1659 1659 1652 1652 1652 1660 1660 1660 1661 1661 1661 1659 1659 1659 1660 1660 1660 1661 1661 1661 1660 1660 1660 1662 1662 1662 1400 1400 1400 1661 1661 1661 1662 1662 1662 1400 1400 1400 1662 1662 1662 1401 1401 1401 1663 1663 1663 1658 1658 1658 1656 1656 1656 1663 1663 1663 1656 1656 1656 1664 1664 1664 1664 1664 1664 1656 1656 1656 1654 1654 1654 1663 1663 1663 1664 1664 1664 1665 1665 1665 1663 1663 1663 1665 1665 1665 1666 1666 1666 1664 1664 1664 1667 1667 1667 1665 1665 1665 1664 1664 1664 1668 1668 1668 1667 1667 1667 1664 1664 1664 1654 1654 1654 1668 1668 1668 1669 1669 1669 1659 1659 1659 1661 1661 1661 1670 1670 1670 1659 1659 1659 1669 1669 1669 1670 1670 1670 1669 1669 1669 1671 1671 1671 1670 1670 1670 1671 1671 1671 1672 1672 1672 1673 1673 1673 1670 1670 1670 1672 1672 1672 1673 1673 1673 1672 1672 1672 1674 1674 1674 1675 1675 1675 1673 1673 1673 1674 1674 1674 1675 1675 1675 1674 1674 1674 1676 1676 1676 1669 1669 1669 1677 1677 1677 1671 1671 1671 1669 1669 1669 1678 1678 1678 1677 1677 1677 1675 1675 1675 1649 1649 1649 1673 1673 1673 1675 1675 1675 1647 1647 1647 1649 1649 1649 1679 1679 1679 1647 1647 1647 1675 1675 1675 1680 1680 1680 1647 1647 1647 1679 1679 1679 1645 1645 1645 1647 1647 1647 1680 1680 1680 1673 1673 1673 1651 1651 1651 1670 1670 1670 1673 1673 1673 1649 1649 1649 1651 1651 1651 1670 1670 1670 1651 1651 1651 1659 1659 1659 1674 1674 1674 1681 1681 1681 1676 1676 1676 1674 1674 1674 1682 1682 1682 1681 1681 1681 1672 1672 1672 1682 1682 1682 1674 1674 1674 1683 1683 1683 1681 1681 1681 1682 1682 1682 1684 1684 1684 1683 1683 1683 1682 1682 1682 1684 1684 1684 1682 1682 1682 1685 1685 1685 1686 1686 1686 1684 1684 1684 1685 1685 1685 1686 1686 1686 1685 1685 1685 1687 1687 1687 1688 1688 1688 1686 1686 1686 1687 1687 1687 1688 1688 1688 1687 1687 1687 1689 1689 1689 1683 1683 1683 1690 1690 1690 1681 1681 1681 1672 1672 1672 1685 1685 1685 1682 1682 1682 1671 1671 1671 1685 1685 1685 1672 1672 1672 1671 1671 1671 1687 1687 1687 1685 1685 1685 1677 1677 1677 1687 1687 1687 1671 1671 1671 1677 1677 1677 1689 1689 1689 1687 1687 1687 1688 1688 1688 1689 1689 1689 1691 1691 1691 1688 1688 1688 1691 1691 1691 1692 1692 1692 1693 1693 1693 1692 1692 1692 1691 1691 1691 1693 1693 1693 1694 1694 1694 1692 1692 1692 1695 1695 1695 1694 1694 1694 1693 1693 1693 1695 1695 1695 1693 1693 1693 1696 1696 1696 1697 1697 1697 1695 1695 1695 1696 1696 1696 1697 1697 1697 1696 1696 1696 1698 1698 1698 1699 1699 1699 1697 1697 1697 1698 1698 1698 1700 1700 1700 1699 1699 1699 1698 1698 1698 1701 1701 1701 1699 1699 1699 1700 1700 1700 1701 1701 1701 1702 1702 1702 1699 1699 1699 1703 1703 1703 1702 1702 1702 1701 1701 1701 1703 1703 1703 1704 1704 1704 1702 1702 1702 1705 1705 1705 1704 1704 1704 1703 1703 1703 1705 1705 1705 1706 1706 1706 1704 1704 1704 1700 1700 1700 1698 1698 1698 1707 1707 1707 1700 1700 1700 1707 1707 1707 1396 1396 1396 1700 1700 1700 1396 1396 1396 1395 1395 1395 1395 1395 1395 1701 1701 1701 1700 1700 1700 1699 1699 1699 1708 1708 1708 1697 1697 1697 1702 1702 1702 1708 1708 1708 1699 1699 1699 1608 1608 1608 1706 1706 1706 1705 1705 1705 1706 1706 1706 1608 1608 1608 1611 1611 1611 1706 1706 1706 1611 1611 1611 1709 1709 1709 1709 1709 1709 1704 1704 1704 1706 1706 1706 1608 1608 1608 1705 1705 1705 1607 1607 1607 1705 1705 1705 1597 1597 1597 1607 1607 1607 1705 1705 1705 1596 1596 1596 1597 1597 1597 1703 1703 1703 1596 1596 1596 1705 1705 1705 1395 1395 1395 1710 1710 1710 1701 1701 1701 1703 1703 1703 1711 1711 1711 1596 1596 1596 1701 1701 1701 1711 1711 1711 1703 1703 1703 1701 1701 1701 1710 1710 1710 1711 1711 1711 1709 1709 1709 1712 1712 1712 1704 1704 1704 1713 1713 1713 1396 1396 1396 1707 1707 1707 1713 1713 1713 1714 1714 1714 1396 1396 1396 1715 1715 1715 1714 1714 1714 1713 1713 1713 1715 1715 1715 1716 1716 1716 1714 1714 1714 1717 1717 1717 1716 1716 1716 1715 1715 1715 1717 1717 1717 1715 1715 1715 1718 1718 1718 1718 1718 1718 1678 1678 1678 1717 1717 1717 1661 1661 1661 1717 1717 1717 1678 1678 1678 1669 1669 1669 1661 1661 1661 1678 1678 1678 1661 1661 1661 1399 1399 1399 1717 1717 1717 1661 1661 1661 1400 1400 1400 1399 1399 1399 1718 1718 1718 1677 1677 1677 1678 1678 1678 1718 1718 1718 1689 1689 1689 1677 1677 1677 1718 1718 1718 1691 1691 1691 1689 1689 1689 1693 1693 1693 1718 1718 1718 1715 1715 1715 1693 1693 1693 1691 1691 1691 1718 1718 1718 1696 1696 1696 1715 1715 1715 1713 1713 1713 1696 1696 1696 1693 1693 1693 1715 1715 1715 1698 1698 1698 1696 1696 1696 1713 1713 1713 1719 1719 1719 1717 1717 1717 1399 1399 1399 1719 1719 1719 1716 1716 1716 1717 1717 1717 1719 1719 1719 1399 1399 1399 1397 1397 1397 1719 1719 1719 1397 1397 1397 1720 1720 1720 1714 1714 1714 1720 1720 1720 1397 1397 1397 1719 1719 1719 1720 1720 1720 1714 1714 1714 1714 1714 1714 1397 1397 1397 1396 1396 1396 1719 1719 1719 1714 1714 1714 1716 1716 1716 1698 1698 1698 1713 1713 1713 1707 1707 1707 1723 1723 1723 1722 1722 1722 1721 1721 1721 1723 1723 1723 1724 1724 1724 1722 1722 1722 1721 1721 1721 1725 1725 1725 1723 1723 1723 1721 1721 1721 1726 1726 1726 1725 1725 1725 1726 1726 1726 1727 1727 1727 1725 1725 1725 1726 1726 1726 1728 1728 1728 1727 1727 1727 1728 1728 1728 1729 1729 1729 1727 1727 1727 1728 1728 1728 1730 1730 1730 1729 1729 1729 1730 1730 1730 1731 1731 1731 1729 1729 1729 1730 1730 1730 1732 1732 1732 1731 1731 1731 1732 1732 1732 1733 1733 1733 1731 1731 1731 1732 1732 1732 1734 1734 1734 1733 1733 1733 1734 1734 1734 1735 1735 1735 1733 1733 1733 1734 1734 1734 1736 1736 1736 1735 1735 1735 1736 1736 1736 1737 1737 1737 1735 1735 1735 1736 1736 1736 1738 1738 1738 1737 1737 1737 1738 1738 1738 1739 1739 1739 1737 1737 1737 1738 1738 1738 1740 1740 1740 1739 1739 1739 1740 1740 1740 1741 1741 1741 1739 1739 1739 1740 1740 1740 1742 1742 1742 1741 1741 1741 1740 1740 1740 1743 1743 1743 1742 1742 1742 1740 1740 1740 1744 1744 1744 1743 1743 1743 1738 1738 1738 1744 1744 1744 1740 1740 1740 1738 1738 1738 1745 1745 1745 1744 1744 1744 1736 1736 1736 1745 1745 1745 1738 1738 1738 1736 1736 1736 1746 1746 1746 1745 1745 1745 1734 1734 1734 1746 1746 1746 1736 1736 1736 1734 1734 1734 1747 1747 1747 1746 1746 1746 1732 1732 1732 1747 1747 1747 1734 1734 1734 1732 1732 1732 1748 1748 1748 1747 1747 1747 1730 1730 1730 1748 1748 1748 1732 1732 1732 1730 1730 1730 1749 1749 1749 1748 1748 1748 1728 1728 1728 1749 1749 1749 1730 1730 1730 1728 1728 1728 1750 1750 1750 1749 1749 1749 1726 1726 1726 1750 1750 1750 1728 1728 1728 1726 1726 1726 1751 1751 1751 1750 1750 1750 1721 1721 1721 1751 1751 1751 1726 1726 1726 1721 1721 1721 1752 1752 1752 1751 1751 1751 1722 1722 1722 1752 1752 1752 1721 1721 1721 1722 1722 1722 1753 1753 1753 1752 1752 1752 1754 1754 1754 1753 1753 1753 1722 1722 1722 1754 1754 1754 1722 1722 1722 1724 1724 1724 1754 1754 1754 1724 1724 1724 1755 1755 1755 1756 1756 1756 1754 1754 1754 1755 1755 1755 1756 1756 1756 1755 1755 1755 1757 1757 1757 1758 1758 1758 1756 1756 1756 1757 1757 1757 1758 1758 1758 1757 1757 1757 1759 1759 1759 1760 1760 1760 1758 1758 1758 1759 1759 1759 1760 1760 1760 1759 1759 1759 1761 1761 1761 1762 1762 1762 1760 1760 1760 1761 1761 1761 1762 1762 1762 1761 1761 1761 1763 1763 1763 1764 1764 1764 1762 1762 1762 1763 1763 1763 1764 1764 1764 1763 1763 1763 1765 1765 1765 1766 1766 1766 1764 1764 1764 1765 1765 1765 1766 1766 1766 1765 1765 1765 1767 1767 1767 1768 1768 1768 1766 1766 1766 1767 1767 1767 1768 1768 1768 1767 1767 1767 1769 1769 1769 1770 1770 1770 1768 1768 1768 1769 1769 1769 1770 1770 1770 1769 1769 1769 1771 1771 1771 1772 1772 1772 1770 1770 1770 1771 1771 1771 1772 1772 1772 1771 1771 1771 1773 1773 1773 1774 1774 1774 1772 1772 1772 1773 1773 1773 1774 1774 1774 1773 1773 1773 1775 1775 1775 1776 1776 1776 1774 1774 1774 1775 1775 1775 1776 1776 1776 1775 1775 1775 1777 1777 1777 1778 1778 1778 1776 1776 1776 1777 1777 1777 1778 1778 1778 1777 1777 1777 1779 1779 1779 1780 1780 1780 1778 1778 1778 1779 1779 1779 1780 1780 1780 1779 1779 1779 1781 1781 1781 1782 1782 1782 1780 1780 1780 1781 1781 1781 1782 1782 1782 1781 1781 1781 1783 1783 1783 1784 1784 1784 1782 1782 1782 1783 1783 1783 1784 1784 1784 1783 1783 1783 1785 1785 1785 1786 1786 1786 1784 1784 1784 1785 1785 1785 1786 1786 1786 1785 1785 1785 1787 1787 1787 1788 1788 1788 1786 1786 1786 1787 1787 1787 1788 1788 1788 1787 1787 1787 1789 1789 1789 1790 1790 1790 1788 1788 1788 1789 1789 1789 1790 1790 1790 1789 1789 1789 1791 1791 1791 1792 1792 1792 1790 1790 1790 1791 1791 1791 1792 1792 1792 1791 1791 1791 1793 1793 1793 1794 1794 1794 1792 1792 1792 1793 1793 1793 1794 1794 1794 1793 1793 1793 1795 1795 1795 1796 1796 1796 1794 1794 1794 1795 1795 1795 1796 1796 1796 1795 1795 1795 1797 1797 1797 1798 1798 1798 1796 1796 1796 1797 1797 1797 1798 1798 1798 1797 1797 1797 1799 1799 1799 1800 1800 1800 1798 1798 1798 1799 1799 1799 1800 1800 1800 1799 1799 1799 1801 1801 1801 1802 1802 1802 1800 1800 1800 1801 1801 1801 1802 1802 1802 1801 1801 1801 1803 1803 1803 1804 1804 1804 1802 1802 1802 1803 1803 1803 1804 1804 1804 1803 1803 1803 1805 1805 1805 1806 1806 1806 1804 1804 1804 1805 1805 1805 1806 1806 1806 1805 1805 1805 1807 1807 1807 1808 1808 1808 1806 1806 1806 1807 1807 1807 1808 1808 1808 1807 1807 1807 1809 1809 1809 1810 1810 1810 1808 1808 1808 1809 1809 1809 1810 1810 1810 1809 1809 1809 1811 1811 1811 1812 1812 1812 1810 1810 1810 1811 1811 1811 1812 1812 1812 1811 1811 1811 1813 1813 1813 1800 1800 1800 1814 1814 1814 1798 1798 1798 1800 1800 1800 1815 1815 1815 1814 1814 1814 1802 1802 1802 1815 1815 1815 1800 1800 1800 1802 1802 1802 1816 1816 1816 1815 1815 1815 1804 1804 1804 1816 1816 1816 1802 1802 1802 1804 1804 1804 1817 1817 1817 1816 1816 1816 1806 1806 1806 1817 1817 1817 1804 1804 1804 1806 1806 1806 1818 1818 1818 1817 1817 1817 1808 1808 1808 1818 1818 1818 1806 1806 1806 1808 1808 1808 1819 1819 1819 1818 1818 1818 1810 1810 1810 1819 1819 1819 1808 1808 1808 1810 1810 1810 1820 1820 1820 1819 1819 1819 1812 1812 1812 1820 1820 1820 1810 1810 1810 1812 1812 1812 1821 1821 1821 1820 1820 1820 1798 1798 1798 1814 1814 1814 1822 1822 1822 1798 1798 1798 1822 1822 1822 1796 1796 1796 1796 1796 1796 1822 1822 1822 1823 1823 1823 1796 1796 1796 1823 1823 1823 1794 1794 1794 1794 1794 1794 1823 1823 1823 1824 1824 1824 1794 1794 1794 1824 1824 1824 1792 1792 1792 1792 1792 1792 1824 1824 1824 1825 1825 1825 1792 1792 1792 1825 1825 1825 1790 1790 1790 1790 1790 1790 1825 1825 1825 1826 1826 1826 1790 1790 1790 1826 1826 1826 1788 1788 1788 1788 1788 1788 1826 1826 1826 1827 1827 1827 1788 1788 1788 1827 1827 1827 1786 1786 1786 1786 1786 1786 1827 1827 1827 1828 1828 1828 1786 1786 1786 1828 1828 1828 1784 1784 1784 1784 1784 1784 1828 1828 1828 1829 1829 1829 1784 1784 1784 1829 1829 1829 1782 1782 1782 1782 1782 1782 1829 1829 1829 1830 1830 1830 1782 1782 1782 1830 1830 1830 1780 1780 1780 1780 1780 1780 1830 1830 1830 1831 1831 1831 1780 1780 1780 1831 1831 1831 1778 1778 1778 1778 1778 1778 1831 1831 1831 1832 1832 1832 1778 1778 1778 1832 1832 1832 1776 1776 1776 1776 1776 1776 1832 1832 1832 1833 1833 1833 1776 1776 1776 1833 1833 1833 1774 1774 1774 1774 1774 1774 1833 1833 1833 1834 1834 1834 1774 1774 1774 1834 1834 1834 1772 1772 1772 1772 1772 1772 1834 1834 1834 1835 1835 1835 1772 1772 1772 1835 1835 1835 1770 1770 1770 1770 1770 1770 1835 1835 1835 1836 1836 1836 1770 1770 1770 1836 1836 1836 1768 1768 1768 1768 1768 1768 1836 1836 1836 1837 1837 1837 1768 1768 1768 1837 1837 1837 1766 1766 1766 1766 1766 1766 1837 1837 1837 1838 1838 1838 1766 1766 1766 1838 1838 1838 1764 1764 1764 1764 1764 1764 1838 1838 1838 1839 1839 1839 1764 1764 1764 1839 1839 1839 1762 1762 1762 1762 1762 1762 1839 1839 1839 1840 1840 1840 1762 1762 1762 1840 1840 1840 1760 1760 1760 1760 1760 1760 1840 1840 1840 1841 1841 1841 1760 1760 1760 1841 1841 1841 1758 1758 1758 1758 1758 1758 1841 1841 1841 1842 1842 1842 1758 1758 1758 1842 1842 1842 1756 1756 1756 1756 1756 1756 1842 1842 1842 1843 1843 1843 1756 1756 1756 1843 1843 1843 1754 1754 1754 1754 1754 1754 1843 1843 1843 1753 1753 1753 1846 1846 1846 1845 1845 1845 1844 1844 1844 1846 1846 1846 1847 1847 1847 1845 1845 1845 1847 1847 1847 1848 1848 1848 1845 1845 1845 1847 1847 1847 1849 1849 1849 1848 1848 1848 1847 1847 1847 1850 1850 1850 1849 1849 1849 1847 1847 1847 1851 1851 1851 1850 1850 1850 1846 1846 1846 1851 1851 1851 1847 1847 1847 1850 1850 1850 1851 1851 1851 1852 1852 1852 1853 1853 1853 1852 1852 1852 1851 1851 1851 1853 1853 1853 1851 1851 1851 1854 1854 1854 1846 1846 1846 1854 1854 1854 1851 1851 1851 1850 1850 1850 1852 1852 1852 1855 1855 1855 1856 1856 1856 1845 1845 1845 1848 1848 1848 1856 1856 1856 1848 1848 1848 1857 1857 1857 1858 1858 1858 1857 1857 1857 1848 1848 1848 1859 1859 1859 1857 1857 1857 1858 1858 1858 1857 1857 1857 1859 1859 1859 1860 1860 1860 1859 1859 1859 1861 1861 1861 1860 1860 1860 1859 1859 1859 1632 1632 1632 1861 1861 1861 1861 1861 1861 1632 1632 1632 1630 1630 1630 1861 1861 1861 1630 1630 1630 1627 1627 1627 1861 1861 1861 1627 1627 1627 1626 1626 1626 1862 1862 1862 1861 1861 1861 1626 1626 1626 1863 1863 1863 1862 1862 1862 1626 1626 1626 1863 1863 1863 1626 1626 1626 1623 1623 1623 1864 1864 1864 1863 1863 1863 1623 1623 1623 1864 1864 1864 1623 1623 1623 1622 1622 1622 1865 1865 1865 1864 1864 1864 1622 1622 1622 1865 1865 1865 1622 1622 1622 1618 1618 1618 1866 1866 1866 1865 1865 1865 1618 1618 1618 1866 1866 1866 1618 1618 1618 1619 1619 1619 1867 1867 1867 1865 1865 1865 1866 1866 1866 1867 1867 1867 1868 1868 1868 1865 1865 1865 1868 1868 1868 1864 1864 1864 1865 1865 1865 1869 1869 1869 1868 1868 1868 1867 1867 1867 1869 1869 1869 1870 1870 1870 1868 1868 1868 1870 1870 1870 1871 1871 1871 1868 1868 1868 1868 1868 1868 1871 1871 1871 1864 1864 1864 1871 1871 1871 1863 1863 1863 1864 1864 1864 1870 1870 1870 1872 1872 1872 1871 1871 1871 1872 1872 1872 1873 1873 1873 1871 1871 1871 1871 1871 1871 1873 1873 1873 1863 1863 1863 1873 1873 1873 1862 1862 1862 1863 1863 1863 1872 1872 1872 1874 1874 1874 1873 1873 1873 1874 1874 1874 1875 1875 1875 1873 1873 1873 1874 1874 1874 1876 1876 1876 1875 1875 1875 1873 1873 1873 1875 1875 1875 1862 1862 1862 1876 1876 1876 1877 1877 1877 1875 1875 1875 1876 1876 1876 1878 1878 1878 1877 1877 1877 1875 1875 1875 1879 1879 1879 1862 1862 1862 1875 1875 1875 1877 1877 1877 1879 1879 1879 1862 1862 1862 1879 1879 1879 1861 1861 1861 1878 1878 1878 1880 1880 1880 1877 1877 1877 1878 1878 1878 1881 1881 1881 1880 1880 1880 1879 1879 1879 1860 1860 1860 1861 1861 1861 1879 1879 1879 1882 1882 1882 1860 1860 1860 1877 1877 1877 1882 1882 1882 1879 1879 1879 1877 1877 1877 1880 1880 1880 1882 1882 1882 1881 1881 1881 1883 1883 1883 1880 1880 1880 1881 1881 1881 1884 1884 1884 1883 1883 1883 1882 1882 1882 1857 1857 1857 1860 1860 1860 1882 1882 1882 1885 1885 1885 1857 1857 1857 1880 1880 1880 1885 1885 1885 1882 1882 1882 1880 1880 1880 1883 1883 1883 1885 1885 1885 1884 1884 1884 1886 1886 1886 1883 1883 1883 1884 1884 1884 1887 1887 1887 1886 1886 1886 1885 1885 1885 1856 1856 1856 1857 1857 1857 1885 1885 1885 1888 1888 1888 1856 1856 1856 1883 1883 1883 1888 1888 1888 1885 1885 1885 1883 1883 1883 1886 1886 1886 1888 1888 1888 1887 1887 1887 1889 1889 1889 1886 1886 1886 1887 1887 1887 1890 1890 1890 1889 1889 1889 1888 1888 1888 1891 1891 1891 1856 1856 1856 1891 1891 1891 1845 1845 1845 1856 1856 1856 1891 1891 1891 1844 1844 1844 1845 1845 1845 1888 1888 1888 1892 1892 1892 1891 1891 1891 1886 1886 1886 1892 1892 1892 1888 1888 1888 1886 1886 1886 1889 1889 1889 1892 1892 1892 1895 1895 1895 1894 1894 1894 1893 1893 1893 1895 1895 1895 1896 1896 1896 1894 1894 1894 1896 1896 1896 1897 1897 1897 1894 1894 1894 1896 1896 1896 1898 1898 1898 1897 1897 1897 1898 1898 1898 1899 1899 1899 1897 1897 1897 1898 1898 1898 1900 1900 1900 1899 1899 1899 1900 1900 1900 1901 1901 1901 1899 1899 1899 1900 1900 1900 1902 1902 1902 1901 1901 1901 1895 1895 1895 1411 1411 1411 1896 1896 1896 1895 1895 1895 1409 1409 1409 1411 1411 1411 1896 1896 1896 1413 1413 1413 1898 1898 1898 1896 1896 1896 1411 1411 1411 1413 1413 1413 1898 1898 1898 1415 1415 1415 1900 1900 1900 1898 1898 1898 1413 1413 1413 1415 1415 1415 1900 1900 1900 1417 1417 1417 1902 1902 1902 1900 1900 1900 1415 1415 1415 1417 1417 1417 1903 1903 1903 1409 1409 1409 1895 1895 1895 1904 1904 1904 1409 1409 1409 1903 1903 1903 1407 1407 1407 1409 1409 1409 1904 1904 1904 1899 1899 1899 1905 1905 1905 1897 1897 1897 1897 1897 1897 1905 1905 1905 1906 1906 1906 1907 1907 1907 1906 1906 1906 1905 1905 1905 1908 1908 1908 1907 1907 1907 1905 1905 1905 1908 1908 1908 1905 1905 1905 1909 1909 1909 1910 1910 1910 1908 1908 1908 1909 1909 1909 1910 1910 1910 1909 1909 1909 1911 1911 1911 1907 1907 1907 1912 1912 1912 1906 1906 1906 1912 1912 1912 1913 1913 1913 1906 1906 1906 1912 1912 1912 1914 1914 1914 1913 1913 1913 1894 1894 1894 1906 1906 1906 1913 1913 1913 1894 1894 1894 1913 1913 1913 1893 1893 1893 1897 1897 1897 1906 1906 1906 1894 1894 1894 1899 1899 1899 1909 1909 1909 1905 1905 1905 1901 1901 1901 1909 1909 1909 1899 1899 1899 1901 1901 1901 1911 1911 1911 1909 1909 1909 1910 1910 1910 1911 1911 1911 1915 1915 1915 1910 1910 1910 1915 1915 1915 1916 1916 1916 1917 1917 1917 1916 1916 1916 1915 1915 1915 1917 1917 1917 1918 1918 1918 1916 1916 1916 1919 1919 1919 1918 1918 1918 1917 1917 1917 1919 1919 1919 1917 1917 1917 1920 1920 1920 1921 1921 1921 1919 1919 1919 1920 1920 1920 1921 1921 1921 1920 1920 1920 1922 1922 1922 1922 1922 1922 1923 1923 1923 1921 1921 1921 1922 1922 1922 1924 1924 1924 1923 1923 1923 1925 1925 1925 1924 1924 1924 1922 1922 1922 1926 1926 1926 1924 1924 1924 1925 1925 1925 1926 1926 1926 1927 1927 1927 1924 1924 1924 1927 1927 1927 1923 1923 1923 1924 1924 1924 1928 1928 1928 1927 1927 1927 1926 1926 1926 1928 1928 1928 1929 1929 1929 1927 1927 1927 1930 1930 1930 1929 1929 1929 1928 1928 1928 1930 1930 1930 1931 1931 1931 1929 1929 1929 1925 1925 1925 1922 1922 1922 1932 1932 1932 1925 1925 1925 1932 1932 1932 1556 1556 1556 1925 1925 1925 1556 1556 1556 1554 1554 1554 1554 1554 1554 1926 1926 1926 1925 1925 1925 1574 1574 1574 1931 1931 1931 1930 1930 1930 1931 1931 1931 1574 1574 1574 1577 1577 1577 1931 1931 1931 1577 1577 1577 1933 1933 1933 1933 1933 1933 1929 1929 1929 1931 1931 1931 1574 1574 1574 1930 1930 1930 1573 1573 1573 1930 1930 1930 1563 1563 1563 1573 1573 1573 1930 1930 1930 1562 1562 1562 1563 1563 1563 1928 1928 1928 1562 1562 1562 1930 1930 1930 1554 1554 1554 1934 1934 1934 1926 1926 1926 1928 1928 1928 1935 1935 1935 1562 1562 1562 1926 1926 1926 1935 1935 1935 1928 1928 1928 1926 1926 1926 1934 1934 1934 1935 1935 1935 1933 1933 1933 1936 1936 1936 1929 1929 1929 1929 1929 1929 1936 1936 1936 1937 1937 1937 1929 1929 1929 1937 1937 1937 1927 1927 1927 1927 1927 1927 1937 1937 1937 1923 1923 1923 1938 1938 1938 1562 1562 1562 1935 1935 1935 1938 1938 1938 1559 1559 1559 1562 1562 1562 1939 1939 1939 1559 1559 1559 1938 1938 1938 1939 1939 1939 1935 1935 1935 1934 1934 1934 1939 1939 1939 1938 1938 1938 1935 1935 1935 1939 1939 1939 1553 1553 1553 1559 1559 1559 1939 1939 1939 1554 1554 1554 1553 1553 1553 1939 1939 1939 1934 1934 1934 1554 1554 1554 1942 1942 1942 1941 1941 1941 1940 1940 1940 1942 1942 1942 1943 1943 1943 1941 1941 1941 1943 1943 1943 1944 1944 1944 1941 1941 1941 1943 1943 1943 1945 1945 1945 1944 1944 1944 1945 1945 1945 1946 1946 1946 1944 1944 1944 1945 1945 1945 1947 1947 1947 1946 1946 1946 1947 1947 1947 1948 1948 1948 1946 1946 1946 1947 1947 1947 1949 1949 1949 1948 1948 1948 1942 1942 1942 1431 1431 1431 1943 1943 1943 1942 1942 1942 1429 1429 1429 1431 1431 1431 1950 1950 1950 1429 1429 1429 1942 1942 1942 1951 1951 1951 1429 1429 1429 1950 1950 1950 1427 1427 1427 1429 1429 1429 1951 1951 1951 1943 1943 1943 1433 1433 1433 1945 1945 1945 1943 1943 1943 1431 1431 1431 1433 1433 1433 1945 1945 1945 1435 1435 1435 1947 1947 1947 1945 1945 1945 1433 1433 1433 1435 1435 1435 1947 1947 1947 1437 1437 1437 1949 1949 1949 1947 1947 1947 1435 1435 1435 1437 1437 1437 1946 1946 1946 1952 1952 1952 1944 1944 1944 1944 1944 1944 1952 1952 1952 1953 1953 1953 1954 1954 1954 1953 1953 1953 1952 1952 1952 1955 1955 1955 1954 1954 1954 1952 1952 1952 1955 1955 1955 1952 1952 1952 1956 1956 1956 1957 1957 1957 1955 1955 1955 1956 1956 1956 1957 1957 1957 1956 1956 1956 1958 1958 1958 1954 1954 1954 1959 1959 1959 1953 1953 1953 1959 1959 1959 1960 1960 1960 1953 1953 1953 1959 1959 1959 1961 1961 1961 1960 1960 1960 1941 1941 1941 1953 1953 1953 1960 1960 1960 1941 1941 1941 1960 1960 1960 1940 1940 1940 1944 1944 1944 1953 1953 1953 1941 1941 1941 1946 1946 1946 1956 1956 1956 1952 1952 1952 1948 1948 1948 1956 1956 1956 1946 1946 1946 1948 1948 1948 1958 1958 1958 1956 1956 1956 1957 1957 1957 1958 1958 1958 1962 1962 1962 1957 1957 1957 1962 1962 1962 1963 1963 1963 1964 1964 1964 1963 1963 1963 1962 1962 1962 1964 1964 1964 1965 1965 1965 1963 1963 1963 1966 1966 1966 1965 1965 1965 1964 1964 1964 1966 1966 1966 1964 1964 1964 1967 1967 1967 1968 1968 1968 1966 1966 1966 1967 1967 1967 1968 1968 1968 1967 1967 1967 1969 1969 1969 1969 1969 1969 1970 1970 1970 1968 1968 1968 1969 1969 1969 1971 1971 1971 1970 1970 1970 1971 1971 1971 1969 1969 1969 1972 1972 1972 1971 1971 1971 1972 1972 1972 1973 1973 1973 1974 1974 1974 1971 1971 1971 1973 1973 1973 1974 1974 1974 1975 1975 1975 1971 1971 1971 1975 1975 1975 1970 1970 1970 1971 1971 1971 1976 1976 1976 1975 1975 1975 1974 1974 1974 1976 1976 1976 1977 1977 1977 1975 1975 1975 1978 1978 1978 1977 1977 1977 1976 1976 1976 1978 1978 1978 1979 1979 1979 1977 1977 1977 1973 1973 1973 1972 1972 1972 1461 1461 1461 1973 1973 1973 1461 1461 1461 1458 1458 1458 1458 1458 1458 1974 1974 1974 1973 1973 1973 1529 1529 1529 1979 1979 1979 1978 1978 1978 1979 1979 1979 1529 1529 1529 1532 1532 1532 1979 1979 1979 1532 1532 1532 1980 1980 1980 1980 1980 1980 1977 1977 1977 1979 1979 1979 1529 1529 1529 1978 1978 1978 1528 1528 1528 1978 1978 1978 1518 1518 1518 1528 1528 1528 1978 1978 1978 1517 1517 1517 1518 1518 1518 1976 1976 1976 1517 1517 1517 1978 1978 1978 1458 1458 1458 1981 1981 1981 1974 1974 1974 1976 1976 1976 1982 1982 1982 1517 1517 1517 1974 1974 1974 1982 1982 1982 1976 1976 1976 1974 1974 1974 1981 1981 1981 1982 1982 1982 1980 1980 1980 1983 1983 1983 1977 1977 1977 1977 1977 1977 1984 1984 1984 1975 1975 1975 1977 1977 1977 1983 1983 1983 1984 1984 1984 1985 1985 1985 1517 1517 1517 1982 1982 1982 1985 1985 1985 1982 1982 1982 1981 1981 1981 1985 1985 1985 1472 1472 1472 1517 1517 1517 1985 1985 1985 1459 1459 1459 1472 1472 1472 1985 1985 1985 1986 1986 1986 1459 1459 1459 1986 1986 1986 1458 1458 1458 1459 1459 1459 1986 1986 1986 1981 1981 1981 1458 1458 1458 1985 1985 1985 1981 1981 1981 1986 1986 1986 1975 1975 1975 1984 1984 1984 1970 1970 1970 1989 1989 1989 1988 1988 1988 1987 1987 1987 1989 1989 1989 1990 1990 1990 1988 1988 1988 1990 1990 1990 1991 1991 1991 1988 1988 1988 1990 1990 1990 1992 1992 1992 1991 1991 1991 1989 1989 1989 1451 1451 1451 1990 1990 1990 1989 1989 1989 1449 1449 1449 1451 1451 1451 1993 1993 1993 1449 1449 1449 1989 1989 1989 1994 1994 1994 1449 1449 1449 1993 1993 1993 1447 1447 1447 1449 1449 1449 1994 1994 1994 1990 1990 1990 1453 1453 1453 1992 1992 1992 1990 1990 1990 1451 1451 1451 1453 1453 1453 1988 1988 1988 1995 1995 1995 1987 1987 1987 1988 1988 1988 1996 1996 1996 1995 1995 1995 1997 1997 1997 1988 1988 1988 1991 1991 1991 1997 1997 1997 1996 1996 1996 1988 1988 1988 1997 1997 1997 1998 1998 1998 1996 1996 1996 1997 1997 1997 1999 1999 1999 1998 1998 1998 1996 1996 1996 2000 2000 2000 1995 1995 1995 1996 1996 1996 1998 1998 1998 2000 2000 2000 1445 1445 1445 1447 1447 1447 1994 1994 1994 1445 1445 1445 1994 1994 1994 2001 2001 2001 1445 1445 1445 2001 2001 2001 1464 1464 1464 2001 2001 2001 2002 2002 2002 1464 1464 1464 1464 1464 1464 2002 2002 2002 1468 1468 1468 2003 2003 2003 2002 2002 2002 2001 2001 2001 2002 2002 2002 2003 2003 2003 2004 2004 2004 2003 2003 2003 2005 2005 2005 2004 2004 2004 2003 2003 2003 2006 2006 2006 2005 2005 2005 2005 2005 2005 2006 2006 2006 2007 2007 2007 2005 2005 2005 2007 2007 2007 2008 2008 2008 2008 2008 2008 2007 2007 2007 1993 1993 1993 2008 2008 2008 1993 1993 1993 2009 2009 2009 2002 2002 2002 2004 2004 2004 2010 2010 2010 2011 2011 2011 2010 2010 2010 2004 2004 2004 2005 2005 2005 2011 2011 2011 2004 2004 2004 2011 2011 2011 2012 2012 2012 2010 2010 2010 2012 2012 2012 2013 2013 2013 2010 2010 2010 2013 2013 2013 2002 2002 2002 2010 2010 2010 2012 2012 2012 2014 2014 2014 2013 2013 2013 2014 2014 2014 2015 2015 2015 2013 2013 2013 2014 2014 2014 2016 2016 2016 2015 2015 2015 2016 2016 2016 2017 2017 2017 2015 2015 2015 2016 2016 2016 2018 2018 2018 2017 2017 2017 1989 1989 1989 2009 2009 2009 1993 1993 1993 1989 1989 1989 1987 1987 1987 2009 2009 2009 2019 2019 2019 2012 2012 2012 2011 2011 2011 2020 2020 2020 2019 2019 2019 2011 2011 2011 2020 2020 2020 2021 2021 2021 2019 2019 2019 2022 2022 2022 2021 2021 2021 2020 2020 2020 2022 2022 2022 2023 2023 2023 2021 2021 2021 2024 2024 2024 2023 2023 2023 2022 2022 2022 2024 2024 2024 2022 2022 2022 2025 2025 2025 2019 2019 2019 2026 2026 2026 2012 2012 2012 2017 2017 2017 2018 2018 2018 1487 1487 1487 2018 2018 2018 1486 1486 1486 1487 1487 1487 2018 2018 2018 2027 2027 2027 1486 1486 1486 2016 2016 2016 2027 2027 2027 2018 2018 2018 2017 2017 2017 1487 1487 1487 1478 1478 1478 2017 2017 2017 1478 1478 1478 1476 1476 1476 2017 2017 2017 1476 1476 1476 1475 1475 1475 2000 2000 2000 2024 2024 2024 2025 2025 2025 2000 2000 2000 2025 2025 2025 1995 1995 1995 1995 1995 1995 2025 2025 2025 2009 2009 2009 2009 2009 2009 2025 2025 2025 2022 2022 2022 1995 1995 1995 2009 2009 2009 1987 1987 1987 1475 1475 1475 2015 2015 2015 2017 2017 2017 1475 1475 1475 2028 2028 2028 2015 2015 2015 2028 2028 2028 2013 2013 2013 2015 2015 2015 2028 2028 2028 2029 2029 2029 2013 2013 2013 2013 2013 2013 2029 2029 2029 2002 2002 2002 2030 2030 2030 2002 2002 2002 2029 2029 2029 2030 2030 2030 1468 1468 1468 2002 2002 2002 2031 2031 2031 1468 1468 1468 2030 2030 2030 2031 2031 2031 2028 2028 2028 1475 1475 1475 2031 2031 2031 2029 2029 2029 2028 2028 2028 2031 2031 2031 2030 2030 2030 2029 2029 2029 2031 2031 2031 1469 1469 1469 1468 1468 1468 2031 2031 2031 1475 1475 1475 1469 1469 1469 2009 2009 2009 2022 2022 2022 2008 2008 2008 2008 2008 2008 2022 2022 2022 2020 2020 2020 2008 2008 2008 2020 2020 2020 2005 2005 2005 2005 2005 2005 2020 2020 2020 2011 2011 2011 1391 1391 1391 1405 1405 1405 1389 1389 1389 1405 1405 1405 2032 2032 2032 1389 1389 1389 1405 1405 1405 1904 1904 1904 2032 2032 2032 1405 1405 1405 1407 1407 1407 1904 1904 1904 2032 2032 2032 2033 2033 2033 1389 1389 1389 1389 1389 1389 2033 2033 2033 1590 1590 1590 1389 1389 1389 1590 1590 1590 1388 1388 1388 2034 2034 2034 2033 2033 2033 2032 2032 2032 2033 2033 2033 2034 2034 2034 2035 2035 2035 2034 2034 2034 2036 2036 2036 2035 2035 2035 2034 2034 2034 2037 2037 2037 2036 2036 2036 2036 2036 2036 2037 2037 2037 2038 2038 2038 2036 2036 2036 2038 2038 2038 2039 2039 2039 2039 2039 2039 2038 2038 2038 1903 1903 1903 2039 2039 2039 1903 1903 1903 2040 2040 2040 2033 2033 2033 2035 2035 2035 2041 2041 2041 2035 2035 2035 2042 2042 2042 2041 2041 2041 2035 2035 2035 2043 2043 2043 2042 2042 2042 2036 2036 2036 2043 2043 2043 2035 2035 2035 1895 1895 1895 2040 2040 2040 1903 1903 1903 1895 1895 1895 1893 1893 1893 2040 2040 2040 2044 2044 2044 2042 2042 2042 2043 2043 2043 2044 2044 2044 2045 2045 2045 2042 2042 2042 2045 2045 2045 2046 2046 2046 2042 2042 2042 2045 2045 2045 2047 2047 2047 2046 2046 2046 2047 2047 2047 2048 2048 2048 2046 2046 2046 2047 2047 2047 2049 2049 2049 2048 2048 2048 2048 2048 2048 2049 2049 2049 2050 2050 2050 2048 2048 2048 2050 2050 2050 2051 2051 2051 2051 2051 2051 2050 2050 2050 1582 1582 1582 2051 2051 2051 1582 1582 1582 1583 1583 1583 1913 1913 1913 2040 2040 2040 1893 1893 1893 2052 2052 2052 2051 2051 2051 1583 1583 1583 2048 2048 2048 2051 2051 2051 2052 2052 2052 2052 2052 2052 1583 1583 1583 1571 1571 1571 2052 2052 2052 1571 1571 1571 1572 1572 1572 2052 2052 2052 1572 1572 1572 1586 1586 1586 1586 1586 1586 2053 2053 2053 2052 2052 2052 2048 2048 2048 2052 2052 2052 2053 2053 2053 2046 2046 2046 2048 2048 2048 2053 2053 2053 1586 1586 1586 2054 2054 2054 2053 2053 2053 2054 2054 2054 2055 2055 2055 2053 2053 2053 2046 2046 2046 2053 2053 2053 2055 2055 2055 2054 2054 2054 2056 2056 2056 2055 2055 2055 2055 2055 2055 2056 2056 2056 2033 2033 2033 2055 2055 2055 2033 2033 2033 2041 2041 2041 2042 2042 2042 2055 2055 2055 2041 2041 2041 2042 2042 2042 2046 2046 2046 2055 2055 2055 2057 2057 2057 2033 2033 2033 2056 2056 2056 2057 2057 2057 1590 1590 1590 2033 2033 2033 2058 2058 2058 1590 1590 1590 2057 2057 2057 2058 2058 2058 2054 2054 2054 1586 1586 1586 2058 2058 2058 2056 2056 2056 2054 2054 2054 2058 2058 2058 2057 2057 2057 2056 2056 2056 2058 2058 2058 1587 1587 1587 1590 1590 1590 2058 2058 2058 1586 1586 1586 1587 1587 1587 1665 1665 1665 2059 2059 2059 1666 1666 1666 1665 1665 1665 2060 2060 2060 2059 2059 2059 1667 1667 1667 2060 2060 2060 1665 1665 1665 1667 1667 1667 2061 2061 2061 2060 2060 2060 2061 2061 2061 2062 2062 2062 2060 2060 2060 2062 2062 2062 2059 2059 2059 2060 2060 2060 2061 2061 2061 2063 2063 2063 2062 2062 2062 2062 2062 2062 2064 2064 2064 2059 2059 2059 2065 2065 2065 2061 2061 2061 1667 1667 1667 2065 2065 2065 2063 2063 2063 2061 2061 2061 2065 2065 2065 1667 1667 1667 2066 2066 2066 2067 2067 2067 2065 2065 2065 2066 2066 2066 2067 2067 2067 2066 2066 2066 2068 2068 2068 2069 2069 2069 2067 2067 2067 2068 2068 2068 2069 2069 2069 2068 2068 2068 2070 2070 2070 2071 2071 2071 2069 2069 2069 2070 2070 2070 2071 2071 2071 2070 2070 2070 2072 2072 2072 2073 2073 2073 2071 2071 2071 2072 2072 2072 2073 2073 2073 2074 2074 2074 2071 2071 2071 2075 2075 2075 2074 2074 2074 2073 2073 2073 2075 2075 2075 2076 2076 2076 2074 2074 2074 2077 2077 2077 2076 2076 2076 2075 2075 2075 2077 2077 2077 2078 2078 2078 2076 2076 2076 2079 2079 2079 2078 2078 2078 2077 2077 2077 2079 2079 2079 2080 2080 2080 2078 2078 2078 2073 2073 2073 2072 2072 2072 1635 1635 1635 2070 2070 2070 1635 1635 1635 2072 2072 2072 2073 2073 2073 1635 1635 1635 1633 1633 1633 1633 1633 1633 2075 2075 2075 2073 2073 2073 2071 2071 2071 2074 2074 2074 2081 2081 2081 2076 2076 2076 2081 2081 2081 2074 2074 2074 2071 2071 2071 2081 2081 2081 2082 2082 2082 2082 2082 2082 2069 2069 2069 2071 2071 2071 1849 1849 1849 2080 2080 2080 2079 2079 2079 2079 2079 2079 1848 1848 1848 1849 1849 1849 2079 2079 2079 1858 1858 1858 1848 1848 1848 2077 2077 2077 1858 1858 1858 2079 2079 2079 1849 1849 1849 1850 1850 1850 2080 2080 2080 2080 2080 2080 1850 1850 1850 1855 1855 1855 2080 2080 2080 1855 1855 1855 2083 2083 2083 2083 2083 2083 2078 2078 2078 2080 2080 2080 1633 1633 1633 2084 2084 2084 2075 2075 2075 2077 2077 2077 2085 2085 2085 1858 1858 1858 2075 2075 2075 2085 2085 2085 2077 2077 2077 2075 2075 2075 2084 2084 2084 2085 2085 2085 2083 2083 2083 2086 2086 2086 2078 2078 2078 2087 2087 2087 1858 1858 1858 2085 2085 2085 2087 2087 2087 1859 1859 1859 1858 1858 1858 2088 2088 2088 1859 1859 1859 2087 2087 2087 2088 2088 2088 2084 2084 2084 1633 1633 1633 2088 2088 2088 2085 2085 2085 2084 2084 2084 2088 2088 2088 2087 2087 2087 2085 2085 2085 2088 2088 2088 1632 1632 1632 1859 1859 1859 2088 2088 2088 1633 1633 1633 1632 1632 1632 2078 2078 2078 2086 2086 2086 2089 2089 2089 2078 2078 2078 2089 2089 2089 2076 2076 2076 2076 2076 2076 2089 2089 2089 2081 2081 2081 2092 2092 2092 2091 2091 2091 2090 2090 2090 2092 2092 2092 2093 2093 2093 2091 2091 2091 2090 2090 2090 2091 2091 2091 2094 2094 2094 2090 2090 2090 2094 2094 2094 2095 2095 2095 2095 2095 2095 2094 2094 2094 2096 2096 2096 2095 2095 2095 2096 2096 2096 2097 2097 2097 2097 2097 2097 2096 2096 2096 2098 2098 2098 2097 2097 2097 2098 2098 2098 2099 2099 2099 2099 2099 2099 2098 2098 2098 2100 2100 2100 2099 2099 2099 2100 2100 2100 2101 2101 2101 2101 2101 2101 2100 2100 2100 2102 2102 2102 2101 2101 2101 2102 2102 2102 2103 2103 2103 2103 2103 2103 2102 2102 2102 2104 2104 2104 2103 2103 2103 2104 2104 2104 2105 2105 2105 2105 2105 2105 2104 2104 2104 2106 2106 2106 2105 2105 2105 2106 2106 2106 2107 2107 2107 2107 2107 2107 2106 2106 2106 2108 2108 2108 2107 2107 2107 2108 2108 2108 2109 2109 2109 2109 2109 2109 2108 2108 2108 2110 2110 2110 2109 2109 2109 2110 2110 2110 2111 2111 2111 2111 2111 2111 2110 2110 2110 2112 2112 2112 2111 2111 2111 2112 2112 2112 2113 2113 2113 2113 2113 2113 2112 2112 2112 2114 2114 2114 2113 2113 2113 2114 2114 2114 2115 2115 2115 2115 2115 2115 2114 2114 2114 2116 2116 2116 2115 2115 2115 2116 2116 2116 2117 2117 2117 2117 2117 2117 2116 2116 2116 2118 2118 2118 2117 2117 2117 2118 2118 2118 2119 2119 2119 2119 2119 2119 2118 2118 2118 2120 2120 2120 2119 2119 2119 2120 2120 2120 2121 2121 2121 2121 2121 2121 2120 2120 2120 2122 2122 2122 2121 2121 2121 2122 2122 2122 2123 2123 2123 2123 2123 2123 2122 2122 2122 2124 2124 2124 2123 2123 2123 2124 2124 2124 2125 2125 2125 2125 2125 2125 2124 2124 2124 2126 2126 2126 2125 2125 2125 2126 2126 2126 2127 2127 2127 2127 2127 2127 2126 2126 2126 2128 2128 2128 2127 2127 2127 2128 2128 2128 2129 2129 2129 2129 2129 2129 2128 2128 2128 2130 2130 2130 2129 2129 2129 2130 2130 2130 2131 2131 2131 2131 2131 2131 2130 2130 2130 2132 2132 2132 2131 2131 2131 2132 2132 2132 2133 2133 2133 2133 2133 2133 2132 2132 2132 2134 2134 2134 2133 2133 2133 2134 2134 2134 2135 2135 2135 2135 2135 2135 2134 2134 2134 2136 2136 2136 2135 2135 2135 2136 2136 2136 2137 2137 2137 2137 2137 2137 2136 2136 2136 2138 2138 2138 2137 2137 2137 2138 2138 2138 2139 2139 2139 2139 2139 2139 2138 2138 2138 2140 2140 2140 2139 2139 2139 2140 2140 2140 2141 2141 2141 2141 2141 2141 2140 2140 2140 2142 2142 2142 2141 2141 2141 2142 2142 2142 2143 2143 2143 2143 2143 2143 2142 2142 2142 2144 2144 2144 2143 2143 2143 2144 2144 2144 2145 2145 2145 2145 2145 2145 2144 2144 2144 2146 2146 2146 2145 2145 2145 2146 2146 2146 2147 2147 2147 2147 2147 2147 2146 2146 2146 2148 2148 2148 2147 2147 2147 2148 2148 2148 2149 2149 2149 2149 2149 2149 2148 2148 2148 2150 2150 2150 2149 2149 2149 2150 2150 2150 2151 2151 2151 2151 2151 2151 2150 2150 2150 2152 2152 2152 2151 2151 2151 2152 2152 2152 2153 2153 2153 2153 2153 2153 2152 2152 2152 2154 2154 2154 2153 2153 2153 2154 2154 2154 2155 2155 2155 2155 2155 2155 2154 2154 2154 2156 2156 2156 2155 2155 2155 2156 2156 2156 2157 2157 2157 2157 2157 2157 2156 2156 2156 2158 2158 2158 2157 2157 2157 2158 2158 2158 2159 2159 2159 2159 2159 2159 2158 2158 2158 2160 2160 2160 2159 2159 2159 2160 2160 2160 2161 2161 2161 2161 2161 2161 2160 2160 2160 2162 2162 2162 2161 2161 2161 2162 2162 2162 2163 2163 2163 2163 2163 2163 2162 2162 2162 2164 2164 2164 2163 2163 2163 2164 2164 2164 2165 2165 2165 2165 2165 2165 2164 2164 2164 2166 2166 2166 2165 2165 2165 2166 2166 2166 2167 2167 2167 2167 2167 2167 2166 2166 2166 2168 2168 2168 2167 2167 2167 2168 2168 2168 2169 2169 2169 2169 2169 2169 2168 2168 2168 2093 2093 2093 2169 2169 2169 2093 2093 2093 2092 2092 2092 2156 2156 2156 2170 2170 2170 2158 2158 2158 2156 2156 2156 2171 2171 2171 2170 2170 2170 2154 2154 2154 2171 2171 2171 2156 2156 2156 2154 2154 2154 2172 2172 2172 2171 2171 2171 2152 2152 2152 2172 2172 2172 2154 2154 2154 2152 2152 2152 2173 2173 2173 2172 2172 2172 2150 2150 2150 2173 2173 2173 2152 2152 2152 2150 2150 2150 2174 2174 2174 2173 2173 2173 2148 2148 2148 2174 2174 2174 2150 2150 2150 2148 2148 2148 2175 2175 2175 2174 2174 2174 2146 2146 2146 2175 2175 2175 2148 2148 2148 2146 2146 2146 2176 2176 2176 2175 2175 2175 2144 2144 2144 2176 2176 2176 2146 2146 2146 2144 2144 2144 2177 2177 2177 2176 2176 2176 2142 2142 2142 2177 2177 2177 2144 2144 2144 2142 2142 2142 2178 2178 2178 2177 2177 2177 2140 2140 2140 2178 2178 2178 2142 2142 2142 2140 2140 2140 2179 2179 2179 2178 2178 2178 2138 2138 2138 2179 2179 2179 2140 2140 2140 2138 2138 2138 2180 2180 2180 2179 2179 2179 2136 2136 2136 2180 2180 2180 2138 2138 2138 2136 2136 2136 2181 2181 2181 2180 2180 2180 2134 2134 2134 2181 2181 2181 2136 2136 2136 2134 2134 2134 2182 2182 2182 2181 2181 2181 2132 2132 2132 2182 2182 2182 2134 2134 2134 2132 2132 2132 2183 2183 2183 2182 2182 2182 2130 2130 2130 2183 2183 2183 2132 2132 2132 2130 2130 2130 2184 2184 2184 2183 2183 2183 2128 2128 2128 2184 2184 2184 2130 2130 2130 2128 2128 2128 2185 2185 2185 2184 2184 2184 2126 2126 2126 2185 2185 2185 2128 2128 2128 2126 2126 2126 2186 2186 2186 2185 2185 2185 2124 2124 2124 2186 2186 2186 2126 2126 2126 2124 2124 2124 2187 2187 2187 2186 2186 2186 2122 2122 2122 2187 2187 2187 2124 2124 2124 2122 2122 2122 2188 2188 2188 2187 2187 2187 2120 2120 2120 2188 2188 2188 2122 2122 2122 2120 2120 2120 2189 2189 2189 2188 2188 2188 2118 2118 2118 2189 2189 2189 2120 2120 2120 2118 2118 2118 2190 2190 2190 2189 2189 2189 2116 2116 2116 2190 2190 2190 2118 2118 2118 2116 2116 2116 2191 2191 2191 2190 2190 2190 2114 2114 2114 2191 2191 2191 2116 2116 2116 2114 2114 2114 2192 2192 2192 2191 2191 2191 2112 2112 2112 2192 2192 2192 2114 2114 2114 2112 2112 2112 2193 2193 2193 2192 2192 2192 2110 2110 2110 2193 2193 2193 2112 2112 2112 2110 2110 2110 2194 2194 2194 2193 2193 2193 2108 2108 2108 2194 2194 2194 2110 2110 2110 2108 2108 2108 2195 2195 2195 2194 2194 2194 2106 2106 2106 2195 2195 2195 2108 2108 2108 2106 2106 2106 2196 2196 2196 2195 2195 2195 2104 2104 2104 2196 2196 2196 2106 2106 2106 2104 2104 2104 2197 2197 2197 2196 2196 2196 2102 2102 2102 2197 2197 2197 2104 2104 2104 2102 2102 2102 2198 2198 2198 2197 2197 2197 2100 2100 2100 2198 2198 2198 2102 2102 2102 2100 2100 2100 2199 2199 2199 2198 2198 2198 2098 2098 2098 2199 2199 2199 2100 2100 2100 2098 2098 2098 2200 2200 2200 2199 2199 2199 2096 2096 2096 2200 2200 2200 2098 2098 2098 2096 2096 2096 2201 2201 2201 2200 2200 2200 2094 2094 2094 2201 2201 2201 2096 2096 2096 2094 2094 2094 2202 2202 2202 2201 2201 2201 2091 2091 2091 2202 2202 2202 2094 2094 2094 2091 2091 2091 2203 2203 2203 2202 2202 2202 2093 2093 2093 2203 2203 2203 2091 2091 2091 2093 2093 2093 2204 2204 2204 2203 2203 2203 2168 2168 2168 2204 2204 2204 2093 2093 2093 2168 2168 2168 2205 2205 2205 2204 2204 2204 2166 2166 2166 2205 2205 2205 2168 2168 2168 2166 2166 2166 2206 2206 2206 2205 2205 2205 2164 2164 2164 2206 2206 2206 2166 2166 2166 2164 2164 2164 2207 2207 2207 2206 2206 2206 2162 2162 2162 2207 2207 2207 2164 2164 2164 2162 2162 2162 2208 2208 2208 2207 2207 2207 2160 2160 2160 2208 2208 2208 2162 2162 2162 2160 2160 2160 2209 2209 2209 2208 2208 2208 2158 2158 2158 2209 2209 2209 2160 2160 2160 2158 2158 2158 2170 2170 2170 2209 2209 2209 2204 2204 2204 2210 2210 2210 2203 2203 2203 2204 2204 2204 2211 2211 2211 2210 2210 2210 2205 2205 2205 2211 2211 2211 2204 2204 2204 2170 2170 2170 2212 2212 2212 2209 2209 2209 2170 2170 2170 2213 2213 2213 2212 2212 2212 2171 2171 2171 2213 2213 2213 2170 2170 2170 2171 2171 2171 2214 2214 2214 2213 2213 2213 2172 2172 2172 2214 2214 2214 2171 2171 2171 2172 2172 2172 2215 2215 2215 2214 2214 2214 2173 2173 2173 2215 2215 2215 2172 2172 2172 2173 2173 2173 2216 2216 2216 2215 2215 2215 2174 2174 2174 2216 2216 2216 2173 2173 2173 2174 2174 2174 2217 2217 2217 2216 2216 2216 2175 2175 2175 2217 2217 2217 2174 2174 2174 2175 2175 2175 2218 2218 2218 2217 2217 2217 2176 2176 2176 2218 2218 2218 2175 2175 2175 2176 2176 2176 2219 2219 2219 2218 2218 2218 2177 2177 2177 2219 2219 2219 2176 2176 2176 2177 2177 2177 2220 2220 2220 2219 2219 2219 2178 2178 2178 2220 2220 2220 2177 2177 2177 2178 2178 2178 2221 2221 2221 2220 2220 2220 2179 2179 2179 2221 2221 2221 2178 2178 2178 2179 2179 2179 2222 2222 2222 2221 2221 2221 2180 2180 2180 2222 2222 2222 2179 2179 2179 2180 2180 2180 2223 2223 2223 2222 2222 2222 2181 2181 2181 2223 2223 2223 2180 2180 2180 2181 2181 2181 2224 2224 2224 2223 2223 2223 2182 2182 2182 2224 2224 2224 2181 2181 2181 2182 2182 2182 2225 2225 2225 2224 2224 2224 2183 2183 2183 2225 2225 2225 2182 2182 2182 2183 2183 2183 2226 2226 2226 2225 2225 2225 2184 2184 2184 2226 2226 2226 2183 2183 2183 2184 2184 2184 2227 2227 2227 2226 2226 2226 2185 2185 2185 2227 2227 2227 2184 2184 2184 2185 2185 2185 2228 2228 2228 2227 2227 2227 2186 2186 2186 2228 2228 2228 2185 2185 2185 2186 2186 2186 2229 2229 2229 2228 2228 2228 2187 2187 2187 2229 2229 2229 2186 2186 2186 2187 2187 2187 2230 2230 2230 2229 2229 2229 2188 2188 2188 2230 2230 2230 2187 2187 2187 2188 2188 2188 2231 2231 2231 2230 2230 2230 2189 2189 2189 2231 2231 2231 2188 2188 2188 2189 2189 2189 2232 2232 2232 2231 2231 2231 2190 2190 2190 2232 2232 2232 2189 2189 2189 2190 2190 2190 2233 2233 2233 2232 2232 2232 2191 2191 2191 2233 2233 2233 2190 2190 2190 2191 2191 2191 2234 2234 2234 2233 2233 2233 2192 2192 2192 2234 2234 2234 2191 2191 2191 2192 2192 2192 2235 2235 2235 2234 2234 2234 2193 2193 2193 2235 2235 2235 2192 2192 2192 2193 2193 2193 2236 2236 2236 2235 2235 2235 2194 2194 2194 2236 2236 2236 2193 2193 2193 2194 2194 2194 2237 2237 2237 2236 2236 2236 2195 2195 2195 2237 2237 2237 2194 2194 2194 2195 2195 2195 2238 2238 2238 2237 2237 2237 2196 2196 2196 2238 2238 2238 2195 2195 2195 2196 2196 2196 2239 2239 2239 2238 2238 2238 2197 2197 2197 2239 2239 2239 2196 2196 2196 2197 2197 2197 2240 2240 2240 2239 2239 2239 2198 2198 2198 2240 2240 2240 2197 2197 2197 2198 2198 2198 2241 2241 2241 2240 2240 2240 2199 2199 2199 2241 2241 2241 2198 2198 2198 2199 2199 2199 2242 2242 2242 2241 2241 2241 2200 2200 2200 2242 2242 2242 2199 2199 2199 2200 2200 2200 2243 2243 2243 2242 2242 2242 2201 2201 2201 2243 2243 2243 2200 2200 2200 2201 2201 2201 2244 2244 2244 2243 2243 2243 2202 2202 2202 2244 2244 2244 2201 2201 2201 2202 2202 2202 2245 2245 2245 2244 2244 2244 2203 2203 2203 2245 2245 2245 2202 2202 2202 2203 2203 2203 2210 2210 2210 2245 2245 2245 2210 2210 2210 2246 2246 2246 2245 2245 2245 2210 2210 2210 2247 2247 2247 2246 2246 2246 2211 2211 2211 2247 2247 2247 2210 2210 2210 2211 2211 2211 2248 2248 2248 2247 2247 2247 2245 2245 2245 2249 2249 2249 2244 2244 2244 2245 2245 2245 2246 2246 2246 2249 2249 2249 2244 2244 2244 2250 2250 2250 2243 2243 2243 2244 2244 2244 2249 2249 2249 2250 2250 2250 2243 2243 2243 2251 2251 2251 2242 2242 2242 2243 2243 2243 2250 2250 2250 2251 2251 2251 2242 2242 2242 2251 2251 2251 2252 2252 2252 2242 2242 2242 2252 2252 2252 2241 2241 2241 2241 2241 2241 2252 2252 2252 2253 2253 2253 2241 2241 2241 2253 2253 2253 2240 2240 2240 2240 2240 2240 2253 2253 2253 2254 2254 2254 2240 2240 2240 2254 2254 2254 2239 2239 2239 2239 2239 2239 2254 2254 2254 2255 2255 2255 2239 2239 2239 2255 2255 2255 2238 2238 2238 2238 2238 2238 2255 2255 2255 2256 2256 2256 2253 2253 2253 2256 2256 2256 2254 2254 2254 2254 2254 2254 2256 2256 2256 2255 2255 2255 2238 2238 2238 2256 2256 2256 2237 2237 2237 2237 2237 2237 2256 2256 2256 2257 2257 2257 2253 2253 2253 2257 2257 2257 2256 2256 2256 2252 2252 2252 2257 2257 2257 2253 2253 2253 2237 2237 2237 2257 2257 2257 2236 2236 2236 2236 2236 2236 2257 2257 2257 2258 2258 2258 2252 2252 2252 2258 2258 2258 2257 2257 2257 2251 2251 2251 2258 2258 2258 2252 2252 2252 2236 2236 2236 2258 2258 2258 2235 2235 2235 2235 2235 2235 2258 2258 2258 2259 2259 2259 2235 2235 2235 2259 2259 2259 2234 2234 2234 2234 2234 2234 2259 2259 2259 2260 2260 2260 2234 2234 2234 2260 2260 2260 2233 2233 2233 2233 2233 2233 2260 2260 2260 2261 2261 2261 2233 2233 2233 2261 2261 2261 2232 2232 2232 2232 2232 2232 2261 2261 2261 2262 2262 2262 2232 2232 2232 2262 2262 2262 2231 2231 2231 2231 2231 2231 2262 2262 2262 2263 2263 2263 2231 2231 2231 2263 2263 2263 2230 2230 2230 2230 2230 2230 2263 2263 2263 2264 2264 2264 2230 2230 2230 2264 2264 2264 2229 2229 2229 2229 2229 2229 2264 2264 2264 2265 2265 2265 2229 2229 2229 2265 2265 2265 2228 2228 2228 2228 2228 2228 2265 2265 2265 2266 2266 2266 2228 2228 2228 2266 2266 2266 2227 2227 2227 2227 2227 2227 2266 2266 2266 2267 2267 2267 2227 2227 2227 2267 2267 2267 2226 2226 2226 2226 2226 2226 2267 2267 2267 2268 2268 2268 2226 2226 2226 2268 2268 2268 2225 2225 2225 2225 2225 2225 2268 2268 2268 2269 2269 2269 2225 2225 2225 2269 2269 2269 2224 2224 2224 2224 2224 2224 2269 2269 2269 2270 2270 2270 2224 2224 2224 2270 2270 2270 2223 2223 2223 2223 2223 2223 2270 2270 2270 2271 2271 2271 2223 2223 2223 2271 2271 2271 2222 2222 2222 2222 2222 2222 2271 2271 2271 2272 2272 2272 2222 2222 2222 2272 2272 2272 2221 2221 2221 2221 2221 2221 2272 2272 2272 2273 2273 2273 2221 2221 2221 2273 2273 2273 2220 2220 2220 2220 2220 2220 2273 2273 2273 2274 2274 2274 2220 2220 2220 2274 2274 2274 2219 2219 2219 2219 2219 2219 2274 2274 2274 2275 2275 2275 2219 2219 2219 2275 2275 2275 2218 2218 2218 2218 2218 2218 2275 2275 2275 2276 2276 2276 2276 2276 2276 2274 2274 2274 2273 2273 2273 2274 2274 2274 2276 2276 2276 2275 2275 2275 2218 2218 2218 2276 2276 2276 2217 2217 2217 2217 2217 2217 2276 2276 2276 2277 2277 2277 2277 2277 2277 2273 2273 2273 2272 2272 2272 2276 2276 2276 2273 2273 2273 2277 2277 2277 2217 2217 2217 2277 2277 2277 2216 2216 2216 2216 2216 2216 2277 2277 2277 2278 2278 2278 2278 2278 2278 2272 2272 2272 2271 2271 2271 2277 2277 2277 2272 2272 2272 2278 2278 2278 2216 2216 2216 2278 2278 2278 2215 2215 2215 2215 2215 2215 2278 2278 2278 2279 2279 2279 2215 2215 2215 2279 2279 2279 2214 2214 2214 2214 2214 2214 2279 2279 2279 2280 2280 2280 2214 2214 2214 2280 2280 2280 2213 2213 2213 2213 2213 2213 2280 2280 2280 2281 2281 2281 2213 2213 2213 2281 2281 2281 2212 2212 2212 2212 2212 2212 2281 2281 2281 2282 2282 2282 2212 2212 2212 2282 2282 2282 2283 2283 2283 2209 2209 2209 2212 2212 2212 2283 2283 2283 2209 2209 2209 2283 2283 2283 2208 2208 2208 2208 2208 2208 2283 2283 2283 2284 2284 2284 2208 2208 2208 2284 2284 2284 2207 2207 2207 2207 2207 2207 2284 2284 2284 2285 2285 2285 2207 2207 2207 2285 2285 2285 2206 2206 2206 2206 2206 2206 2285 2285 2285 2286 2286 2286 2206 2206 2206 2286 2286 2286 2205 2205 2205 2205 2205 2205 2286 2286 2286 2211 2211 2211 2283 2283 2283 2287 2287 2287 2284 2284 2284 2283 2283 2283 2282 2282 2282 2287 2287 2287 2284 2284 2284 2288 2288 2288 2285 2285 2285 2284 2284 2284 2287 2287 2287 2288 2288 2288 2285 2285 2285 2289 2289 2289 2286 2286 2286 2285 2285 2285 2288 2288 2288 2289 2289 2289 2286 2286 2286 2248 2248 2248 2211 2211 2211 2286 2286 2286 2289 2289 2289 2248 2248 2248 2289 2289 2289 2264 2264 2264 2248 2248 2248 2248 2248 2248 2264 2264 2264 2263 2263 2263 2248 2248 2248 2263 2263 2263 2247 2247 2247 2247 2247 2247 2263 2263 2263 2262 2262 2262 2247 2247 2247 2262 2262 2262 2246 2246 2246 2246 2246 2246 2262 2262 2262 2261 2261 2261 2246 2246 2246 2261 2261 2261 2249 2249 2249 2249 2249 2249 2261 2261 2261 2260 2260 2260 2249 2249 2249 2260 2260 2260 2250 2250 2250 2250 2250 2250 2260 2260 2260 2259 2259 2259 2250 2250 2250 2259 2259 2259 2251 2251 2251 2251 2251 2251 2259 2259 2259 2258 2258 2258 2289 2289 2289 2265 2265 2265 2264 2264 2264 2288 2288 2288 2265 2265 2265 2289 2289 2289 2288 2288 2288 2266 2266 2266 2265 2265 2265 2287 2287 2287 2266 2266 2266 2288 2288 2288 2287 2287 2287 2267 2267 2267 2266 2266 2266 2282 2282 2282 2267 2267 2267 2287 2287 2287 2282 2282 2282 2268 2268 2268 2267 2267 2267 2281 2281 2281 2268 2268 2268 2282 2282 2282 2281 2281 2281 2269 2269 2269 2268 2268 2268 2280 2280 2280 2269 2269 2269 2281 2281 2281 2280 2280 2280 2270 2270 2270 2269 2269 2269 2279 2279 2279 2270 2270 2270 2280 2280 2280 2279 2279 2279 2271 2271 2271 2270 2270 2270 2278 2278 2278 2271 2271 2271 2279 2279 2279 2290 2290 2290 1520 1520 1520 1519 1519 1519 2290 2290 2290 1523 1523 1523 1520 1520 1520 1539 1539 1539 1523 1523 1523 2290 2290 2290 2291 2291 2291 2290 2290 2290 1519 1519 1519 2292 2292 2292 2291 2291 2291 1519 1519 1519 2292 2292 2292 1519 1519 1519 1516 1516 1516 1513 1513 1513 2292 2292 2292 1516 1516 1516 1511 1511 1511 2292 2292 2292 1513 1513 1513 1511 1511 1511 1514 1514 1514 2292 2292 2292 1514 1514 1514 2291 2291 2291 2292 2292 2292 1514 1514 1514 2293 2293 2293 2291 2291 2291 1515 1515 1515 2293 2293 2293 1514 1514 1514 1515 1515 1515 2294 2294 2294 2293 2293 2293 2294 2294 2294 2295 2295 2295 2293 2293 2293 2294 2294 2294 2296 2296 2296 2295 2295 2295 2291 2291 2291 2297 2297 2297 2290 2290 2290 2293 2293 2293 2297 2297 2297 2291 2291 2291 2293 2293 2293 2295 2295 2295 2297 2297 2297 2297 2297 2297 1539 1539 1539 2290 2290 2290 2296 2296 2296 2298 2298 2298 2295 2295 2295 2296 2296 2296 2299 2299 2299 2298 2298 2298 2297 2297 2297 2300 2300 2300 1539 1539 1539 2295 2295 2295 2300 2300 2300 2297 2297 2297 2295 2295 2295 2298 2298 2298 2300 2300 2300 2299 2299 2299 2301 2301 2301 2298 2298 2298 2299 2299 2299 2302 2302 2302 2301 2301 2301 2298 2298 2298 2303 2303 2303 2300 2300 2300 2298 2298 2298 2301 2301 2301 2303 2303 2303 2300 2300 2300 2303 2303 2303 1540 1540 1540 2300 2300 2300 1540 1540 1540 1539 1539 1539 2302 2302 2302 2304 2304 2304 2301 2301 2301 2302 2302 2302 2305 2305 2305 2304 2304 2304 2303 2303 2303 1543 1543 1543 1540 1540 1540 2303 2303 2303 2306 2306 2306 1543 1543 1543 2301 2301 2301 2306 2306 2306 2303 2303 2303 2301 2301 2301 2304 2304 2304 2306 2306 2306 2305 2305 2305 2307 2307 2307 2304 2304 2304 2305 2305 2305 2308 2308 2308 2307 2307 2307 2306 2306 2306 1544 1544 1544 1543 1543 1543 2306 2306 2306 2309 2309 2309 1544 1544 1544 2304 2304 2304 2309 2309 2309 2306 2306 2306 2304 2304 2304 2307 2307 2307 2309 2309 2309 2308 2308 2308 2310 2310 2310 2307 2307 2307 2308 2308 2308 2311 2311 2311 2310 2310 2310 2309 2309 2309 1547 1547 1547 1544 1544 1544 2309 2309 2309 2312 2312 2312 1547 1547 1547 2307 2307 2307 2312 2312 2312 2309 2309 2309 2307 2307 2307 2310 2310 2310 2312 2312 2312 2311 2311 2311 2313 2313 2313 2310 2310 2310 2311 2311 2311 2314 2314 2314 2313 2313 2313 2312 2312 2312 1558 1558 1558 1547 1547 1547 2312 2312 2312 2315 2315 2315 1558 1558 1558 2310 2310 2310 2315 2315 2315 2312 2312 2312 2310 2310 2310 2313 2313 2313 2315 2315 2315 2314 2314 2314 2316 2316 2316 2313 2313 2313 2314 2314 2314 2317 2317 2317 2316 2316 2316 2315 2315 2315 1560 1560 1560 1558 1558 1558 2315 2315 2315 2318 2318 2318 1560 1560 1560 2313 2313 2313 2318 2318 2318 2315 2315 2315 2313 2313 2313 2316 2316 2316 2318 2318 2318 2317 2317 2317 2319 2319 2319 2316 2316 2316 2317 2317 2317 2320 2320 2320 2319 2319 2319 2318 2318 2318 1561 1561 1561 1560 1560 1560 2318 2318 2318 2321 2321 2321 1561 1561 1561 2316 2316 2316 2321 2321 2321 2318 2318 2318 2316 2316 2316 2319 2319 2319 2321 2321 2321 2320 2320 2320 2322 2322 2322 2319 2319 2319 2320 2320 2320 2323 2323 2323 2322 2322 2322 2321 2321 2321 1564 1564 1564 1561 1561 1561 2321 2321 2321 2324 2324 2324 1564 1564 1564 2319 2319 2319 2324 2324 2324 2321 2321 2321 2319 2319 2319 2322 2322 2322 2324 2324 2324 2323 2323 2323 2325 2325 2325 2322 2322 2322 2323 2323 2323 2326 2326 2326 2325 2325 2325 2324 2324 2324 2327 2327 2327 1564 1564 1564 2327 2327 2327 1565 1565 1565 1564 1564 1564 2327 2327 2327 1568 1568 1568 1565 1565 1565 1584 1584 1584 1568 1568 1568 2327 2327 2327 2324 2324 2324 2328 2328 2328 2327 2327 2327 2322 2322 2322 2328 2328 2328 2324 2324 2324 2322 2322 2322 2325 2325 2325 2328 2328 2328 2328 2328 2328 1584 1584 1584 2327 2327 2327 2326 2326 2326 2329 2329 2329 2325 2325 2325 2326 2326 2326 2330 2330 2330 2329 2329 2329 2328 2328 2328 2331 2331 2331 1584 1584 1584 2325 2325 2325 2331 2331 2331 2328 2328 2328 2325 2325 2325 2329 2329 2329 2331 2331 2331 2330 2330 2330 2332 2332 2332 2329 2329 2329 2330 2330 2330 2333 2333 2333 2332 2332 2332 2331 2331 2331 1585 1585 1585 1584 1584 1584 2331 2331 2331 2334 2334 2334 1585 1585 1585 2329 2329 2329 2334 2334 2334 2331 2331 2331 2329 2329 2329 2332 2332 2332 2334 2334 2334 2333 2333 2333 2335 2335 2335 2332 2332 2332 2333 2333 2333 2336 2336 2336 2335 2335 2335 2334 2334 2334 1588 1588 1588 1585 1585 1585 2334 2334 2334 2337 2337 2337 1588 1588 1588 2332 2332 2332 2337 2337 2337 2334 2334 2334 2332 2332 2332 2335 2335 2335 2337 2337 2337 2336 2336 2336 2338 2338 2338 2335 2335 2335 2336 2336 2336 2339 2339 2339 2338 2338 2338 2337 2337 2337 1589 1589 1589 1588 1588 1588 2337 2337 2337 2340 2340 2340 1589 1589 1589 2335 2335 2335 2340 2340 2340 2337 2337 2337 2335 2335 2335 2338 2338 2338 2340 2340 2340 2339 2339 2339 2341 2341 2341 2338 2338 2338 2339 2339 2339 2342 2342 2342 2341 2341 2341 2340 2340 2340 1591 1591 1591 1589 1589 1589 2340 2340 2340 2343 2343 2343 1591 1591 1591 2338 2338 2338 2343 2343 2343 2340 2340 2340 2338 2338 2338 2341 2341 2341 2343 2343 2343 2342 2342 2342 2344 2344 2344 2341 2341 2341 2342 2342 2342 2345 2345 2345 2344 2344 2344 2343 2343 2343 1592 1592 1592 1591 1591 1591 2343 2343 2343 2346 2346 2346 1592 1592 1592 2341 2341 2341 2346 2346 2346 2343 2343 2343 2341 2341 2341 2344 2344 2344 2346 2346 2346 2345 2345 2345 2347 2347 2347 2344 2344 2344 2345 2345 2345 2348 2348 2348 2347 2347 2347 2346 2346 2346 1594 1594 1594 1592 1592 1592 2346 2346 2346 2349 2349 2349 1594 1594 1594 2344 2344 2344 2349 2349 2349 2346 2346 2346 2344 2344 2344 2347 2347 2347 2349 2349 2349 2348 2348 2348 2350 2350 2350 2347 2347 2347 2348 2348 2348 2351 2351 2351 2350 2350 2350 2349 2349 2349 1595 1595 1595 1594 1594 1594 2349 2349 2349 2352 2352 2352 1595 1595 1595 2347 2347 2347 2352 2352 2352 2349 2349 2349 2347 2347 2347 2350 2350 2350 2352 2352 2352 2351 2351 2351 2353 2353 2353 2350 2350 2350 2351 2351 2351 2354 2354 2354 2353 2353 2353 2352 2352 2352 1598 1598 1598 1595 1595 1595 2352 2352 2352 2355 2355 2355 1598 1598 1598 2350 2350 2350 2355 2355 2355 2352 2352 2352 2350 2350 2350 2353 2353 2353 2355 2355 2355 2354 2354 2354 2356 2356 2356 2353 2353 2353 2354 2354 2354 2357 2357 2357 2356 2356 2356 2355 2355 2355 2358 2358 2358 1598 1598 1598 2358 2358 2358 1599 1599 1599 1598 1598 1598 2358 2358 2358 1602 1602 1602 1599 1599 1599 1619 1619 1619 1602 1602 1602 2358 2358 2358 1619 1619 1619 1604 1604 1604 1602 1602 1602 2355 2355 2355 2359 2359 2359 2358 2358 2358 2353 2353 2353 2359 2359 2359 2355 2355 2355 2353 2353 2353 2356 2356 2356 2359 2359 2359 1619 1619 1619 2358 2358 2358 2359 2359 2359 1867 1867 1867 2356 2356 2356 2357 2357 2357 1867 1867 1867 2357 2357 2357 1869 1869 1869 1866 1866 1866 2356 2356 2356 1867 1867 1867 1866 1866 1866 2359 2359 2359 2356 2356 2356 1619 1619 1619 2359 2359 2359 1866 1866 1866 2361 2361 2361 2090 2090 2090 2360 2360 2360 2361 2361 2361 2092 2092 2092 2090 2090 2090 2360 2360 2360 2090 2090 2090 2095 2095 2095 2360 2360 2360 2095 2095 2095 2362 2362 2362 2362 2362 2362 2095 2095 2095 2097 2097 2097 2362 2362 2362 2097 2097 2097 2363 2363 2363 2363 2363 2363 2097 2097 2097 2099 2099 2099 2363 2363 2363 2099 2099 2099 2364 2364 2364 2364 2364 2364 2099 2099 2099 2101 2101 2101 2364 2364 2364 2101 2101 2101 2365 2365 2365 2365 2365 2365 2101 2101 2101 2103 2103 2103 2365 2365 2365 2103 2103 2103 2366 2366 2366 2366 2366 2366 2103 2103 2103 2105 2105 2105 2366 2366 2366 2105 2105 2105 2367 2367 2367 2367 2367 2367 2105 2105 2105 2107 2107 2107 2367 2367 2367 2107 2107 2107 2368 2368 2368 2368 2368 2368 2107 2107 2107 2109 2109 2109 2368 2368 2368 2109 2109 2109 2369 2369 2369 2369 2369 2369 2109 2109 2109 2111 2111 2111 2369 2369 2369 2111 2111 2111 2370 2370 2370 2370 2370 2370 2111 2111 2111 2113 2113 2113 2370 2370 2370 2113 2113 2113 2371 2371 2371 2371 2371 2371 2113 2113 2113 2115 2115 2115 2371 2371 2371 2115 2115 2115 2372 2372 2372 2372 2372 2372 2115 2115 2115 2117 2117 2117 2372 2372 2372 2117 2117 2117 2373 2373 2373 2373 2373 2373 2117 2117 2117 2119 2119 2119 2373 2373 2373 2119 2119 2119 2374 2374 2374 2374 2374 2374 2119 2119 2119 2121 2121 2121 2374 2374 2374 2121 2121 2121 2375 2375 2375 2375 2375 2375 2121 2121 2121 2123 2123 2123 2375 2375 2375 2123 2123 2123 2376 2376 2376 2376 2376 2376 2123 2123 2123 2125 2125 2125 2376 2376 2376 2125 2125 2125 2377 2377 2377 2377 2377 2377 2125 2125 2125 2127 2127 2127 2377 2377 2377 2127 2127 2127 2378 2378 2378 2378 2378 2378 2127 2127 2127 2129 2129 2129 2378 2378 2378 2129 2129 2129 2379 2379 2379 2379 2379 2379 2129 2129 2129 2131 2131 2131 2379 2379 2379 2131 2131 2131 2380 2380 2380 2380 2380 2380 2131 2131 2131 2133 2133 2133 2380 2380 2380 2133 2133 2133 2381 2381 2381 2381 2381 2381 2133 2133 2133 2135 2135 2135 2381 2381 2381 2135 2135 2135 2382 2382 2382 2382 2382 2382 2135 2135 2135 2137 2137 2137 2382 2382 2382 2137 2137 2137 2383 2383 2383 2383 2383 2383 2137 2137 2137 2139 2139 2139 2383 2383 2383 2139 2139 2139 2384 2384 2384 2384 2384 2384 2139 2139 2139 2141 2141 2141 2384 2384 2384 2141 2141 2141 2385 2385 2385 2385 2385 2385 2141 2141 2141 2143 2143 2143 2385 2385 2385 2143 2143 2143 2386 2386 2386 2386 2386 2386 2143 2143 2143 2145 2145 2145 2386 2386 2386 2145 2145 2145 2387 2387 2387 2387 2387 2387 2145 2145 2145 2147 2147 2147 2387 2387 2387 2147 2147 2147 2388 2388 2388 2388 2388 2388 2147 2147 2147 2149 2149 2149 2388 2388 2388 2149 2149 2149 2389 2389 2389 2389 2389 2389 2149 2149 2149 2151 2151 2151 2389 2389 2389 2151 2151 2151 2390 2390 2390 2390 2390 2390 2151 2151 2151 2153 2153 2153 2390 2390 2390 2153 2153 2153 2391 2391 2391 2391 2391 2391 2153 2153 2153 2155 2155 2155 2391 2391 2391 2155 2155 2155 2392 2392 2392 2392 2392 2392 2155 2155 2155 2157 2157 2157 2392 2392 2392 2157 2157 2157 2393 2393 2393 2393 2393 2393 2157 2157 2157 2159 2159 2159 2393 2393 2393 2159 2159 2159 2394 2394 2394 2394 2394 2394 2159 2159 2159 2161 2161 2161 2394 2394 2394 2161 2161 2161 2395 2395 2395 2395 2395 2395 2161 2161 2161 2163 2163 2163 2395 2395 2395 2163 2163 2163 2396 2396 2396 2396 2396 2396 2163 2163 2163 2165 2165 2165 2396 2396 2396 2165 2165 2165 2397 2397 2397 2397 2397 2397 2165 2165 2165 2167 2167 2167 2397 2397 2397 2167 2167 2167 2398 2398 2398 2398 2398 2398 2167 2167 2167 2169 2169 2169 2398 2398 2398 2169 2169 2169 2399 2399 2399 2399 2399 2399 2169 2169 2169 2092 2092 2092 2399 2399 2399 2092 2092 2092 2361 2361 2361 2393 2393 2393 2394 2394 2394 2400 2400 2400 2393 2393 2393 2400 2400 2400 2401 2401 2401 2392 2392 2392 2393 2393 2393 2401 2401 2401 2392 2392 2392 2401 2401 2401 2402 2402 2402 2391 2391 2391 2392 2392 2392 2402 2402 2402 2391 2391 2391 2402 2402 2402 2403 2403 2403 2390 2390 2390 2391 2391 2391 2403 2403 2403 2390 2390 2390 2403 2403 2403 2404 2404 2404 2389 2389 2389 2390 2390 2390 2404 2404 2404 2389 2389 2389 2404 2404 2404 2405 2405 2405 2388 2388 2388 2389 2389 2389 2405 2405 2405 2388 2388 2388 2405 2405 2405 2406 2406 2406 2387 2387 2387 2388 2388 2388 2406 2406 2406 2387 2387 2387 2406 2406 2406 2407 2407 2407 2386 2386 2386 2387 2387 2387 2407 2407 2407 2386 2386 2386 2407 2407 2407 2408 2408 2408 2385 2385 2385 2386 2386 2386 2408 2408 2408 2385 2385 2385 2408 2408 2408 2409 2409 2409 2384 2384 2384 2385 2385 2385 2409 2409 2409 2384 2384 2384 2409 2409 2409 2410 2410 2410 2383 2383 2383 2384 2384 2384 2410 2410 2410 2383 2383 2383 2410 2410 2410 2411 2411 2411 2382 2382 2382 2383 2383 2383 2411 2411 2411 2382 2382 2382 2411 2411 2411 2412 2412 2412 2381 2381 2381 2382 2382 2382 2412 2412 2412 2381 2381 2381 2412 2412 2412 2413 2413 2413 2380 2380 2380 2381 2381 2381 2413 2413 2413 2380 2380 2380 2413 2413 2413 2414 2414 2414 2379 2379 2379 2380 2380 2380 2414 2414 2414 2379 2379 2379 2414 2414 2414 2415 2415 2415 2378 2378 2378 2379 2379 2379 2415 2415 2415 2378 2378 2378 2415 2415 2415 2416 2416 2416 2377 2377 2377 2378 2378 2378 2416 2416 2416 2377 2377 2377 2416 2416 2416 2417 2417 2417 2376 2376 2376 2377 2377 2377 2417 2417 2417 2376 2376 2376 2417 2417 2417 2418 2418 2418 2375 2375 2375 2376 2376 2376 2418 2418 2418 2375 2375 2375 2418 2418 2418 2419 2419 2419 2374 2374 2374 2375 2375 2375 2419 2419 2419 2374 2374 2374 2419 2419 2419 2420 2420 2420 2373 2373 2373 2374 2374 2374 2420 2420 2420 2373 2373 2373 2420 2420 2420 2421 2421 2421 2372 2372 2372 2373 2373 2373 2421 2421 2421 2372 2372 2372 2421 2421 2421 2422 2422 2422 2371 2371 2371 2372 2372 2372 2422 2422 2422 2371 2371 2371 2422 2422 2422 2423 2423 2423 2370 2370 2370 2371 2371 2371 2423 2423 2423 2370 2370 2370 2423 2423 2423 2424 2424 2424 2369 2369 2369 2370 2370 2370 2424 2424 2424 2369 2369 2369 2424 2424 2424 2425 2425 2425 2368 2368 2368 2369 2369 2369 2425 2425 2425 2368 2368 2368 2425 2425 2425 2426 2426 2426 2367 2367 2367 2368 2368 2368 2426 2426 2426 2367 2367 2367 2426 2426 2426 2427 2427 2427 2366 2366 2366 2367 2367 2367 2427 2427 2427 2366 2366 2366 2427 2427 2427 2428 2428 2428 2365 2365 2365 2366 2366 2366 2428 2428 2428 2365 2365 2365 2428 2428 2428 2429 2429 2429 2364 2364 2364 2365 2365 2365 2429 2429 2429 2364 2364 2364 2429 2429 2429 2430 2430 2430 2363 2363 2363 2364 2364 2364 2430 2430 2430 2363 2363 2363 2430 2430 2430 2431 2431 2431 2362 2362 2362 2363 2363 2363 2431 2431 2431 2362 2362 2362 2431 2431 2431 2432 2432 2432 2360 2360 2360 2362 2362 2362 2432 2432 2432 2360 2360 2360 2432 2432 2432 2433 2433 2433 2361 2361 2361 2360 2360 2360 2433 2433 2433 2361 2361 2361 2433 2433 2433 2434 2434 2434 2434 2434 2434 2399 2399 2399 2361 2361 2361 2434 2434 2434 2435 2435 2435 2399 2399 2399 2398 2398 2398 2399 2399 2399 2435 2435 2435 2398 2398 2398 2435 2435 2435 2436 2436 2436 2397 2397 2397 2398 2398 2398 2436 2436 2436 2397 2397 2397 2436 2436 2436 2437 2437 2437 2396 2396 2396 2397 2397 2397 2437 2437 2437 2396 2396 2396 2437 2437 2437 2438 2438 2438 2395 2395 2395 2396 2396 2396 2438 2438 2438 2395 2395 2395 2438 2438 2438 2439 2439 2439 2394 2394 2394 2395 2395 2395 2439 2439 2439 2394 2394 2394 2439 2439 2439 2400 2400 2400 1417 1417 1417 2440 2440 2440 1902 1902 1902 1417 1417 1417 1557 1557 1557 2440 2440 2440 1417 1417 1417 1419 1419 1419 1557 1557 1557 2441 2441 2441 1902 1902 1902 2440 2440 2440 2441 2441 2441 1901 1901 1901 1902 1902 1902 2441 2441 2441 1911 1911 1911 1901 1901 1901 2441 2441 2441 1915 1915 1915 1911 1911 1911 2440 2440 2440 2442 2442 2442 2441 2441 2441 2440 2440 2440 2443 2443 2443 2442 2442 2442 2443 2443 2443 2444 2444 2444 2442 2442 2442 2443 2443 2443 2445 2445 2445 2444 2444 2444 2444 2444 2444 2445 2445 2445 1556 1556 1556 2444 2444 2444 1556 1556 1556 1932 1932 1932 1917 1917 1917 2441 2441 2441 2442 2442 2442 1917 1917 1917 1915 1915 1915 2441 2441 2441 1920 1920 1920 2442 2442 2442 2444 2444 2444 1920 1920 1920 1917 1917 1917 2442 2442 2442 1922 1922 1922 2444 2444 2444 1932 1932 1932 1922 1922 1922 1920 1920 1920 2444 2444 2444 2446 2446 2446 1556 1556 1556 2445 2445 2445 2446 2446 2446 1555 1555 1555 1556 1556 1556 2447 2447 2447 1555 1555 1555 2446 2446 2446 2447 2447 2447 2445 2445 2445 2443 2443 2443 2447 2447 2447 2446 2446 2446 2445 2445 2445 2447 2447 2447 1557 1557 1557 1555 1555 1555 2447 2447 2447 2440 2440 2440 1557 1557 1557 2447 2447 2447 2443 2443 2443 2440 2440 2440 1951 1951 1951 1425 1425 1425 1427 1427 1427 2448 2448 2448 1425 1425 1425 1951 1951 1951 1425 1425 1425 2448 2448 2448 1549 1549 1549 2448 2448 2448 2449 2449 2449 1549 1549 1549 1549 1549 1549 2449 2449 2449 1545 1545 1545 2450 2450 2450 2449 2449 2449 2448 2448 2448 2449 2449 2449 2450 2450 2450 2451 2451 2451 2450 2450 2450 2452 2452 2452 2451 2451 2451 2450 2450 2450 2453 2453 2453 2452 2452 2452 2452 2452 2452 2453 2453 2453 2454 2454 2454 2452 2452 2452 2454 2454 2454 2455 2455 2455 2455 2455 2455 2454 2454 2454 1950 1950 1950 2455 2455 2455 1950 1950 1950 2456 2456 2456 2449 2449 2449 2451 2451 2451 2457 2457 2457 2451 2451 2451 2458 2458 2458 2457 2457 2457 2451 2451 2451 2459 2459 2459 2458 2458 2458 2452 2452 2452 2459 2459 2459 2451 2451 2451 1942 1942 1942 2456 2456 2456 1950 1950 1950 1942 1942 1942 1940 1940 1940 2456 2456 2456 2460 2460 2460 2458 2458 2458 2459 2459 2459 2460 2460 2460 2461 2461 2461 2458 2458 2458 2461 2461 2461 2462 2462 2462 2458 2458 2458 2461 2461 2461 2463 2463 2463 2462 2462 2462 2463 2463 2463 2464 2464 2464 2462 2462 2462 2463 2463 2463 2465 2465 2465 2464 2464 2464 2464 2464 2464 2465 2465 2465 2466 2466 2466 2464 2464 2464 2466 2466 2466 2467 2467 2467 2467 2467 2467 2466 2466 2466 1537 1537 1537 2467 2467 2467 1537 1537 1537 1538 1538 1538 1960 1960 1960 2456 2456 2456 1940 1940 1940 2468 2468 2468 2467 2467 2467 1538 1538 1538 2464 2464 2464 2467 2467 2467 2468 2468 2468 2468 2468 2468 1538 1538 1538 1526 1526 1526 2468 2468 2468 1526 1526 1526 1527 1527 1527 2468 2468 2468 1527 1527 1527 1541 1541 1541 1541 1541 1541 2469 2469 2469 2468 2468 2468 2464 2464 2464 2468 2468 2468 2469 2469 2469 2462 2462 2462 2464 2464 2464 2469 2469 2469 1541 1541 1541 2470 2470 2470 2469 2469 2469 2470 2470 2470 2471 2471 2471 2469 2469 2469 2462 2462 2462 2469 2469 2469 2471 2471 2471 2470 2470 2470 2472 2472 2472 2471 2471 2471 2471 2471 2471 2472 2472 2472 2449 2449 2449 2471 2471 2471 2449 2449 2449 2457 2457 2457 2458 2458 2458 2471 2471 2471 2457 2457 2457 2458 2458 2458 2462 2462 2462 2471 2471 2471 2473 2473 2473 2449 2449 2449 2472 2472 2472 2473 2473 2473 2472 2472 2472 2470 2470 2470 2473 2473 2473 1545 1545 1545 2449 2449 2449 2473 2473 2473 1542 1542 1542 1545 1545 1545 2473 2473 2473 2474 2474 2474 1542 1542 1542 2474 2474 2474 1541 1541 1541 1542 1542 1542 2474 2474 2474 2470 2470 2470 1541 1541 1541 2473 2473 2473 2470 2470 2470 2474 2474 2474 1437 1437 1437 2475 2475 2475 1949 1949 1949 1437 1437 1437 1455 1455 1455 2475 2475 2475 1437 1437 1437 1439 1439 1439 1455 1455 1455 2476 2476 2476 1949 1949 1949 2475 2475 2475 2476 2476 2476 1948 1948 1948 1949 1949 1949 2476 2476 2476 1958 1958 1958 1948 1948 1948 2476 2476 2476 1962 1962 1962 1958 1958 1958 2475 2475 2475 2477 2477 2477 2476 2476 2476 2475 2475 2475 2478 2478 2478 2477 2477 2477 2478 2478 2478 2479 2479 2479 2477 2477 2477 2478 2478 2478 2480 2480 2480 2479 2479 2479 2479 2479 2479 2480 2480 2480 1461 1461 1461 2479 2479 2479 1461 1461 1461 1972 1972 1972 1964 1964 1964 2476 2476 2476 2477 2477 2477 1964 1964 1964 1962 1962 1962 2476 2476 2476 1967 1967 1967 2477 2477 2477 2479 2479 2479 1967 1967 1967 1964 1964 1964 2477 2477 2477 1969 1969 1969 2479 2479 2479 1972 1972 1972 1969 1969 1969 1967 1967 1967 2479 2479 2479 2481 2481 2481 1461 1461 1461 2480 2480 2480 2481 2481 2481 2480 2480 2480 2478 2478 2478 2481 2481 2481 1456 1456 1456 1461 1461 1461 2481 2481 2481 1455 1455 1455 1456 1456 1456 2481 2481 2481 2482 2482 2482 1455 1455 1455 2481 2481 2481 2478 2478 2478 2482 2482 2482 2482 2482 2482 2475 2475 2475 1455 1455 1455 2482 2482 2482 2478 2478 2478 2475 2475 2475 1654 1654 1654 2483 2483 2483 1668 1668 1668 1654 1654 1654 1637 1637 1637 2483 2483 2483 1654 1654 1654 1638 1638 1638 1637 1637 1637 2066 2066 2066 1668 1668 1668 2483 2483 2483 2066 2066 2066 1667 1667 1667 1668 1668 1668 2483 2483 2483 2068 2068 2068 2066 2066 2066 2483 2483 2483 2484 2484 2484 2068 2068 2068 2484 2484 2484 2070 2070 2070 2068 2068 2068 2484 2484 2484 2485 2485 2485 2070 2070 2070 2070 2070 2070 2485 2485 2485 1635 1635 1635 2486 2486 2486 1635 1635 1635 2485 2485 2485 2486 2486 2486 1634 1634 1634 1635 1635 1635 2487 2487 2487 1634 1634 1634 2486 2486 2486 2487 2487 2487 1637 1637 1637 1634 1634 1634 2487 2487 2487 2483 2483 2483 1637 1637 1637 2487 2487 2487 2484 2484 2484 2483 2483 2483 2487 2487 2487 2485 2485 2485 2484 2484 2484 2487 2487 2487 2486 2486 2486 2485 2485 2485 1643 1643 1643 2488 2488 2488 1628 1628 1628 1643 1643 1643 1680 1680 1680 2488 2488 2488 1643 1643 1643 1645 1645 1645 1680 1680 1680 2488 2488 2488 2489 2489 2489 1628 1628 1628 1628 1628 1628 2489 2489 2489 1624 1624 1624 2490 2490 2490 2489 2489 2489 2488 2488 2488 2489 2489 2489 2490 2490 2490 2491 2491 2491 2490 2490 2490 2492 2492 2492 2491 2491 2491 2490 2490 2490 2493 2493 2493 2492 2492 2492 2492 2492 2492 2493 2493 2493 2494 2494 2494 2492 2492 2492 2494 2494 2494 2495 2495 2495 2495 2495 2495 2494 2494 2494 1679 1679 1679 2495 2495 2495 1679 1679 1679 2496 2496 2496 2489 2489 2489 2491 2491 2491 2497 2497 2497 2491 2491 2491 2498 2498 2498 2497 2497 2497 2491 2491 2491 2499 2499 2499 2498 2498 2498 2492 2492 2492 2499 2499 2499 2491 2491 2491 1675 1675 1675 2496 2496 2496 1679 1679 1679 1675 1675 1675 1676 1676 1676 2496 2496 2496 2500 2500 2500 2498 2498 2498 2499 2499 2499 2500 2500 2500 2501 2501 2501 2498 2498 2498 2501 2501 2501 2502 2502 2502 2498 2498 2498 2501 2501 2501 2503 2503 2503 2502 2502 2502 2502 2502 2502 2503 2503 2503 2504 2504 2504 2502 2502 2502 2504 2504 2504 2505 2505 2505 2505 2505 2505 2504 2504 2504 2506 2506 2506 2505 2505 2505 2506 2506 2506 2507 2507 2507 2507 2507 2507 2506 2506 2506 1616 1616 1616 2507 2507 2507 1616 1616 1616 1617 1617 1617 1681 1681 1681 2496 2496 2496 1676 1676 1676 2508 2508 2508 2507 2507 2507 1617 1617 1617 2505 2505 2505 2507 2507 2507 2508 2508 2508 2508 2508 2508 1617 1617 1617 1605 1605 1605 2508 2508 2508 1605 1605 1605 1606 1606 1606 2508 2508 2508 1606 1606 1606 1620 1620 1620 1620 1620 1620 2509 2509 2509 2508 2508 2508 2505 2505 2505 2508 2508 2508 2509 2509 2509 2502 2502 2502 2505 2505 2505 2509 2509 2509 1620 1620 1620 2510 2510 2510 2509 2509 2509 2510 2510 2510 2511 2511 2511 2509 2509 2509 2502 2502 2502 2509 2509 2509 2511 2511 2511 2510 2510 2510 2512 2512 2512 2511 2511 2511 2511 2511 2511 2512 2512 2512 2489 2489 2489 2511 2511 2511 2489 2489 2489 2497 2497 2497 2498 2498 2498 2511 2511 2511 2497 2497 2497 2498 2498 2498 2502 2502 2502 2511 2511 2511 2513 2513 2513 2489 2489 2489 2512 2512 2512 2513 2513 2513 2512 2512 2512 2510 2510 2510 2513 2513 2513 1624 1624 1624 2489 2489 2489 2513 2513 2513 1621 1621 1621 1624 1624 1624 2513 2513 2513 2514 2514 2514 1621 1621 1621 2514 2514 2514 1620 1620 1620 1621 1621 1621 2514 2514 2514 2510 2510 2510 1620 1620 1620 2513 2513 2513 2510 2510 2510 2514 2514 2514 1961 1961 1961 2515 2515 2515 1960 1960 1960 1961 1961 1961 2516 2516 2516 2515 2515 2515 1960 1960 1960 2515 2515 2515 2456 2456 2456 2456 2456 2456 2515 2515 2515 2517 2517 2517 2516 2516 2516 2517 2517 2517 2515 2515 2515 2456 2456 2456 2517 2517 2517 2455 2455 2455 2455 2455 2455 2517 2517 2517 2518 2518 2518 2455 2455 2455 2518 2518 2518 2452 2452 2452 2452 2452 2452 2518 2518 2518 2459 2459 2459 2516 2516 2516 2519 2519 2519 2517 2517 2517 2518 2518 2518 2460 2460 2460 2459 2459 2459 2518 2518 2518 2520 2520 2520 2460 2460 2460 2517 2517 2517 2520 2520 2520 2518 2518 2518 2517 2517 2517 2519 2519 2519 2520 2520 2520 1914 1914 1914 2521 2521 2521 1913 1913 1913 1914 1914 1914 2522 2522 2522 2521 2521 2521 1913 1913 1913 2521 2521 2521 2040 2040 2040 2040 2040 2040 2521 2521 2521 2523 2523 2523 2522 2522 2522 2523 2523 2523 2521 2521 2521 2040 2040 2040 2523 2523 2523 2039 2039 2039 2039 2039 2039 2523 2523 2523 2524 2524 2524 2039 2039 2039 2524 2524 2524 2036 2036 2036 2036 2036 2036 2524 2524 2524 2043 2043 2043 2522 2522 2522 2525 2525 2525 2523 2523 2523 2524 2524 2524 2044 2044 2044 2043 2043 2043 2524 2524 2524 2526 2526 2526 2044 2044 2044 2523 2523 2523 2526 2526 2526 2524 2524 2524 2523 2523 2523 2525 2525 2525 2526 2526 2526 1690 1690 1690 2527 2527 2527 1681 1681 1681 1690 1690 1690 2528 2528 2528 2527 2527 2527 1681 1681 1681 2527 2527 2527 2496 2496 2496 2496 2496 2496 2527 2527 2527 2529 2529 2529 2528 2528 2528 2529 2529 2529 2527 2527 2527 2496 2496 2496 2529 2529 2529 2495 2495 2495 2495 2495 2495 2529 2529 2529 2530 2530 2530 2495 2495 2495 2530 2530 2530 2492 2492 2492 2492 2492 2492 2530 2530 2530 2499 2499 2499 2528 2528 2528 2531 2531 2531 2529 2529 2529 2530 2530 2530 2500 2500 2500 2499 2499 2499 2530 2530 2530 2532 2532 2532 2500 2500 2500 2529 2529 2529 2532 2532 2532 2530 2530 2530 2529 2529 2529 2531 2531 2531 2532 2532 2532 2065 2065 2065 2533 2533 2533 2063 2063 2063 2067 2067 2067 2533 2533 2533 2065 2065 2065 2067 2067 2067 2534 2534 2534 2533 2533 2533 2535 2535 2535 2534 2534 2534 2067 2067 2067 2535 2535 2535 2067 2067 2067 2069 2069 2069 2082 2082 2082 2535 2535 2535 2069 2069 2069 2026 2026 2026 2014 2014 2014 2012 2012 2012 2026 2026 2026 2536 2536 2536 2014 2014 2014 2536 2536 2536 2016 2016 2016 2014 2014 2014 2536 2536 2536 2537 2537 2537 2016 2016 2016 2016 2016 2016 2537 2537 2537 2027 2027 2027 1702 1702 1702 2538 2538 2538 1708 1708 1708 1712 1712 1712 2538 2538 2538 1702 1702 1702 1712 1712 1712 1702 1702 1702 1704 1704 1704 2539 2539 2539 1903 1903 1903 2038 2038 2038 2539 2539 2539 1904 1904 1904 1903 1903 1903 2539 2539 2539 2032 2032 2032 1904 1904 1904 2539 2539 2539 2540 2540 2540 2032 2032 2032 2540 2540 2540 2034 2034 2034 2032 2032 2032 2540 2540 2540 2037 2037 2037 2034 2034 2034 2539 2539 2539 2037 2037 2037 2540 2540 2540 2539 2539 2539 2038 2038 2038 2037 2037 2037 2541 2541 2541 1950 1950 1950 2454 2454 2454 2541 2541 2541 1951 1951 1951 1950 1950 1950 2542 2542 2542 1951 1951 1951 2541 2541 2541 2542 2542 2542 2541 2541 2541 2454 2454 2454 2542 2542 2542 2448 2448 2448 1951 1951 1951 2542 2542 2542 2450 2450 2450 2448 2448 2448 2542 2542 2542 2453 2453 2453 2450 2450 2450 2542 2542 2542 2454 2454 2454 2453 2453 2453 2543 2543 2543 1993 1993 1993 2007 2007 2007 2543 2543 2543 1994 1994 1994 1993 1993 1993 2543 2543 2543 2001 2001 2001 1994 1994 1994 2543 2543 2543 2544 2544 2544 2001 2001 2001 2544 2544 2544 2003 2003 2003 2001 2001 2001 2544 2544 2544 2006 2006 2006 2003 2003 2003 2543 2543 2543 2006 2006 2006 2544 2544 2544 2543 2543 2543 2007 2007 2007 2006 2006 2006 2545 2545 2545 1679 1679 1679 2494 2494 2494 2545 2545 2545 1680 1680 1680 1679 1679 1679 2545 2545 2545 2488 2488 2488 1680 1680 1680 2545 2545 2545 2546 2546 2546 2488 2488 2488 2546 2546 2546 2490 2490 2490 2488 2488 2488 2546 2546 2546 2493 2493 2493 2490 2490 2490 2545 2545 2545 2493 2493 2493 2546 2546 2546 2545 2545 2545 2494 2494 2494 2493 2493 2493 2547 2547 2547 1596 1596 1596 1711 1711 1711 2547 2547 2547 1593 1593 1593 1596 1596 1596 2548 2548 2548 1593 1593 1593 2547 2547 2547 2548 2548 2548 2547 2547 2547 1711 1711 1711 2548 2548 2548 1394 1394 1394 1593 1593 1593 2548 2548 2548 1395 1395 1395 1394 1394 1394 2548 2548 2548 1710 1710 1710 1395 1395 1395 2548 2548 2548 1711 1711 1711 1710 1710 1710</p>
        </triangles>
      </mesh>
    </geometry>
  </library_geometries>
  <library_materials>
    <material id="1845c37500fc49ea93d99ae1a2864f37" name="defaultmaterial">
      <instance_effect url="#19464ba97561494eb982853f0128ecbd" />
    </material>
  </library_materials>
  <library_visual_scenes>
    <visual_scene id="scene">
      <node id="node0" name="node0">
        <instance_geometry url="#74464bf73e6b4664b8ebc58c6226531c">
          <bind_material>
            <technique_common>
              <instance_material symbol="material0" target="#1845c37500fc49ea93d99ae1a2864f37"><bind_vertex_input semantic="UVSET0" input_semantic="TEXCOORD" input_set="0" /></instance_material>
            </technique_common>
          </bind_material>
        </instance_geometry>
      </node>
    </visual_scene>
  </library_visual_scenes>
  <scene>
    <instance_visual_scene url="#scene" />
  </scene>
<library_images><image id="bottle-image"><init_from>bottle_texture.jpg</init_from></image></library_images></COLLADA>